Country Name,Country Code,Time,Time Code,Access to electricity (% of population) [EG.ELC.ACCS.ZS],Access to clean fuels and technologies for cooking (% of population) [EG.CFT.ACCS.ZS],Renewable energy consumption (% of total final energy consumption) [EG.FEC.RNEW.ZS],GDP per capita (constant LCU) [NY.GDP.PCAP.KN],GDP growth (annual %) [NY.GDP.MKTP.KD.ZG],Carbon dioxide (CO2) emissions excluding LULUCF per capita (t CO2e/capita) [EN.GHG.CO2.PC.CE.AR5],Population density (people per sq. km of land area) [EN.POP.DNST],Land area (sq. km) [AG.LND.TOTL.K2]
Afghanistan,AFG,2011,YR2011,43.2,21.3,12.6,35406.6213245682,0.426354776777345,0.392640542832169,44.9959492816951,652230
Afghanistan,AFG,2012,YR2012,69.1,22.9,15.4,38338.0661520206,12.7522870926697,0.323442048526517,46.8546892967205,652230
Afghanistan,AFG,2013,YR2013,68,24.4,16.9,39124.7894392586,5.60074465863221,0.266539509081829,48.4839765113534,652230
Afghanistan,AFG,2014,YR2014,89.5,25.8,19.1,38757.0223828157,2.72454336219565,0.242701667084292,50.2775447311531,652230
Afghanistan,AFG,2015,YR2015,71.5,27.5,17.7,38111.6956952052,1.45131466066431,0.24909135686806,51.8709105683578,652230
Afghanistan,AFG,2016,YR2016,97.7,28.9,20.2,37997.3144825227,2.26031420279821,0.219353479990497,53.2030296061205,652230
Afghanistan,AFG,2017,YR2017,97.7,30.15,19.5,37923.0033062068,2.6470032027451,0.2913283907183,54.7183278904681,652230
Afghanistan,AFG,2018,YR2018,93.4,31.7,18.3,37273.100608254,1.18922812944517,0.321418704642259,56.3344817012404,652230
Afghanistan,AFG,2019,YR2019,97.7,33.3,18.9,37592.2682041301,3.91160341625552,0.319752781855278,58.0410606687825,652230
Afghanistan,AFG,2020,YR2020,97.7,34.6,18.2,35568.8588637036,-2.35110067203466,0.310824605884889,59.9006163469942,652230
Afghanistan,AFG,2021,YR2021,97.7,35.9,20,27535.8163810913,-20.7388393676343,0.312156784785117,61.3286907992579,652230
Afghanistan,AFG,2022,YR2022,85.3,37.1,20,25449.5187418113,-6.24017199240269,0.278420956418618,62.2155405301811,652230
Afghanistan,AFG,2023,YR2023,85.3,38.6,..,25476.5188490654,2.26694373649188,0.280995468771367,63.5585008355948,652230
Afghanistan,AFG,2024,YR2024,..,..,..,..,..,0.2829802981146,..,..
Afghanistan,AFG,2025,YR2025,..,..,..,..,..,..,..,..
Albania,ALB,2011,YR2011,99.7,68.6,35.8,483629.498673927,2.46351683915714,1.72129581663193,106.02901459854,27400
Albania,ALB,2012,YR2012,99.9,70.8,39.9,495984.001233261,0.984129880204108,1.58649537107597,104.405401459854,27400
Albania,ALB,2013,YR2013,99.9,72.8,41.1,512296.371013262,1.7072283175406,1.69345614437421,102.806642335766,27400
Albania,ALB,2014,YR2014,100,74.7,38.6,531918.1941021,2.24022695382642,1.83944794209463,101.232372262774,27400
Albania,ALB,2015,YR2015,100,76.5,38.5,552223.822599772,2.2277040745779,1.78508860089342,99.6822262773723,27400
Albania,ALB,2016,YR2016,99.9,78,39.4,582733.227823039,3.90893551362245,1.68739628528903,98.155802919708,27400
Albania,ALB,2017,YR2017,99.9,79.7,36.9,611225.111685487,3.28317593330073,2.0244422333699,96.6527372262774,27400
Albania,ALB,2018,YR2018,100,80.9,37.8,643519.676362572,3.67141928098908,2.04549315439886,95.1727372262774,27400
Albania,ALB,2019,YR2019,100,82.1,40.1,667006.587776856,2.06257790176122,1.94096037816015,93.7153649635036,27400
Albania,ALB,2020,YR2020,100,83.4,44.4,654932.665554009,-3.31375636888916,1.80646079858255,92.2802919708029,27400
Albania,ALB,2021,YR2021,100,84.5,41.9,724775.663657811,8.96957619074095,2.0532886275877,90.8672262773723,27400
Albania,ALB,2022,YR2022,100,85.4,..,771574.34288777,4.8268006234359,1.84525761573088,89.4757664233577,27400
Albania,ALB,2023,YR2023,100,86.1,..,815036.627514659,4.01541716935742,1.74914408919284,88.1056569343066,27400
Albania,ALB,2024,YR2024,..,..,..,861199.968323119,4.04592845095348,1.7852214941728,..,..
Albania,ALB,2025,YR2025,..,..,..,..,..,..,..,..
Algeria,DZA,2011,YR2011,99,99.3,0.2,182576.195825553,2.99999999941909,3.38189926038203,15.4942924080714,2381740
Algeria,DZA,2012,YR2012,98.8,99.4,0.2,183269.188030994,2.40000000034432,3.72600758334859,15.8061610419273,2381740
Algeria,DZA,2013,YR2013,99.2,99.5,0.1,184274.866025353,2.60000000061164,3.79361564251901,16.1286164736705,2381740
Algeria,DZA,2014,YR2014,99.3,99.5,0.1,187960.459186985,4.09999999866501,3.95441595238121,16.4606678310815,2381740
Algeria,DZA,2015,YR2015,99.4,99.6,0.1,190027.311151013,3.20000000089023,4.11245469680565,16.8026368106356,2381741
Algeria,DZA,2016,YR2016,99.4,99.6,0.1,193421.086141907,3.90000000017621,3.93495625205734,17.1516218598076,2381741
Algeria,DZA,2017,YR2017,99.5,99.6,0.1,192373.387899854,1.49999999895587,3.98952018838216,17.5037080018356,2381741
Algeria,DZA,2018,YR2018,99.6,99.7,0.2,191322.991535003,1.40000000088281,4.1125786627396,17.846203680417,2381741
Algeria,DZA,2019,YR2019,99.5,99.7,0.2,189524.568879877,0.899999999219148,4.19651934911155,18.1776961381175,2381740
Algeria,DZA,2020,YR2020,99.7,99.7,0.1,176992.303959864,-4.99999999908597,3.90423106841135,18.4915612115512,2381740
Algeria,DZA,2021,YR2021,99.8,99.7,0.1,180766.906129807,3.79999999900707,4.05087238809753,18.7934447084904,2381740
Algeria,DZA,2022,YR2022,100,99.7,..,184324.854159943,3.60000000094915,4.16005852930563,19.0941870229328,2381740
Algeria,DZA,2023,YR2023,100,99.7,..,189027.355404843,4.10000000005964,4.12827519079225,19.3825602290762,2381740
Algeria,DZA,2024,YR2024,..,..,..,193299.307989344,3.69999999907979,3.98080005796518,..,..
Algeria,DZA,2025,YR2025,..,..,..,..,..,..,..,..
American Samoa,ASM,2011,YR2011,..,..,0,12186.9022679661,0,0.0018216595318335,274.475,200
American Samoa,ASM,2012,YR2012,..,..,0.1,11745.4899153958,-4.33482810164425,0.00183523279928059,272.445,200
American Samoa,ASM,2013,YR2013,..,..,0.2,11554.2717475836,-2.5,0.00185164611339481,270.03,200
American Samoa,ASM,2014,YR2014,..,..,0.2,11876.7066921034,1.76282051282051,0.00187034751056746,267.33,200
American Samoa,ASM,2015,YR2015,..,..,0.2,12387.0040470517,3.14960629921259,0.00189114565603843,264.39,200
American Samoa,ASM,2016,YR2016,..,..,0.2,12326.5384247296,-1.67938931297709,0.00191405876160398,261.225,200
American Samoa,ASM,2017,YR2017,..,..,0.3,11611.6775869422,-6.98757763975155,0.00193851044857132,257.93,200
American Samoa,ASM,2018,YR2018,..,..,0.3,12080.6160132003,2.6711185308848,0.00196432780702444,254.54,200
American Samoa,ASM,2019,YR2019,..,..,0.4,12189.0497719532,-0.487804878048777,0.00199167479933876,251.045,200
American Samoa,ASM,2020,YR2020,..,..,0.4,12841.381805028,4.41176470588236,0.00200960591627982,248.805,200
American Samoa,ASM,2021,YR2021,..,..,0.4,12879.6343321483,-0.782472613458523,0.00203148806500762,246.125,200
American Samoa,ASM,2022,YR2022,..,..,0.4,13342.4351495594,1.73501577287065,0.00206859459683091,241.71,200
American Samoa,ASM,2023,YR2023,..,..,..,..,..,0.00210433282127901,237.605,200
American Samoa,ASM,2024,YR2024,..,..,..,..,..,0.0021383513311237,..,..
American Samoa,ASM,2025,YR2025,..,..,..,..,..,..,..,..
Andorra,AND,2011,YR2011,100,100,18.6,33453.3252767314,-0.00806975341139093,..,165.495744680851,470
Andorra,AND,2012,YR2012,100,100,18.8,32181.8465783377,-4.97444371853503,..,163.476595744681,470
Andorra,AND,2013,YR2013,100,100,19.1,31717.1582839056,-3.54759651549344,..,159.987234042553,470
Andorra,AND,2014,YR2014,100,100,19.4,33153.9118759917,2.50446552114518,..,156.887234042553,470
Andorra,AND,2015,YR2015,100,100,19,34357.6634245019,1.43414039522716,..,153.56170212766,470
Andorra,AND,2016,YR2016,100,100,18.9,35628.7665729209,3.70967806978986,..,153.576595744681,470
Andorra,AND,2017,YR2017,100,100,18,34985.290728414,0.346071889630295,..,156.942553191489,470
Andorra,AND,2018,YR2018,100,100,17.6,34879.5934115644,1.58876549046354,..,159.91914893617,470
Andorra,AND,2019,YR2019,100,100,17.2,34972.1473965008,2.01554763848308,..,162.710638297872,470
Andorra,AND,2020,YR2020,100,100,20.9,30697.2085810287,-11.1839399355384,..,164.63829787234,470
Andorra,AND,2021,YR2021,100,100,18.4,32823.6179878516,8.28677879049404,..,166.731914893617,470
Andorra,AND,2022,YR2022,100,100,18.7,35358.0076532213,9.56461225648184,..,169.585106382979,470
Andorra,AND,2023,YR2023,100,100,..,35755.1696843772,2.58355480961319,..,172.034042553191,470
Andorra,AND,2024,YR2024,..,..,..,36472.6988698772,3.37182032638998,..,..,..
Andorra,AND,2025,YR2025,..,..,..,..,..,..,..,..
Angola,AGO,2011,YR2011,34.6,44.9,51.7,543877.574621428,3.59386960240222,0.976536306021153,19.4259661506377,1246700
Angola,AGO,2012,YR2012,37.3,45.6,49,567645.502081474,8.50312283866612,0.981682218580684,20.1952306088073,1246700
Angola,AGO,2013,YR2013,38.4,46.1,46.8,572878.207941482,4.88306129688392,1.09052642360471,20.9879040667362,1246700
Angola,AGO,2014,YR2014,32,46.8,47.5,577582.804026167,4.65572356315585,1.13720270585859,21.7861305847437,1246700
Angola,AGO,2015,YR2015,42,47,47.1,561383.291853525,0.763177710914789,1.17503861630089,22.5858650838213,1246700
Angola,AGO,2016,YR2016,41.8,48,48.1,532449.433928099,-1.70053036291208,1.07167614647808,23.4082537900056,1246700
Angola,AGO,2017,YR2017,42.9,48.2,52.5,513159.50965295,-0.149396225571834,0.92592191412033,24.2518962059838,1246700
Angola,AGO,2018,YR2018,45.3,48.8,52.5,492794.64856697,-0.59441122698307,0.824809795011719,25.1039985561883,1246700
Angola,AGO,2019,YR2019,45.6,49.2,51,475403.924802815,-0.204680245744115,0.833846270553112,25.969063928772,1246700
Angola,AGO,2020,YR2020,47,49.4,60.1,441518.964169631,-4.04244724639663,0.613970253682297,26.8317413972888,1246700
Angola,AGO,2021,YR2021,48.2,49.8,52.9,436687.241757205,2.10275251923413,0.740292552255736,27.6990687414775,1246700
Angola,AGO,2022,YR2022,48.5,50,..,441016.588748697,4.21600258475137,0.748810952279567,28.5834835966953,1246700
Angola,AGO,2023,YR2023,51.1,50.2,..,433039.906970712,1.26330814020108,0.743838637301548,29.4777460495709,1246700
Angola,AGO,2024,YR2024,..,..,..,438638.821564326,4.42390664406875,0.741712294740973,..,..
Angola,AGO,2025,YR2025,..,..,..,..,..,..,..,..
Antigua and Barbuda,ATG,2011,YR2011,94.6,100,0.1,42752.6293842376,-1.95874262217572,2.46490293286383,196.209090909091,440
Antigua and Barbuda,ATG,2012,YR2012,100,100,0.1,43724.7306898923,3.37314273947959,2.59912903965162,198.318181818182,440
Antigua and Barbuda,ATG,2013,YR2013,100,100,0.1,43065.1571584302,-0.600982329599361,2.95012718023256,200.145454545455,440
Antigua and Barbuda,ATG,2014,YR2014,100,100,0.1,43664.2820931673,2.19829188738797,3.15101672956683,201.738636363636,440
Antigua and Barbuda,ATG,2015,YR2015,100,100,0.4,43966.0436868772,1.42161997595372,3.25470590209039,203.202272727273,440
Antigua and Barbuda,ATG,2016,YR2016,100,100,0.4,45492.6696973402,4.1203675438061,3.50009447698652,204.475,440
Antigua and Barbuda,ATG,2017,YR2017,100,100,0.4,46469.0277225096,2.71272657973627,3.06406685236769,205.609090909091,440
Antigua and Barbuda,ATG,2018,YR2018,100,100,0.7,49338.2530849262,6.71200487159726,3.15861249807536,206.65,440
Antigua and Barbuda,ATG,2019,YR2019,100,100,0.7,50659.3406593407,3.1722219373937,3.74983582154897,207.645454545455,440
Antigua and Barbuda,ATG,2020,YR2020,100,100,0.9,40884.8507283932,-18.8687765208148,3.54941968076998,208.740909090909,440
Antigua and Barbuda,ATG,2021,YR2021,100,100,0.9,43985.4248557104,8.17286311186622,3.58964363447357,209.884090909091,440
Antigua and Barbuda,ATG,2022,YR2022,100,100,0.9,47737.7208099957,9.10780623385958,3.69452822059457,211,440
Antigua and Barbuda,ATG,2023,YR2023,100,100,..,48647.0701701745,2.42736300110336,3.68747053024133,212.081818181818,440
Antigua and Barbuda,ATG,2024,YR2024,..,..,..,50180.5821140639,3.65638765956977,3.79857526767052,..,..
Antigua and Barbuda,ATG,2025,YR2025,..,..,..,..,..,..,..,..
Argentina,ARG,2011,YR2011,99,99.4,8.8,17032.5989859734,6.00395169280579,4.42921822947444,15.2485886234831,2736690
Argentina,ARG,2012,YR2012,99.1,99.5,8.6,16685.4192099986,-1.0264204544321,4.47886128746974,15.4061004351973,2736690
Argentina,ARG,2013,YR2013,99.3,99.6,8.9,16917.9326391585,2.40532378079436,4.53658672333476,15.5598387102668,2736690
Argentina,ARG,2014,YR2014,100,99.7,9.8,16323.560966604,-2.51261532081394,4.41674615124171,15.7212073709481,2736690
Argentina,ARG,2015,YR2015,99.7,99.8,9.4,16594.6810374181,2.73115982828944,4.51258701954955,15.8867142423877,2736690
Argentina,ARG,2016,YR2016,99.9,99.8,9.4,16092.7747508315,-2.08032784377811,4.4223010437306,16.0413905118958,2736690
Argentina,ARG,2017,YR2017,100,99.8,10.4,16401.1760555592,2.81850297775918,4.32102910494897,16.1833799224611,2736690
Argentina,ARG,2018,YR2018,100,99.9,10.5,15840.9878454051,-2.61739646282038,4.25075806940885,16.3171137395905,2736690
Argentina,ARG,2019,YR2019,100,99.9,10.7,15414.0625722301,-2.00086100285785,4.07504069344001,16.4335255363231,2736690
Argentina,ARG,2020,YR2020,100,99.9,9.8,13820.8481574103,-9.9004848136464,3.72002854932287,16.5133665121004,2736690
Argentina,ARG,2021,YR2021,100,99.9,9.2,15223.4652234788,10.4418119882506,4.09769704597303,16.5573305708721,2736690
Argentina,ARG,2022,YR2022,100,99.9,..,16106.0425449279,6.02074537534855,4.2953116708492,16.5922716858687,2736690
Argentina,ARG,2023,YR2023,100,99.9,..,15761.8508212443,-1.85578803046339,4.16990486776205,16.6399559321662,2736690
Argentina,ARG,2024,YR2024,..,..,..,15496.4958061355,-1.34293072157739,4.01066531653131,..,..
Argentina,ARG,2025,YR2025,..,..,..,..,..,..,..,..
Armenia,ARM,2011,YR2011,99.5,96.3,8,1314411.69880115,4.69999999867412,1.61963737243634,106.354056902002,28470
Armenia,ARM,2012,YR2012,99.5,96.8,6.6,1410819.91336265,7.20000000096486,1.87480572732383,106.220583069898,28470
Armenia,ARM,2013,YR2013,99.4,97.1,6.8,1458389.70764394,3.3,1.81763732627399,106.146821215314,28470
Armenia,ARM,2014,YR2014,99.7,97.4,7.1,1515002.59791625,3.60000000058993,1.91144070608534,105.858798735511,28470
Armenia,ARM,2015,YR2015,100,97.6,10.7,1568270.02066831,3.19999999896625,1.86953338214737,105.535651563049,28470
Armenia,ARM,2016,YR2016,99.8,97.8,13.2,1577865.90659359,0.199999999825991,1.79624369214317,105.103617843344,28470
Armenia,ARM,2017,YR2017,99.7,98.1,12.6,1703549.96435524,7.50000000164144,1.90951198227831,104.650509308044,28470
Armenia,ARM,2018,YR2018,99.9,98.2,11.1,1798412.1641967,5.19999999965324,2.00458066689121,104.285212504391,28470
Armenia,ARM,2019,YR2019,100,98.4,10.3,1939337.25900422,7.59999999853918,2.16867510548523,104.056902002107,28470
Armenia,ARM,2020,YR2020,100,98.5,8.4,1800312.67685295,-7.19999999920631,2.33479655579943,105.027376627853,28197.41
Armenia,ARM,2021,YR2021,100,98.6,9.1,1904216.41970766,5.80000000065645,2.51946122945009,105.056940272915,28197.09
Armenia,ARM,2022,YR2022,100,98.7,..,2139164.9932305,12.5999999997766,2.61828101845615,105.297053157777,28198.32
Armenia,ARM,2023,YR2023,100,98.8,..,2320545.2281483,8.29999999959539,2.52966973653139,105.119108748259,28199.44
Armenia,ARM,2024,YR2024,..,..,..,2401398.04212955,5.90000000046228,2.47028185264546,..,..
Armenia,ARM,2025,YR2025,..,..,..,..,..,..,..,..
Aruba,ABW,2011,YR2011,100,..,5.7,45189.5400181302,3.36923718421511,2.83358189314852,569.95,180
Aruba,ABW,2012,YR2012,100,..,6.9,44066.7390260302,-1.04079988436683,3.60580155604649,578.388888888889,180
Aruba,ABW,2013,YR2013,100,..,6.9,46206.2928791105,6.43146080719245,3.90631653655075,587.083333333333,180
Aruba,ABW,2014,YR2014,100,..,6.9,46368.5363091288,1.42609864257801,4.12987912777252,593.372222222222,180
Aruba,ABW,2015,YR2015,100,..,6.7,47553.8175239282,3.61147995361162,4.28613793486924,599.477777777778,180
Aruba,ABW,2016,YR2016,100,..,7,47777.2789286033,1.23433537363427,4.46439246921188,604.038888888889,180
Aruba,ABW,2017,YR2017,100,..,6.8,49442.706719567,3.49342985290626,4.29576493309422,604.083333333333,180
Aruba,ABW,2018,YR2018,100,..,8.6,50949.9767551558,3.21247111920076,4.27241341315606,605.044444444444,180
Aruba,ABW,2019,YR2019,100,..,8.3,51434.849161402,1.22511225158814,4.66562273930203,606.683333333333,180
Aruba,ABW,2020,YR2020,100,..,9.1,39365.0070508174,-23.8979898352395,4.50053873852303,603.261111111111,180
Aruba,ABW,2021,YR2021,100,..,8.8,45535.6761914656,14.7306159219273,4.71123491179201,598.333333333333,180
Aruba,ABW,2022,YR2022,99.9,..,8.8,50562.1410560437,10.6364309604414,4.99021526418787,596.166666666667,180
Aruba,ABW,2023,YR2023,100,..,..,54434.0076209493,7.70679839650956,5.00284093555268,596.438888888889,180
Aruba,ABW,2024,YR2024,..,..,..,57798.9823092436,6.81077669324542,5.14838649937497,..,..
Aruba,ABW,2025,YR2025,..,..,..,..,..,..,..,..
Australia,AUS,2011,YR2011,100,100,8.3,87026.585110204,2.39473494330615,18.480821685778,2.90798641031983,7682300
Australia,AUS,2012,YR2012,100,100,8.3,88900.6141386718,3.95247138119184,18.1834489375025,2.95920036968095,7682300
Australia,AUS,2013,YR2013,100,100,9.2,89703.1489231144,2.65445302592404,17.5432435542019,3.01057352615753,7682300
Australia,AUS,2014,YR2014,100,100,9.3,90673.8997957291,2.60118978187332,16.8873574131124,3.05581479504836,7682300
Australia,AUS,2015,YR2015,100,100,9.4,91312.7081190603,2.16434780647852,16.8219551608068,3.10011259648803,7682300
Australia,AUS,2016,YR2016,100,100,9.6,92374.7919001135,2.75564065529868,16.8911897350521,3.14493553058884,7692020
Australia,AUS,2017,YR2017,100,100,9.9,92949.8351291861,2.29331030192918,16.7209445382487,3.19715601363491,7692020
Australia,AUS,2018,YR2018,100,100,9.8,94201.526098877,2.87417039499501,16.3939979308791,3.24534491589985,7692020
Australia,AUS,2019,YR2019,100,100,10.3,94856.4241175369,2.19401703622717,16.1007065925773,3.29365056253104,7692020
Australia,AUS,2020,YR2020,100,100,11.2,93568.5131977359,-0.133531904304775,15.3043785143331,3.33452695130798,7692020
Australia,AUS,2021,YR2021,100,100,12.3,95312.0004460119,2.00694844335034,14.9787241100123,3.33922844714392,7692020
Australia,AUS,2022,YR2022,100,100,..,98092.7540596634,4.25304559238732,14.530502863688,3.38256023775289,7692020
Australia,AUS,2023,YR2023,100,100,..,99164.4311637521,3.58382100798981,14.1596700845561,3.46591948538875,7692020
Australia,AUS,2024,YR2024,..,..,..,98541.8805704139,1.37340773365975,14.0973544987552,..,..
Australia,AUS,2025,YR2025,..,..,..,..,..,..,..,..
Austria,AUT,2011,YR2011,100,100,31.6,43356.1860293628,2.92746800169145,8.6022725227944,101.692232186137,82520
Austria,AUT,2012,YR2012,100,100,34.4,43430.1034247842,0.628246239479637,8.18751763791919,102.156943771207,82520
Austria,AUT,2013,YR2013,100,100,34.6,43066.6339379961,-0.250726423318454,8.2087562440867,102.760821619001,82520
Austria,AUT,2014,YR2014,100,100,35.7,43054.3252586248,0.755798850316665,7.71395434498633,103.567086766844,82520
Austria,AUT,2015,YR2015,100,100,34.8,43129.3516064831,1.30352331826198,7.79423187131705,104.734597673291,82520
Austria,AUT,2016,YR2016,100,100,34.6,43568.7867502805,2.11721964494312,7.75747687791272,105.873339796413,82520
Austria,AUT,2017,YR2017,100,100,34,44250.3362861955,2.27224992038207,7.96641934826064,106.61131846825,82520
Austria,AUT,2018,YR2018,100,100,34.1,45129.2643272947,2.48422114080024,7.60710822359904,107.131858943286,82520
Austria,AUT,2019,YR2019,100,100,34,45717.5257209524,1.75497619649288,7.74519365039325,107.609306834707,82520
Austria,AUT,2020,YR2020,100,100,35.8,42651.5284970142,-6.31825509209936,7.05586627765098,108.057004362579,82520
Austria,AUT,2021,YR2021,100,100,36,44556.757706768,4.92309171717903,7.39223990896623,108.528805138148,82520
Austria,AUT,2022,YR2022,100,100,..,46485.3958553398,5.33096379400371,6.92858132698714,109.571631119729,82520
Austria,AUT,2023,YR2023,100,100,..,45665.817140856,-0.786244288594673,6.40359510066021,110.661185167232,82520
Austria,AUT,2024,YR2024,..,..,..,45136.3778006974,-0.659089573171372,6.32278424603578,..,..
Austria,AUT,2025,YR2025,..,..,..,..,..,..,..,..
Azerbaijan,AZE,2011,YR2011,99.9,94.4,3.5,2873.11059685284,-1.5729973511111,3.21257348402642,110.976336228798,82658
Azerbaijan,AZE,2012,YR2012,100,95.2,2.8,2897.64368449181,2.20293891708398,3.47266029417207,112.460790244138,82658
Azerbaijan,AZE,2013,YR2013,100,95.9,2.5,3027.55093794591,5.84341590483928,3.52686650169203,113.923480806688,82659
Azerbaijan,AZE,2014,YR2014,100,96.4,2.1,3073.64332272444,2.79758521448559,3.64178419497101,115.348813858679,82663
Azerbaijan,AZE,2015,YR2015,100,96.9,2.3,3069.12430600183,1.04954641215085,3.57774691556657,116.731076781631,82663
Azerbaijan,AZE,2016,YR2016,100,97.3,1.9,2942.0265014329,-3.06359842251706,3.52696895574541,118.033288980283,82670
Azerbaijan,AZE,2017,YR2017,100,97.6,1.9,2917.77395103101,0.153614661745507,3.47329869912147,119.208741622511,82662
Azerbaijan,AZE,2018,YR2018,100,97.9,1.9,2936.00666453986,1.50040167167313,3.49731397232391,120.25759188908,82654
Azerbaijan,AZE,2019,YR2019,100,98.2,1.7,2983.44752437656,2.47980879185565,3.68923143929596,121.280071139933,82654
Azerbaijan,AZE,2020,YR2020,100,98.4,1.3,2838.68016642226,-4.19896065333343,3.50800312410799,122.124736829369,82646
Azerbaijan,AZE,2021,YR2021,100,98.6,1.3,2984.9144731326,5.61644027150554,3.69156864195704,122.658802177858,82650
Azerbaijan,AZE,2022,YR2022,100,98.8,..,3124.40901753109,4.71468033247649,3.91289240245969,122.707271627344,82650
Azerbaijan,AZE,2023,YR2023,100,98.9,..,3162.92298037869,1.35447749115767,4.1112835014681,122.854906231095,82650
Azerbaijan,AZE,2024,YR2024,..,..,..,3275.93091328582,4.07140205008956,3.81144251153847,..,..
Azerbaijan,AZE,2025,YR2025,..,..,..,..,..,..,..,..
"Bahamas, The",BHS,2011,YR2011,100,100,1.4,31561.1641814332,0.613170735890648,2.29791057463905,37.1357642357642,10010
"Bahamas, The",BHS,2012,YR2012,100,100,1.4,32659.154284375,4.52003886739061,2.70887876229462,37.5093906093906,10010
"Bahamas, The",BHS,2013,YR2013,100,100,1.4,31432.3939908115,-2.86320081549439,2.87924887782918,37.8574425574426,10010
"Bahamas, The",BHS,2014,YR2014,100,100,1.4,31732.8366876102,1.8469701294558,2.97228863347441,38.1916083916084,10010
"Bahamas, The",BHS,2015,YR2015,100,100,1.4,31795.8406211561,0.997411675486745,2.90751688093298,38.4961038961039,10010
"Bahamas, The",BHS,2016,YR2016,100,100,1.2,31208.7204133435,-1.15650811269629,3.20959657780469,38.7667332667333,10010
"Bahamas, The",BHS,2017,YR2017,100,100,1.1,32060.1303507177,3.3713988456489,3.51818891890854,39.0094905094905,10010
"Bahamas, The",BHS,2018,YR2018,100,100,1.1,32642.3353203452,2.39795510823548,3.08262692982478,39.2324675324675,10010
"Bahamas, The",BHS,2019,YR2019,100,100,1.1,32208.0192563502,-0.838585871193203,3.67517577753848,39.4280719280719,10010
"Bahamas, The",BHS,2020,YR2020,100,100,1.4,25660.3926105749,-20.0893664891399,2.96390417897101,39.5467532467532,10010
"Bahamas, The",BHS,2021,YR2021,100,100,1.1,30134.242241525,17.5861390037409,3.65514300923625,39.5977022977023,10010
"Bahamas, The",BHS,2022,YR2022,100,100,1.1,33314.2995135056,10.8779009410268,3.53551107063979,39.7140859140859,10010
"Bahamas, The",BHS,2023,YR2023,100,100,..,34166.3328660124,3.04824180553773,3.52944121770479,39.9040959040959,10010
"Bahamas, The",BHS,2024,YR2024,..,..,..,35158.4791780364,3.37866553336166,3.63633645083395,..,..
"Bahamas, The",BHS,2025,YR2025,..,..,..,..,..,..,..,..
Bahrain,BHR,2011,YR2011,100,100,0,8596.83519941089,1.92815791170796,24.2703050994962,1558.0443285528,767
Bahrain,BHR,2012,YR2012,100,100,0,8820.84991778084,3.80302899043062,24.9936309104324,1570.08311688312,770
Bahrain,BHR,2013,YR2013,100,100,0,8959.92709810396,5.29262224906203,25.6391882801584,1627.52077922078,770
Bahrain,BHR,2014,YR2014,100,100,0,8909.67485748105,4.30885692657077,25.3239482048013,1705.00907911803,771
Bahrain,BHR,2015,YR2015,100,100,0,8761.48087821694,2.50787205267615,24.4242594076429,1761.33933161954,778
Bahrain,BHR,2016,YR2016,100,100,0,8754.54968161009,3.81499327422425,23.4996762017411,1827.63286264442,779
Bahrain,BHR,2017,YR2017,100,100,0,8714.53638492961,4.95383534123657,22.4846714044751,1924.50769230769,780
Bahrain,BHR,2018,YR2018,100,100,0,8881.72439326694,2.05258864979861,22.5016316377385,1931.99357326478,778
Bahrain,BHR,2019,YR2019,100,100,0,9182.17011422363,2.05287774418655,24.8338675631303,1902.25128205128,780
Bahrain,BHR,2020,YR2020,100,100,0,8707.16965855276,-5.9113629524152,25.0238418045325,1875.41910828025,785
Bahrain,BHR,2021,YR2021,100,100,0,8891.69184340237,4.35004091668986,24.8329361557867,1904.25949367089,790
Bahrain,BHR,2022,YR2022,100,100,..,9315.33757943402,6.18016125475185,25.4678810750754,1929.99113924051,790
Bahrain,BHR,2023,YR2023,100,100,..,9355.28727840873,3.87811614845566,24.5323732339754,1971.32375,800
Bahrain,BHR,2024,YR2024,..,..,..,9528.725285931,2.60379670648454,23.8999918170545,..,..
Bahrain,BHR,2025,YR2025,..,..,..,..,..,..,..,..
Bangladesh,BGD,2011,YR2011,59.6,13.4,38.4,98869.1798408913,6.46437912497728,0.425203089273234,1179.92683413997,130170
Bangladesh,BGD,2012,YR2012,65.5,14.5,37.3,104312.402962838,6.52145877906443,0.450583313929743,1191.28909118845,130170
Bangladesh,BGD,2013,YR2013,61.5,15.5,37,109552.451403575,6.01360565834344,0.460477953853579,1202.52086502266,130170
Bangladesh,BGD,2014,YR2014,62.4,16.8,35.4,115138.59071845,6.0610593588495,0.485260877115325,1213.52791733886,130170
Bangladesh,BGD,2015,YR2015,74,18.1,33.1,121591.52773581,6.55263987816197,0.536099232905876,1224.42328493508,130170
Bangladesh,BGD,2016,YR2016,75.9,19.4,30.2,129083.773460293,7.11347821270093,0.584484613989962,1235.3993393255,130170
Bangladesh,BGD,2017,YR2017,88,20.6,28.1,136424.900703757,6.59024999794057,0.622997104678737,1245.95641852962,130170
Bangladesh,BGD,2018,YR2018,86.9,22,27,145213.358628597,7.31941263014136,0.643225929977613,1256.22726434662,130170
Bangladesh,BGD,2019,YR2019,92.2,23.1,26.1,155338.569163005,7.88191515117722,0.662908100271382,1266.90523930245,130170
Bangladesh,BGD,2020,YR2020,96.2,24.6,27.2,159356.367337233,3.44801755122445,0.626122292349066,1277.54493354844,130170
Bangladesh,BGD,2021,YR2021,99,25.9,25,169030.405039032,6.93867912442445,0.702428158073895,1287.99918568026,130170
Bangladesh,BGD,2022,YR2022,99.4,27.2,..,179186.554040884,7.09982877575158,0.713556533909868,1300.36002610164,130260
Bangladesh,BGD,2023,YR2023,99.5,28.4,..,187233.291958995,5.77511237007889,0.693947563901367,1319.17979689183,129980
Bangladesh,BGD,2024,YR2024,..,..,..,192784.756031555,4.22325911250161,0.715539343541092,..,..
Bangladesh,BGD,2025,YR2025,..,..,..,..,..,..,..,..
Barbados,BRB,2011,YR2011,100,100,4.1,53049.0079271671,-0.310320187825369,2.45854442871163,642.183720930233,430
Barbados,BRB,2012,YR2012,100,100,3.8,51090.1356982429,-3.41390821153806,2.32398587409456,644.041860465116,430
Barbados,BRB,2013,YR2013,100,100,3.1,50053.8418597951,-1.771174940631,2.63158842490051,645.732558139535,430
Barbados,BRB,2014,YR2014,100,100,3,50306.8101800624,0.752615446604594,2.39628091453864,647.320930232558,430
Barbados,BRB,2015,YR2015,100,100,3,49603.5700204308,-1.17048018967635,2.57894548191691,648.813953488372,430
Barbados,BRB,2016,YR2016,100,100,2.8,50236.4108470018,1.49650622520576,2.76396826872867,650.227906976744,430
Barbados,BRB,2017,YR2017,100,100,4.3,50488.8086204497,0.708386729317951,2.43387074322467,651.560465116279,430
Barbados,BRB,2018,YR2018,100,100,4.9,49748.6739030533,-1.2760241773002,2.77224618914114,652.816279069767,430
Barbados,BRB,2019,YR2019,100,100,3.4,49774.0098930681,0.227712137486577,3.08882780300633,653.96976744186,430
Barbados,BRB,2020,YR2020,100,100,4.7,42549.8228599422,-14.3647119341564,2.38766338419158,655.111627906977,430
Barbados,BRB,2021,YR2021,100,100,5.5,42440.9970689038,-0.0967779613221893,2.30908001857188,656.155813953488,430
Barbados,BRB,2022,YR2022,100,100,5.5,49721.9447573304,17.2264626793379,2.4401561359885,656.553488372093,430
Barbados,BRB,2023,YR2023,100,100,..,51167.7575654539,2.914357359625,2.44602176130568,656.595348837209,430
Barbados,BRB,2024,YR2024,..,..,..,52413.5562738302,2.4822621396186,2.52348061897496,..,..
Barbados,BRB,2025,YR2025,..,..,..,..,..,..,..,..
Belarus,BLR,2011,YR2011,95,99,7.5,20098.5860278178,5.54997471638077,6.65434111179211,46.6297521068454,202910
Belarus,BLR,2012,YR2012,95.6,99.2,7.2,20473.8808422206,1.70785253368828,6.80323020321301,46.5593029044007,202899
Belarus,BLR,2013,YR2013,96.2,99.3,7,20686.2953184039,0.998719299661161,6.82283812148219,46.5393725235082,202908
Belarus,BLR,2014,YR2014,96.8,99.4,6.7,21016.047696384,1.65112470228097,6.77047133861776,46.5506003261518,202973
Belarus,BLR,2015,YR2015,97.4,99.5,6.8,20184.3898833494,-3.82957056812593,6.25386583936119,46.611337189252,202978
Belarus,BLR,2016,YR2016,98,99.5,6.7,19657.191015377,-2.5264464460425,6.23725167194174,46.6499448243246,202988
Belarus,BLR,2017,YR2017,98.7,99.6,7.3,20177.0858809541,2.53218349471909,6.3666212107869,46.5987595325832,202988
Belarus,BLR,2018,YR2018,99.3,99.7,7.2,20857.0519616667,3.14919758275296,6.722115187495,46.5010592176569,202980
Belarus,BLR,2019,YR2019,100,99.7,7.8,21201.4785411685,1.44645548204305,6.50202478662403,46.4107506220284,202965
Belarus,BLR,2020,YR2020,100,99.7,8.4,21148.2151934253,-0.672742918585868,6.20046882969124,46.211212927382,202980
Belarus,BLR,2021,YR2021,100,99.8,8.2,21844.1643586165,2.43886210234947,6.30387145078492,45.8368317319537,202950
Belarus,BLR,2022,YR2022,100,99.7,..,20994.7452723326,-4.65839591328999,6.05700801391753,45.4607172767131,202990
Belarus,BLR,2023,YR2023,100,99.7,..,21979.65243665,4.12654007153881,5.86387585149229,45.217077292187,202983
Belarus,BLR,2024,YR2024,..,..,..,22975.3228780015,4.00984852465452,5.93649429972465,..,..
Belarus,BLR,2025,YR2025,..,..,..,..,..,..,..,..
Belgium,BEL,2011,YR2011,100,100,6.7,39666.7265794694,1.93115502411325,9.46659728377578,363.902812118814,30333
Belgium,BEL,2012,YR2012,100,100,7.7,39506.5622081777,0.215803612089744,9.27476642514783,366.166617215574,30333
Belgium,BEL,2013,YR2013,100,100,8.3,39440.9129445678,0.305494549070232,9.35170659157785,367.896581281113,30333
Belgium,BEL,2014,YR2014,100,100,9.1,39959.4720590679,1.76554038149924,8.72331187181937,369.533412455082,30333
Belgium,BEL,2015,YR2015,100,100,9.4,40314.2627642805,1.47416433731927,9.08415110044211,371.680875614018,30333
Belgium,BEL,2016,YR2016,100,100,9.2,40589.3893987886,1.19350273007754,8.94429666461985,373.567467774371,30333
Belgium,BEL,2017,YR2017,100,100,9.7,41029.504820944,1.47446761556785,8.77081443615992,375.009329772855,30333
Belgium,BEL,2018,YR2018,100,100,10.7,41610.1910431158,1.87796847383565,8.79128601300038,374.74351490506,30493
Belgium,BEL,2019,YR2019,100,100,10.2,42396.9229644407,2.4428900448156,8.73127988733552,376.761985964452,30494
Belgium,BEL,2020,YR2020,100,100,12.3,40191.2484387193,-4.7929839083518,7.96694296814415,378.38932248967,30494
Belgium,BEL,2021,YR2021,100,100,11.7,42529.5793830503,6.25445686466593,8.2875698190821,379.949990161999,30494
Belgium,BEL,2022,YR2022,100,100,..,43856.2834058634,3.9562379757933,7.6776616173853,383.033055683085,30494
Belgium,BEL,2023,YR2023,100,100,..,44230.3555551104,1.71412195515242,7.27763098404696,386.303731881682,30494
Belgium,BEL,2024,YR2024,..,..,..,44407.2787620134,1.07045413019414,7.30661519351762,..,..
Belgium,BEL,2025,YR2025,..,..,..,..,..,..,..,..
Belize,BLZ,2011,YR2011,91.7,83.6,42.2,11626.5418670447,-0.13007112300869,0.45829794254777,14.3488820692679,22810
Belize,BLZ,2012,YR2012,90.9,83.5,47.9,11827.9216779202,3.94389321816617,0.487120754513866,14.6608505041648,22810
Belize,BLZ,2013,YR2013,91.1,83.3,38,12049.0139830868,4.06646561608865,0.602118684998551,14.977071459886,22810
Belize,BLZ,2014,YR2014,91.5,83.4,37.4,12256.2410617815,3.89226067249989,0.586089194464108,15.2969311705392,22810
Belize,BLZ,2015,YR2015,91.8,83.5,30.3,12332.6396937696,2.7602602736023,0.693733109198418,15.6217886891714,22810
Belize,BLZ,2016,YR2016,93.3,83.4,33.3,12047.2790337396,-0.0187414958130319,0.715098504270575,15.9888206926786,22810
Belize,BLZ,2017,YR2017,94.2,83.4,37.2,11557.161805135,-1.83323729057784,0.762857648136934,16.3613327487944,22810
Belize,BLZ,2018,YR2018,91.7,83.3,35.5,11436.9164654705,0.822068592512508,0.748502206582401,16.6692678649715,22810
Belize,BLZ,2019,YR2019,92.7,83.4,30.4,11750.5825119418,4.25658710030072,1.03206342706225,16.9149057430951,22810
Belize,BLZ,2020,YR2020,96.8,83.2,31.4,10031.9992733079,-13.5228997055506,0.815225735136076,17.1333625602806,22810
Belize,BLZ,2021,YR2021,97.7,83.2,26.6,11700.9993777602,17.9899244143607,0.850141395132365,17.3321350284963,22810
Belize,BLZ,2022,YR2022,98.6,83,30.8,12548.9264599623,9.25051329530994,0.88023578897185,17.6559842174485,22810
Belize,BLZ,2023,YR2023,99.6,82.9,..,12354.8247897136,0.500127941638667,0.913632980301917,18.0230600613766,22810
Belize,BLZ,2024,YR2024,..,..,..,12604.8967564353,3.50466435023895,0.932452909809338,..,..
Belize,BLZ,2025,YR2025,..,..,..,..,..,..,..,..
Benin,BEN,2011,YR2011,36.9,4.7,48.7,548476.795695659,2.96375291904201,0.491508351362043,89.5142160340546,112760
Benin,BEN,2012,YR2012,38.4,4.9,50.3,558055.819690917,4.811223315688,0.454419683203629,92.2105090457609,112760
Benin,BEN,2013,YR2013,34.7,5,52,580805.902864868,7.19143372144946,0.464168181148386,94.9701489890032,112760
Benin,BEN,2014,YR2014,34.1,5.1,51,599744.660110731,6.35767909791932,0.494995287399714,97.8184107839659,112760
Benin,BEN,2015,YR2015,29.6,5.2,49.9,592641.761528204,1.77815106030278,0.511448213359745,100.750984391628,112760
Benin,BEN,2016,YR2016,37,5.2,45.4,594782.182901769,3.33967342629693,0.610993036151454,103.741060659808,112760
Benin,BEN,2017,YR2017,34.5,5.4,45.4,610665.348619327,5.67156195150444,0.601713652575047,106.773501241575,112760
Benin,BEN,2018,YR2018,39,5.4,44,633486.007611674,6.69725362180888,0.666298053345352,109.820388435615,112760
Benin,BEN,2019,YR2019,40,5.5,46.5,658712.137956612,6.86568662848335,0.639872457668903,112.865865555161,112760
Benin,BEN,2020,YR2020,41,5.7,46.2,666091.048769147,3.84879240030133,0.666089321415813,115.911395885066,112760
Benin,BEN,2021,YR2021,42,5.8,54.5,695488.007052938,7.1554516457574,0.502981455061003,118.955454061724,112760
Benin,BEN,2022,YR2022,56.5,5.9,..,720389.496683056,6.25294705373625,0.513056396449261,122.024663001064,112760
Benin,BEN,2023,YR2023,57,6,..,747067.861929891,6.3527773854442,0.488426291085402,125.142195814118,112760
Benin,BEN,2024,YR2024,..,..,..,783227.281389038,7.45311566226201,0.487328666439324,..,..
Benin,BEN,2025,YR2025,..,..,..,..,..,..,..,..
Bermuda,BMU,2011,YR2011,100,..,0.4,107434.986584658,-3.74274431740703,2.40691635416503,1180.24074074074,54
Bermuda,BMU,2012,YR2012,100,..,0.4,101874.304748138,-5.30529910675297,2.79200578198159,1178.62962962963,54
Bermuda,BMU,2013,YR2013,100,..,1.5,101704.40746217,-0.279708545423034,3.1144807625759,1177.2962962963,54
Bermuda,BMU,2014,YR2014,100,..,0.4,98009.633395772,-3.70106759364258,4.28150923200428,1176.46296296296,54
Bermuda,BMU,2015,YR2015,100,..,0.6,98870.8874322451,0.775529699568978,3.63513172822387,1175.25925925926,54
Bermuda,BMU,2016,YR2016,100,..,1.1,98244.32221154,-0.657206304259205,4.91260697568126,1174.98148148148,54
Bermuda,BMU,2017,YR2017,100,..,0.6,101585.800119538,3.61141983706115,4.48740130233729,1177.37037037037,54
Bermuda,BMU,2018,YR2018,100,..,0.7,100745.23350723,-0.432801300339307,4.71401043380176,1182.05555555556,54
Bermuda,BMU,2019,YR2019,100,..,0.8,100619.557926591,0.307106461240664,4.71867346779603,1187.16666666667,54
Bermuda,BMU,2020,YR2020,100,..,0.9,93349.2435773974,-6.82757303480177,3.32701686806872,1192.25925925926,54
Bermuda,BMU,2021,YR2021,100,..,0.9,97248.4531617374,4.60742917109469,3.78511322856082,1197.18518518519,54
Bermuda,BMU,2022,YR2022,100,..,0.9,103384.963474339,6.47622571186707,3.97689539606789,1199.05555555556,54
Bermuda,BMU,2023,YR2023,100,..,..,108554.128412007,4.91721557264164,3.99239543726236,1198.11111111111,54
Bermuda,BMU,2024,YR2024,..,..,..,115147.905192153,5.97253260071749,4.1354663036079,..,..
Bermuda,BMU,2025,YR2025,..,..,..,..,..,..,..,..
Bhutan,BTN,2011,YR2011,81.8,69.1,84.9,177787.870765474,8.4892584842808,1.55939648452092,18.6105149933101,38117
Bhutan,BTN,2012,YR2012,91.5,72.2,82.8,184910.511251549,5.16482012683895,1.47097572910959,18.8178240680012,38117
Bhutan,BTN,2013,YR2013,87.4,74.9,81.7,186047.704795298,1.73634039505693,1.52604605438228,19.0275467639111,38117
Bhutan,BTN,2014,YR2014,91.4,77.7,82.1,194875.790129839,5.88108550658288,1.54036274158106,19.2339113781252,38117
Bhutan,BTN,2015,YR2015,95.4,80,81.6,205757.081383385,6.66080128866197,1.76825299952202,19.4301230422121,38117
Bhutan,BTN,2016,YR2016,99.3,82.2,80.8,221033.805120169,8.47594339232963,1.90461927671535,19.6063863255034,38144
Bhutan,BTN,2017,YR2017,97.7,84,79.7,223711.34761081,2.08684522733067,1.95350871960071,19.7759804949664,38144
Bhutan,BTN,2018,YR2018,100,85.7,80,229892.404959994,3.50187185732737,2.30402009058136,19.920267435763,38140
Bhutan,BTN,2019,YR2019,100,87,81,241512.986778658,5.75514851246506,2.36171982050772,20.0530676455165,38140
Bhutan,BTN,2020,YR2020,100,88.3,83.9,215374.975130064,-10.2183974208569,1.83518050508697,20.1889355007866,38140
Bhutan,BTN,2021,YR2021,100,89.5,81.8,223320.918650267,4.42136738945015,1.99176727595359,20.3314630309386,38140
Bhutan,BTN,2022,YR2022,100,90.6,82.5,233318.138617056,5.21386783786224,1.94285158160822,20.4749344520189,38140
Bhutan,BTN,2023,YR2023,100,91.6,..,242427.380899069,4.63215704523927,1.98465128404026,20.6183796539067,38140
Bhutan,BTN,2024,YR2024,..,..,..,..,..,2.01118348906666,..,..
Bhutan,BTN,2025,YR2025,..,..,..,..,..,..,..,..
Bolivia,BOL,2011,YR2011,88.3,77.8,18.1,22737.0952205816,5.20409244308591,1.55521407094396,9.55315148158405,1083300
Bolivia,BOL,2012,YR2012,90.4,78.9,17.4,23522.4489529314,5.12227558091767,1.62055085263547,9.7071974522293,1083300
Bolivia,BOL,2013,YR2013,89.5,80,16,24728.7909086963,6.79601142810857,1.69450194184791,9.86117234376442,1083300
Bolivia,BOL,2014,YR2014,90,81.1,15,25679.4111738168,5.46056950635116,1.7940087500212,10.0146662974245,1083300
Bolivia,BOL,2015,YR2015,91.5,82.2,14.2,26521.3495883196,4.8571871797142,1.81142391012742,10.1677328533186,1083300
Bolivia,BOL,2016,YR2016,91.8,83.3,13.6,27243.3156649205,4.26392086382097,1.91061375561046,10.3203360103388,1083300
Bolivia,BOL,2017,YR2017,91.8,84.3,14.3,27974.4522740228,4.19520633360403,1.92014923064189,10.4722486845749,1083300
Bolivia,BOL,2018,YR2018,92.8,85.4,14.3,28367.2471370398,2.86808404814794,1.90865464156169,10.6234357980246,1083300
Bolivia,BOL,2019,YR2019,95.1,86.6,13.5,28392.4781084269,1.50672102666863,1.88492609189688,10.7739185821102,1083300
Bolivia,BOL,2020,YR2020,97.2,87.5,16.9,24477.1945598195,-12.7194690092717,1.57121108732946,10.9076885442629,1083300
Bolivia,BOL,2021,YR2021,98.6,88.7,12.8,26658.897159841,10.0290488827886,1.83202986254917,11.0194405981723,1083300
Bolivia,BOL,2022,YR2022,99.9,89.7,..,27337.7748681519,3.74741781241461,1.93607699297368,11.1484851841595,1083300
Bolivia,BOL,2023,YR2023,99.8,90.6,..,27643.4350533997,2.51636590154891,1.99475521348588,11.3026483891812,1083300
Bolivia,BOL,2024,YR2024,..,..,..,26960.4359754022,-1.12335595517212,2.29073378062186,..,..
Bolivia,BOL,2025,YR2025,..,..,..,..,..,..,..,..
Bosnia and Herzegovina,BIH,2011,YR2011,99.7,43.3,14.2,8238.04312792941,0.959511709726897,6.75293000851462,73.0819921875,51200
Bosnia and Herzegovina,BIH,2012,YR2012,99.7,43,15.3,8329.92368354871,-0.821837252962993,6.35152105670861,71.68189453125,51200
Bosnia and Herzegovina,BIH,2013,YR2013,99.5,42.7,19.5,8665.57082400614,2.34985873172397,6.42871959276172,70.52458984375,51200
Bosnia and Herzegovina,BIH,2014,YR2014,99.9,42.1,23.6,8878.74150485199,1.15384793371298,5.83357574795313,69.62556640625,51200
Bosnia and Herzegovina,BIH,2015,YR2015,99.7,41.7,25.2,9380.92624187128,4.28413016137854,5.92032322488213,68.72150390625,51200
Bosnia and Herzegovina,BIH,2016,YR2016,100,41.6,23,9812.07082170675,3.24225822231566,6.7682636611601,67.83208984375,51200
Bosnia and Herzegovina,BIH,2017,YR2017,100,41.3,18.5,10261.3349386149,3.24409895306594,6.99679935322086,66.9664453125,51200
Bosnia and Herzegovina,BIH,2018,YR2018,100,40.85,35.4,10785.3579273694,3.82900399349064,7.10487156775908,66.15234375,51200
Bosnia and Herzegovina,BIH,2019,YR2019,100,40.3,36.8,11234.1469655209,2.88585242083978,6.75452909895075,65.34244140625,51200
Bosnia and Herzegovina,BIH,2020,YR2020,100,40.2,37.7,11047.9401845637,-3.01509335460439,6.83055960433407,64.44041015625,51200
Bosnia and Herzegovina,BIH,2021,YR2021,100,39.9,36.6,12063.6242579525,7.39164256472846,7.09101986590062,63.37708984375,51200
Bosnia and Herzegovina,BIH,2022,YR2022,100,39.3,..,12730.8767281099,4.22681333390325,6.98907452004835,62.5937890625,51200
Bosnia and Herzegovina,BIH,2023,YR2023,100,39.5,..,13065.2110014433,1.99439414850893,6.53950474604507,62.20845703125,51200
Bosnia and Herzegovina,BIH,2024,YR2024,..,..,..,13541.9663661534,2.9715174617652,6.44935787372249,..,..
Bosnia and Herzegovina,BIH,2025,YR2025,..,..,..,..,..,..,..,..
Botswana,BWA,2011,YR2011,53.2,59.8,28.9,66309.673094498,6.83841052493574,1.93548698237551,3.65877049035696,566730
Botswana,BWA,2012,YR2012,56,60.5,27.8,65095.0396871504,-0.170857099335691,1.67156956431633,3.72067298360771,566730
Botswana,BWA,2013,YR2013,58,61.2,26.7,71239.17218905,11.1029068737822,2.57945832216088,3.77725195419335,566730
Botswana,BWA,2014,YR2014,60,62,25.8,74210.551029353,5.69714422072884,3.29095543184208,3.83259047518219,566730
Botswana,BWA,2015,YR2015,62.1,62.4,26.1,69609.5309115121,-4.85132507409779,3.21839372606118,3.88769431651757,566730
Botswana,BWA,2016,YR2016,64.2,63.1,26.7,73572.5369343505,7.20442475914267,3.02151088073257,3.94328163322923,566730
Botswana,BWA,2017,YR2017,67.4,63.5,26.7,75519.2019665185,4.11437856445083,3.28258954351765,3.99969473999965,566730
Botswana,BWA,2018,YR2018,68.3,64.1,25.6,77573.8637169273,4.18869237159223,3.57037693642974,4.05685423393856,566730
Botswana,BWA,2019,YR2019,70.1,64.7,26.2,78796.7310768956,3.0317733945467,3.14825844534693,4.11498067863004,566730
Botswana,BWA,2020,YR2020,71.8,65.1,27.7,70890.8672577892,-8.72888243996397,2.57488289838852,4.17464048135797,566730
Botswana,BWA,2021,YR2021,73.7,65.6,27.4,78164.0201445715,11.9162724376008,2.72602991287315,4.23736347114146,566730
Botswana,BWA,2022,YR2022,75.9,66,..,81152.7237271158,5.48601706446772,2.80246010889007,4.30521059411007,566730
Botswana,BWA,2023,YR2023,76,66.4,..,82393.4987041597,3.20806812224438,2.7096930785842,4.37641204806522,566730
Botswana,BWA,2024,YR2024,..,..,..,78633.5085451457,-2.98986879467928,2.73749285541178,..,..
Botswana,BWA,2025,YR2025,..,..,..,..,..,..,..,..
Brazil,BRA,2011,YR2011,99.3,94.4,45.2,20689.2106579104,3.97442307944702,2.37418967936326,23.3646162902273,8358140
Brazil,BRA,2012,YR2012,99.5,94.8,43.5,20916.2401809781,1.92117598509462,2.52901988702936,23.555014752086,8358140
Brazil,BRA,2013,YR2013,99.6,95,42.3,21370.8192723219,3.0048226702888,2.63744450973958,23.7467066835444,8358140
Brazil,BRA,2014,YR2014,99.7,95.4,41.7,21306.0307331499,0.503955740273241,2.7310345760982,23.93895376244,8358140
Brazil,BRA,2015,YR2015,99.7,95.7,43.7,20388.5083455475,-3.54576339347278,2.56818858918394,24.1292359304821,8358140
Brazil,BRA,2016,YR2016,99.7,95.8,45.4,19570.9032283277,-3.2759169063211,2.37533549789759,24.3137963709629,8358140
Brazil,BRA,2017,YR2017,99.8,96.1,45.3,19685.9153456473,1.32286905390815,2.41694955353585,24.4915070817191,8358140
Brazil,BRA,2018,YR2018,99.7,96.2,46.9,19900.5722603936,1.78366676137003,2.28562350357953,24.659465024515,8358140
Brazil,BRA,2019,YR2019,99.8,96.3,47.5,20012.6066785551,1.22077782271943,2.25869881785082,24.8207686159839,8358140
Brazil,BRA,2020,YR2020,99.7,96.45,50,19245.0220554601,-3.27675879612903,2.1466461829,24.9649852718428,8358140
Brazil,BRA,2021,YR2021,99.5,96.4,46.5,20076.0089476458,4.7626043797061,2.41580858865319,25.0714027283582,8358140
Brazil,BRA,2022,YR2022,100,96.5,..,20607.2834489283,3.01669435408112,2.27889577215227,25.161867951482,8358140
Brazil,BRA,2023,YR2023,99.8,96.5,..,21191.2320663321,3.24165532813583,2.27447826989363,25.2616884857157,8358140
Brazil,BRA,2024,YR2024,..,..,..,21827.145534306,3.41931516597739,2.31826466114939,..,..
Brazil,BRA,2025,YR2025,..,..,..,..,..,..,..,..
British Virgin Islands,VGB,2011,YR2011,98.7,..,0.9,..,..,1.9226750261233,191.4,150
British Virgin Islands,VGB,2012,YR2012,98.9,..,0.9,..,..,1.88169385401219,202.3,150
British Virgin Islands,VGB,2013,YR2013,99.1,..,1,..,..,2.06289625587484,211.353333333333,150
British Virgin Islands,VGB,2014,YR2014,99.2,..,1,..,..,2.12365754505188,219.746666666667,150
British Virgin Islands,VGB,2015,YR2015,100,..,1,..,..,2.0783813554409,229.986666666667,150
British Virgin Islands,VGB,2016,YR2016,100,..,1,..,..,2.27876498022315,225.853333333333,150
British Virgin Islands,VGB,2017,YR2017,100,..,1.1,..,..,2.05205052142267,217.993333333333,150
British Virgin Islands,VGB,2018,YR2018,100,..,1.2,..,..,1.91880428196324,231.046666666667,150
British Virgin Islands,VGB,2019,YR2019,100,..,1.2,..,..,2.40142876768787,242.633333333333,150
British Virgin Islands,VGB,2020,YR2020,100,..,1.3,..,..,2.27817422916386,247.566666666667,150
British Virgin Islands,VGB,2021,YR2021,100,..,1.3,..,..,2.23491761220873,252.06,150
British Virgin Islands,VGB,2022,YR2022,100,..,1.3,..,..,2.30694955505102,255.46,150
British Virgin Islands,VGB,2023,YR2023,100,..,..,..,..,2.27523406438374,259.9,150
British Virgin Islands,VGB,2024,YR2024,..,..,..,..,..,2.32575815155431,..,..
British Virgin Islands,VGB,2025,YR2025,..,..,..,..,..,..,..,..
Brunei Darussalam,BRN,2011,YR2011,100,100,0,48548.1680767372,3.74440625524871,19.6830658831365,75.7853889943074,5270
Brunei Darussalam,BRN,2012,YR2012,100,100,0,48246.3811498754,0.913135189664487,18.7948919633985,76.9557874762808,5270
Brunei Darussalam,BRN,2013,YR2013,100,100,0,46572.9947811538,-2.12478292664558,18.9425148710366,78.026944971537,5270
Brunei Darussalam,BRN,2014,YR2014,100,100,0,44800.5408518296,-2.50788727590711,19.4524295140972,79.0796963946869,5270
Brunei Darussalam,BRN,2015,YR2015,100,100,0,44047.4569647476,-0.392383749502031,17.4445539207791,80.1161290322581,5270
Brunei Darussalam,BRN,2016,YR2016,100,100,0,42418.2987810012,-2.47791771833224,18.4753627527107,81.1316888045541,5270
Brunei Darussalam,BRN,2017,YR2017,100,100,0,42464.6753948962,1.32872661057823,18.188792250885,82.1199240986717,5270
Brunei Darussalam,BRN,2018,YR2018,100,100,0,41998.0059843311,0.0523710418528935,18.3419748292638,83.0759013282732,5270
Brunei Darussalam,BRN,2019,YR2019,100,100,0,43142.9409505738,3.86884436177075,17.1760639739767,84,5270
Brunei Darussalam,BRN,2020,YR2020,100,100,0,43171.3011059356,1.1335733495246,22.6370349840413,84.896394686907,5270
Brunei Darussalam,BRN,2021,YR2021,100,100,0,42078.5325455314,-1.59076260099606,22.1070085296012,85.715559772296,5270
Brunei Darussalam,BRN,2022,YR2022,100,100,..,41061.6586512067,-1.62833154515108,20.9436282583394,86.4079696394687,5270
Brunei Darussalam,BRN,2023,YR2023,100,100,..,41200.8680703085,1.12764418162719,21.14308997296,87.0870967741936,5270
Brunei Darussalam,BRN,2024,YR2024,..,..,..,42521.0690592705,4.05251709306727,20.2426516194424,..,..
Brunei Darussalam,BRN,2025,YR2025,..,..,..,..,..,..,..,..
Bulgaria,BGR,2011,YR2011,94.1,..,13.2,14453.3582333287,2.09017507758604,7.4553286135295,67.6890935887988,108560
Bulgaria,BGR,2012,YR2012,94.7,..,15.6,14646.1756599608,0.748815411928831,6.83236589446759,67.2981577008106,108560
Bulgaria,BGR,2013,YR2013,95.3,..,18.2,14863.4752350033,-0.542751388861134,6.20837555281037,65.9543570375829,108560
Bulgaria,BGR,2014,YR2014,95.9,..,17.1,15187.9397000554,0.949449090947894,6.68898259606321,65.1581798084009,108560
Bulgaria,BGR,2015,YR2015,96.6,..,17.9,15904.8538671077,3.39755336780412,7.138544362474,64.3351602800295,108560
Bulgaria,BGR,2016,YR2016,97.3,..,17.7,16600.3543009504,3.02662841229517,6.83625613002581,63.5053334561533,108560
Bulgaria,BGR,2017,YR2017,98.1,..,17.1,17283.4986509821,2.74592676054861,7.2438350558862,62.6701179071481,108560
Bulgaria,BGR,2018,YR2018,98.7,..,19.6,17930.4611761522,2.33015213407045,6.90134019828938,61.816488577745,108560
Bulgaria,BGR,2019,YR2019,99.2,..,19.3,18875.2133608071,3.79331765354152,6.74590424327681,60.9499447310243,108560
Bulgaria,BGR,2020,YR2020,99.7,..,21.1,18468.1069003965,-3.13323303076419,6.01693316252197,60.3417096536478,108560
Bulgaria,BGR,2021,YR2021,99.8,..,20.4,20046.6207111059,7.82817232822165,7.04917445804336,59.9419767870302,108560
Bulgaria,BGR,2022,YR2022,100,..,..,21001.5056231948,4.0838640915123,7.64769654654833,59.5532148120855,108560
Bulgaria,BGR,2023,YR2023,100,..,..,21415.9336183003,1.68151074972904,5.73490257494032,59.3827929255711,108560
Bulgaria,BGR,2024,YR2024,..,..,..,22159.0989006929,3.38709063847314,5.30760215797104,..,..
Bulgaria,BGR,2025,YR2025,..,..,..,..,..,..,..,..
Burkina Faso,BFA,2011,YR2011,14.8,6.4,81.4,343850.886645155,6.62256261306693,0.133063992431119,60.8987865497076,273600
Burkina Faso,BFA,2012,YR2012,15.1,7.1,79.2,355159.397749409,6.45267237953146,0.15032942321544,62.764206871345,273600
Burkina Faso,BFA,2013,YR2013,15.4,7.6,78.7,364624.689624297,5.79258484509867,0.171824228532949,64.6762024853801,273600
Burkina Faso,BFA,2014,YR2014,19.2,8.3,78.9,369257.160823351,4.32684561452976,0.15105767526533,66.6281469298246,273600
Burkina Faso,BFA,2015,YR2015,16.2,9,78.8,372537.123844101,3.9212287937935,0.209618038878152,68.6311659356725,273600
Burkina Faso,BFA,2016,YR2016,16.6,9.8,77.1,383353.773102836,5.95797670754024,0.203332261693596,70.6683333333333,273600
Burkina Faso,BFA,2017,YR2017,17,10.6,74.6,395683.983860389,6.20348941121868,0.228245053999348,72.713475877193,273600
Burkina Faso,BFA,2018,YR2018,14.4,11.7,73.7,410592.275297226,6.60456906812341,0.264797129779167,74.7013450292398,273600
Burkina Faso,BFA,2019,YR2019,17.6,12.5,72.7,423911.554739749,5.88920497068135,0.271887847085997,76.6153216374269,273600
Burkina Faso,BFA,2020,YR2020,18.5,13.5,73.1,422031.84611352,2.01077262406221,0.265430526722067,78.5039839181287,273600
Burkina Faso,BFA,2021,YR2021,19,14.6,71.2,440732.100040904,6.94252492572348,0.292658735345638,80.3919700292398,273600
Burkina Faso,BFA,2022,YR2022,19.5,15.9,71.4,437677.7564461,1.62673258211919,0.288261986140856,82.2698757309942,273600
Burkina Faso,BFA,2023,YR2023,21.7,17,..,440692.353578008,3.00027415814125,0.272029919860247,84.1585380116959,273600
Burkina Faso,BFA,2024,YR2024,..,..,..,451587.438585462,4.79980951667159,0.274990879570369,..,..
Burkina Faso,BFA,2025,YR2025,..,..,..,..,..,..,..,..
Burundi,BDI,2011,YR2011,6.2,0.2,92.1,161380.381803704,4.02442793864228,0.0427455176375168,378.425934579439,25680
Burundi,BDI,2012,YR2012,6.5,0.2,91.7,162610.70865854,4.42303118490126,0.0396483854478411,392.173987538941,25680
Burundi,BDI,2013,YR2013,6.9,0.2,90.8,164597.937743388,4.92392485117456,0.0433169105214592,406.516394080997,25680
Burundi,BDI,2014,YR2014,7,0.2,91.3,165858.301808786,4.24490803087248,0.0375470437605934,420.552375389408,25680
Burundi,BDI,2015,YR2015,7.9,0.2,91.2,161482.243169997,-0.404525595204191,0.0393751391707505,430.201713395639,25680
Burundi,BDI,2016,YR2016,8.5,0.2,89.6,163805.041076725,3.20017470604286,0.043231648947978,437.673325545171,25680
Burundi,BDI,2017,YR2017,9.3,0.2,88.2,166130.684506305,3.83185756925806,0.0474764316842566,448.082632398754,25680
Burundi,BDI,2018,YR2018,9.5,0.2,85.7,169801.354970544,5.3422447312502,0.0654752338347002,461.816433021807,25680
Burundi,BDI,2019,YR2019,9.8,0.15,84.8,171643.600795604,4.45934202358784,0.0624381085920451,477.232710280374,25680
Burundi,BDI,2020,YR2020,9.1,0.1,83.4,167233.904916682,0.306443809481593,0.0733769801401851,491.317601246106,25680
Burundi,BDI,2021,YR2021,10.2,0.1,83.1,168007.523511697,3.23707479823578,0.0692145551715359,504.886331775701,25680
Burundi,BDI,2022,YR2022,10.3,0.2,83,167312.406892713,2.31770122223331,0.0698215770067585,518.734306853583,25680
Burundi,BDI,2023,YR2023,11.6,0.1,..,168109.500216901,3.254768974261,0.0693599815916636,533.078271028037,25680
Burundi,BDI,2024,YR2024,..,..,..,170558.082790852,4.11227376264944,0.0689574855425617,..,..
Burundi,BDI,2025,YR2025,..,..,..,..,..,..,..,..
Cabo Verde,CPV,2011,YR2011,82.3,71.1,20.8,328887.259481432,3.92471821338283,1.70437992597473,126.909925558313,4030
Cabo Verde,CPV,2012,YR2012,83.2,71.8,24.3,332121.358322509,1.08364848376166,1.46106591399635,127.035980148883,4030
Cabo Verde,CPV,2013,YR2013,84.3,73.1,25.9,334044.647566987,0.632136727385131,1.42808336180389,127.102977667494,4030
Cabo Verde,CPV,2014,YR2014,85.3,74.3,26.1,336305.51348165,0.696666840118581,1.51095201102423,127.128039702233,4030
Cabo Verde,CPV,2015,YR2015,86.4,75.3,26.4,339408.373244027,0.936026507808833,1.54334359887118,127.144913151365,4030
Cabo Verde,CPV,2016,YR2016,87.5,76.6,23.9,353826.991887684,4.28071482662371,1.62012197739165,127.184615384615,4030
Cabo Verde,CPV,2017,YR2017,88.6,77.7,21.8,369686.263996584,4.5513148102974,1.73155024537282,127.268734491315,4030
Cabo Verde,CPV,2018,YR2018,90.2,78.9,21.9,383000.601657528,3.70696458310842,1.55059746988304,127.398263027295,4030
Cabo Verde,CPV,2019,YR2019,91.4,79.7,19.7,409061.859662636,6.94782634051859,1.62982587180804,127.569230769231,4030
Cabo Verde,CPV,2020,YR2020,93.7,81,23.4,323593.487785591,-20.8052758990735,1.22076090145508,127.711910669975,4030
Cabo Verde,CPV,2021,YR2021,95.5,82.1,22.6,345032.875511227,7.03353010694514,1.2540428801759,128.200744416873,4030
Cabo Verde,CPV,2022,YR2022,97.1,83,21.8,397320.910607399,15.843675684642,1.3085363671521,128.967990074442,4030
Cabo Verde,CPV,2023,YR2023,98.6,83.9,..,414306.90481706,4.7947613911073,1.24595323654924,129.610669975186,4030
Cabo Verde,CPV,2024,YR2024,..,..,..,442163.582515523,7.24388538990945,1.28830183071462,..,..
Cabo Verde,CPV,2025,YR2025,..,..,..,..,..,..,..,..
Cambodia,KHM,2011,YR2011,37.4,13.1,64,4820348.83096609,7.28665813879552,0.364412931860331,83.4046227056424,176520
Cambodia,KHM,2012,YR2012,42.3,14.7,64.4,5111862.79240299,7.65025657870362,0.376906521441665,84.6651087695445,176520
Cambodia,KHM,2013,YR2013,50.9,16.4,65,5431707.70137759,7.8574997554252,0.375413441925121,85.9404486743712,176520
Cambodia,KHM,2014,YR2014,56.1,18.5,63.7,5779939.50747598,8.00032074618566,0.456810037844296,87.2239519601178,176520
Cambodia,KHM,2015,YR2015,62.7,21.1,60.6,6106675.53875311,7.20703472529512,0.54531544042914,88.5069737140267,176520
Cambodia,KHM,2016,YR2016,68.8,23.8,58,6494022.35144157,7.90550116130704,0.668405454858677,89.8074042601405,176520
Cambodia,KHM,2017,YR2017,89.1,27.1,56.3,6922106.02907716,8.07503915535979,0.735875459113371,91.0569453886245,176520
Cambodia,KHM,2018,YR2018,80.7,31.1,58.1,7436541.04924864,8.77622376224463,0.756550637862052,92.1964763199638,176520
Cambodia,KHM,2019,YR2019,84,35.5,53,7926067.99552997,7.93695013588524,0.953249815669925,93.3679129843644,176520
Cambodia,KHM,2020,YR2020,86.4,40.6,51.4,7532643.18560419,-3.55572193406549,1.1140611022444,94.7511556764106,176520
Cambodia,KHM,2021,YR2021,82.5,46.3,52.4,7651555.03629162,3.08984284148661,1.08885754085366,96.160803308407,176520
Cambodia,KHM,2022,YR2022,92.3,52.15,..,7937723.89862202,5.12990110773977,1.06878240808886,97.4491502379334,176520
Cambodia,KHM,2023,YR2023,95,58,..,8228917.53403949,5.00733043811898,1.08564797278218,98.7076818490823,176520
Cambodia,KHM,2024,YR2024,..,..,..,8614347.64615804,5.97510939607335,1.10207037315065,..,..
Cambodia,KHM,2025,YR2025,..,..,..,..,..,..,..,..
Cameroon,CMR,2011,YR2011,53.7,20,78.6,772058.737353887,3.37921128506045,0.367209784906356,42.8006684859639,472710
Cameroon,CMR,2012,YR2012,55.2,20.8,78.6,785367.57554676,4.62597872209571,0.360945218894671,44.0217659876034,472710
Cameroon,CMR,2013,YR2013,56.3,21.4,77.7,801759.352840077,4.99552916130783,0.382158504270741,45.2759112352182,472710
Cameroon,CMR,2014,YR2014,56.8,22.1,76.9,822354.418446182,5.71981814509198,0.402109837976095,46.6668634046244,472710
Cameroon,CMR,2015,YR2015,58.6,22.8,78.1,842101.069769236,5.66695298703932,0.403515922523748,48.1551352837892,472710
Cameroon,CMR,2016,YR2016,59.8,23.6,78.8,854371.469523041,4.53579423678801,0.413632361438979,49.6163842525015,472710
Cameroon,CMR,2017,YR2017,60.9,24.35,79.2,859899.295446097,3.54117654926007,0.408780434472765,51.0431363838294,472710
Cameroon,CMR,2018,YR2018,62.2,25.3,78.7,869488.457869896,3.95551423892049,0.425229264580814,52.4769583888642,472710
Cameroon,CMR,2019,YR2019,63.2,26.3,78.9,875022.015365347,3.47505998194981,0.402691984014017,53.9571724736096,472710
Cameroon,CMR,2020,YR2020,64.3,27.4,78.9,853717.326620822,0.259932915907115,0.39632883817277,55.4474371178947,472710
Cameroon,CMR,2021,YR2021,65.4,28.4,79.2,859107.287964916,3.33885747179505,0.384499667443882,56.9392608576083,472710
Cameroon,CMR,2022,YR2022,71,29.4,..,868085.216643673,3.7367840056412,0.377591519866032,58.4560745488777,472710
Cameroon,CMR,2023,YR2023,72,30.7,..,873748.757035243,3.34756290750219,0.364184752751828,60.0213386642973,472710
Cameroon,CMR,2024,YR2024,..,..,..,881219.117981534,3.52472308052245,0.353419532873246,..,..
Cameroon,CMR,2025,YR2025,..,..,..,..,..,..,..,..
Canada,CAN,2011,YR2011,100,100,21.5,57946.4241486433,3.13719442170364,16.7674945217889,3.83011279793076,8965590
Canada,CAN,2012,YR2012,100,100,21.8,58328.1995033905,1.75566129145483,16.3390529794046,3.8718472515473,8965590
Canada,CAN,2013,YR2013,100,100,22.2,59059.3960398839,2.32581354806429,16.396768369606,3.91284812265562,8965590
Canada,CAN,2014,YR2014,100,100,22.2,60151.055540733,2.87346677785811,16.3774543965685,3.9522291338328,8965590
Canada,CAN,2015,YR2015,100,100,22.3,60083.4643018927,0.649971001734855,16.0870291468599,3.98239245827659,8965590
Canada,CAN,2016,YR2016,100,100,22.1,60024.4044420724,1.03855092490855,15.8982424179268,4.02771072511681,8965590
Canada,CAN,2017,YR2017,100,100,22.8,61110.5247150266,3.03383491200222,16.196245321702,4.07614836279598,8965590
Canada,CAN,2018,YR2018,100,100,22.3,61893.3056795015,2.74296344906655,16.5238820455635,4.13498944297029,8965590
Canada,CAN,2019,YR2019,100,100,22.4,62159.234972053,1.90843194590616,16.190860373335,4.19587500655283,8965590
Canada,CAN,2020,YR2020,100,100,23.9,58390.8895185781,-5.03823343468899,14.4219048812634,4.24162135453439,8965590
Canada,CAN,2021,YR2021,100,100,23.8,61523.7287977802,5.95052802804381,14.6897593568847,4.351026204103,8788700
Canada,CAN,2022,YR2022,100,100,..,62955.0266342654,4.18903628100851,14.7892997763968,4.43022676846405,8788700
Canada,CAN,2023,YR2023,100,100,..,62087.5562363791,1.52874550838358,14.1478944295361,4.56079784268436,8788700
Canada,CAN,2024,YR2024,..,..,..,61212.5282090584,1.55479521049516,13.9983582392805,..,..
Canada,CAN,2025,YR2025,..,..,..,..,..,..,..,..
Cayman Islands,CYM,2011,YR2011,100,..,0,65193.921093475,1.16906269526342,3.58954069704708,231.691666666667,240
Cayman Islands,CYM,2012,YR2012,100,..,0,64228.4002551376,1.22975368307725,3.34290114813778,238.066666666667,240
Cayman Islands,CYM,2013,YR2013,100,..,0,63365.4788339753,1.2793305928175,3.69448469866167,244.395833333333,240
Cayman Islands,CYM,2014,YR2014,100,..,0,63420.2644558524,2.65452932151371,3.85804521276596,250.666666666667,240
Cayman Islands,CYM,2015,YR2015,100,..,0,63649.0869469522,2.83312242670048,4.07027675935239,256.841666666667,240
Cayman Islands,CYM,2016,YR2016,100,..,0,64192.9633871544,3.23997361448569,4.17115689381933,262.916666666667,240
Cayman Islands,CYM,2017,YR2017,100,..,0,64764.0543187303,3.18404730726789,4.35422638878128,268.895833333333,240
Cayman Islands,CYM,2018,YR2018,100,..,0,66087.8766316366,4.26726567162505,4.68904020260536,274.754166666667,240
Cayman Islands,CYM,2019,YR2019,100,..,0,67261.8743892048,3.91563637725301,5.84460914640486,280.529166666667,240
Cayman Islands,CYM,2020,YR2020,100,..,0,62666.1198350416,-4.95480732200573,4.83227534797042,286.183333333333,240
Cayman Islands,CYM,2021,YR2021,100,..,0,64382.7700592278,4.86941655353661,4.48023050151195,292.116666666667,240
Cayman Islands,CYM,2022,YR2022,100,..,0,66690.5931881347,5.77566708028824,5.00342221787655,298.295833333333,240
Cayman Islands,CYM,2023,YR2023,100,..,..,69170.9598181957,5.8155918263088,4.92072619732194,304.325,240
Cayman Islands,CYM,2024,YR2024,..,..,..,..,..,4.99617228736049,..,..
Cayman Islands,CYM,2025,YR2025,..,..,..,..,..,..,..,..
Central African Republic,CAF,2011,YR2011,10.4,0.5,93.3,204607.382967132,4.19461533741989,0.0476449067813708,7.32771678063501,622980
Central African Republic,CAF,2012,YR2012,11,0.6,93.1,212811.396081588,5.05376125356918,0.047952133750668,7.40127772962214,622980
Central African Republic,CAF,2013,YR2013,11.5,0.6,95.1,134444.564353196,-36.3919770983887,0.0320522555159282,7.45195511894443,622980
Central African Republic,CAF,2014,YR2014,12,0.6,94.8,135113.434859367,0.0810705153264877,0.0349759105308854,7.42107611801342,622980
Central African Republic,CAF,2015,YR2015,12.7,0.6,92.9,140786.551804585,4.33712103020231,0.0504177719405874,7.430928761758,622980
Central African Republic,CAF,2016,YR2016,13.4,0.7,92.1,144835.555702646,4.75031684122342,0.0533555326292949,7.56631513050178,622980
Central African Republic,CAF,2017,YR2017,14.1,0.7,91.6,148870.838097587,4.52727821346231,0.0552204845258517,7.6944861793316,622980
Central African Republic,CAF,2018,YR2018,14.6,0.7,91.4,151815.550878039,3.78944359275462,0.0601599989505309,7.83116151401329,622980
Central African Republic,CAF,2019,YR2019,14.3,0.8,91.3,154431.183430026,3.09999999999999,0.0611563525655636,7.93717775851552,622980
Central African Republic,CAF,2020,YR2020,15.4,0.8,90.9,153281.460852086,0.899999996857062,0.0633426623175616,8.06868278275386,622980
Central African Republic,CAF,2021,YR2021,15.7,0.9,90.9,152200.108037793,0.982919996264229,0.0631247432561961,8.20588140871296,622980
Central African Republic,CAF,2022,YR2022,15.7,1,90.9,153312.638663612,0.453901876447787,0.0632596180609838,8.18331086070179,622980
Central African Republic,CAF,2023,YR2023,17.6,1,..,152756.290838811,0.69996840076054,0.0645327701288385,8.27060419275097,622980
Central African Republic,CAF,2024,YR2024,..,..,..,149862.530291576,1.49999999847535,0.0632938700243308,..,..
Central African Republic,CAF,2025,YR2025,..,..,..,..,..,..,..,..
Chad,TCD,2011,YR2011,9,2.9,80.7,544806.016697906,4.49542966941512,0.05359468136292,10.1294448856417,1259200
Chad,TCD,2012,YR2012,7.8,3.1,76.1,573666.257642051,9.0618039227671,0.0915222301903308,10.4915803684879,1259200
Chad,TCD,2013,YR2013,8.1,3.5,72.6,569261.466441417,2.83821524768997,0.096069856875415,10.8728391041931,1259200
Chad,TCD,2014,YR2014,8.4,3.8,72.5,560628.459374066,2.06283074347695,0.0989591842171624,11.2680098475222,1259200
Chad,TCD,2015,YR2015,7.7,4.3,72.7,561006.3649707,3.30415979759636,0.110147579596714,11.6324817344346,1259200
Chad,TCD,2016,YR2016,9.2,4.7,72.7,521258.716738954,-4.12250332670322,0.111858325578718,12.0033791296061,1259200
Chad,TCD,2017,YR2017,10.9,5.2,72.8,496148.663625932,-1.61746922760291,0.141485892472642,12.4068924714104,1259200
Chad,TCD,2018,YR2018,10.1,5.9,73.1,507300.546138277,5.74111580758154,0.149407072594977,12.830790184244,1259200
Chad,TCD,2019,YR2019,8.4,6.6,72.8,517667.925338711,5.3828220290379,0.141712220447998,13.2506535895807,1259200
Chad,TCD,2020,YR2020,10.9,7.4,71.9,499481.234190811,-0.393646583111035,0.140107110268934,13.6790652795426,1259200
Chad,TCD,2021,YR2021,11.3,8,69.9,483986.866353833,0.29344264815208,0.153189262919633,14.1584124841169,1259200
Chad,TCD,2022,YR2022,11.7,8.8,70,486850.902567927,4.12969897676332,0.155239823582539,14.6563818297332,1259200
Chad,TCD,2023,YR2023,12,9.7,..,483594.529703924,3.98004368401293,0.150566300727613,15.342331639136,1259200
Chad,TCD,2024,YR2024,..,..,..,479573.099389565,4.19925854085865,0.142508619707364,..,..
Chad,TCD,2025,YR2025,..,..,..,..,..,..,..,..
Channel Islands,CHI,2011,YR2011,100,..,..,55870.4244048439,1.12504310895372,..,806.59595959596,198
Channel Islands,CHI,2012,YR2012,100,..,..,52308.321359483,-5.75366122139113,..,811.954545454545,198
Channel Islands,CHI,2013,YR2013,100,..,..,52238.5060917188,0.493931120528785,..,817.055555555556,198
Channel Islands,CHI,2014,YR2014,100,..,..,53194.3444809066,2.42710178482311,..,821.848484848485,198
Channel Islands,CHI,2015,YR2015,100,..,..,53155.6798854724,0.374367083829384,..,825.525252525253,198
Channel Islands,CHI,2016,YR2016,100,..,..,53659.6364479537,1.21302407657195,..,827.691919191919,198
Channel Islands,CHI,2017,YR2017,100,..,..,54484.0365386839,1.80648131383585,..,829.893939393939,198
Channel Islands,CHI,2018,YR2018,100,..,..,54885.0505307701,1.1222435658518,..,833.075757575758,198
Channel Islands,CHI,2019,YR2019,100,..,..,55516.3566551356,1.57335596156342,..,836.560606060606,198
Channel Islands,CHI,2020,YR2020,100,..,..,50395.8552651367,-8.89677926591959,..,839.570707070707,198
Channel Islands,CHI,2021,YR2021,100,..,..,55235.460984401,9.93680136985076,..,842.126262626263,198
Channel Islands,CHI,2022,YR2022,100,..,..,58021.1793200371,5.34196140375869,..,..,..
Channel Islands,CHI,2023,YR2023,100,..,..,60005.854816299,3.71500590367266,..,..,..
Channel Islands,CHI,2024,YR2024,..,..,..,..,..,..,..,..
Channel Islands,CHI,2025,YR2025,..,..,..,..,..,..,..,..
Chile,CHL,2011,YR2011,99.6,100,28.8,8926437.82119981,6.22389678509138,4.55717718537356,23.3370130673596,743532
Chile,CHL,2012,YR2012,100,100,30.3,9385398.14788061,6.15534001855494,4.64341271955513,23.5620242302954,743532
Chile,CHL,2013,YR2013,99.6,100,30.2,9603880.13318365,3.30850824710085,4.82901967693119,23.7878208335351,743532
Chile,CHL,2014,YR2014,100,100,27,9679078.71499947,1.79264947139259,4.4057176939683,24.0860324163393,741682.76
Chile,CHL,2015,YR2015,99.7,100,25.1,9786875.04628448,2.15194249981184,4.67539634716479,24.333348398175,741682.76
Chile,CHL,2016,YR2016,100,100,24.6,9838729.19057584,1.753038749071,4.86474105721938,24.6093854617587,742286.76
Chile,CHL,2017,YR2017,99.7,100,24.1,9815597.33790337,1.35769537343957,4.83609776199712,25.002288872834,742286.76
Chile,CHL,2018,YR2018,100,100,25.5,10026621.093811,3.99002947789977,4.75406192633103,25.4526848895971,742286.76
Chile,CHL,2019,YR2019,100,100,25.3,9930155.37172493,0.634367533828438,4.96139546396702,25.84400416762,742831.64
Chile,CHL,2020,YR2020,100,100,26.7,9236918.25447131,-6.14347479224092,4.51770681212954,26.0767352343796,742831.64
Chile,CHL,2021,YR2021,100,100,24.2,10236773.1376271,11.3149204879049,4.57991726498939,26.192118041714,742831.64
Chile,CHL,2022,YR2022,100,100,..,10405554.8145618,2.15399356192458,4.62474983424569,26.3222982801325,742831.64
Chile,CHL,2023,YR2023,100,100,..,10403513.9495906,0.521367977246825,3.91719041336885,26.4647249005172,742831.64
Chile,CHL,2024,YR2024,..,..,..,10621379.6066699,2.64431154871538,3.93744000373189,..,..
Chile,CHL,2025,YR2025,..,..,..,..,..,..,..,..
China,CHN,2011,YR2011,99.9,60.3,11.3,43529.0383462884,9.4613358870736,7.40185065816131,143.268509836432,9388211
China,CHN,2012,YR2012,99.9,63.1,11.5,46631.3584476329,7.85617427055587,7.58441651466929,144.243669001474,9388211
China,CHN,2013,YR2013,100,65.9,11.5,49925.0360554268,7.77872409446717,7.89327631231478,145.207643927049,9388211
China,CHN,2014,YR2014,100,69,11.9,53313.2834397096,7.46190028229434,7.93164331637339,146.125816729087,9388211
China,CHN,2015,YR2015,100,71.6,12.2,56703.2353646022,6.97878002657477,7.79057049265868,146.977949259981,9388211
China,CHN,2016,YR2016,100,74.2,12.6,60199.2320510308,6.77555562837017,7.76322483949301,147.822641376791,9388210
China,CHN,2017,YR2017,100,76.9,13.1,63959.436327643,6.8912663621211,7.87802652170332,148.720043543977,9388210
China,CHN,2018,YR2018,100,79.5,13.5,67962.4094925005,6.75671800166833,8.2177362485386,149.417194545073,9388210
China,CHN,2019,YR2019,100,81.6,14.3,71831.4419112836,6.06850235053705,8.39147587098516,149.948179684945,9388210
China,CHN,2020,YR2020,100,83.8,14.9,73337.6514775707,2.34018843078414,8.47858302033874,150.305542803154,9388210
China,CHN,2021,YR2021,100,85.6,15.2,79551.7172902093,8.57008513166322,8.88715660313235,150.439753691066,9388210
China,CHN,2022,YR2022,100,87.2,..,82055.7665532246,3.1341888719577,8.86482511020235,150.42004812419,9388210
China,CHN,2023,YR2023,100,88.7,..,86588.7855296269,5.41484330099675,9.23027553501428,150.264001337848,9388210
China,CHN,2024,YR2024,..,..,..,91010.5499500701,4.9773565917572,9.31508933799393,..,..
China,CHN,2025,YR2025,..,..,..,..,..,..,..,..
Colombia,COL,2011,YR2011,96.7,85.8,29.6,15126686.6747913,6.94789198173555,1.61663552853102,40.7928021631365,1109500
Colombia,COL,2012,YR2012,97,86.5,29.6,15561684.2400911,3.91263576716115,1.61000537888315,41.2039747634069,1109500
Colombia,COL,2013,YR2013,97.8,87.1,32,16206139.3169084,5.13399351995672,1.8121783209001,41.5967408742677,1109500
Colombia,COL,2014,YR2014,97.8,88.1,32.1,16784748.1873301,4.49903000110972,1.82364474726519,41.969742226228,1109500
Colombia,COL,2015,YR2015,98.2,88.7,31.1,17132063.6134515,2.95590137527523,1.83556759919216,42.3343307796305,1109500
Colombia,COL,2016,YR2016,98.4,89.2,30.5,17317286.791938,2.08738250162794,1.8654751539246,42.7557566471383,1109500
Colombia,COL,2017,YR2017,98.5,89.7,32.2,17299757.9651135,1.35936086788746,1.68289187289759,43.3808724650744,1109500
Colombia,COL,2018,YR2018,98.5,90.1,30.4,17420037.1182021,2.56432428277704,1.74191600051117,44.1860883280757,1109500
Colombia,COL,2019,YR2019,99.4,90.6,31.5,17656974.1294905,3.18685539245533,1.72438739011403,44.9824109959441,1109500
Colombia,COL,2020,YR2020,99.7,90.9,32,16154454.8383047,-7.18591413760859,1.66507219030647,45.6331653898152,1109500
Colombia,COL,2021,YR2021,100,91.4,29.7,17704148.1828234,10.8011981904878,1.80057803586778,46.1362532672375,1109500
Colombia,COL,2022,YR2022,100,91.5,..,18799645.3821203,7.32827729427979,1.70753982802254,46.6317656602073,1109500
Colombia,COL,2023,YR2023,98.7,91.8,..,18722523.5407661,0.712380031974334,1.77360964835025,47.1574150518251,1109500
Colombia,COL,2024,YR2024,..,..,..,18818480.6733638,1.5983315366523,1.79780371737796,..,..
Colombia,COL,2025,YR2025,..,..,..,..,..,..,..,..
Comoros,COM,2011,YR2011,69.3,3.6,69,495974.888332715,4.14356479211455,0.210760774545846,358.976894142934,1861
Comoros,COM,2012,YR2012,69.3,4.1,68.3,501499.347153148,3.16835627559691,0.213312207502604,366.270822138635,1861
Comoros,COM,2013,YR2013,69.4,4.5,63.6,512938.959367531,4.4661636979028,0.250792884721456,374.095647501343,1861
Comoros,COM,2014,YR2014,71.8,5.1,68,512474.297367685,2.10666920560958,0.217145957220138,382.322944653412,1861
Comoros,COM,2015,YR2015,74.1,5.5,67,507527.364101491,1.14747399397193,0.235591359081414,390.479312197743,1861
Comoros,COM,2016,YR2016,76.4,6,64,513733.230332421,3.32039987961315,0.270175168960594,398.571198280494,1861
Comoros,COM,2017,YR2017,78.7,6.6,59.5,522813.806301038,3.81570211280726,0.344536382486926,406.592692101021,1861
Comoros,COM,2018,YR2018,81,7.1,57.7,531379.3595044,3.64259587408398,0.268666001373787,414.610424502955,1861
Comoros,COM,2019,YR2019,83.3,7.7,55.3,530431.819857662,1.76070164655727,0.287320520024715,422.664159054272,1861
Comoros,COM,2020,YR2020,85.6,8.3,50.8,519108.959151694,-0.195577456821965,0.334969326682981,431.038688876948,1861
Comoros,COM,2021,YR2021,87.9,9,41.2,519130.40502387,2.0001921183449,0.485471305614698,439.642127888232,1861
Comoros,COM,2022,YR2022,89.9,9.7,39.3,522418.207885992,2.60301031927843,0.515231578493098,448.247178936056,1861
Comoros,COM,2023,YR2023,89.8,10.4,..,527816.158995845,2.99521564038136,0.515412394592109,456.951638903815,1861
Comoros,COM,2024,YR2024,..,..,..,535213.494140508,3.3381010943571,0.514984514693732,..,..
Comoros,COM,2025,YR2025,..,..,..,..,..,..,..,..
"Congo, Dem. Rep.",COD,2011,YR2011,13.7,3.3,96.2,120584.317062731,7.59331721294959,0.0475516268605633,31.2517637458371,2267050
"Congo, Dem. Rep.",COD,2012,YR2012,15.4,3.4,95.5,126734.687317597,8.66859360531922,0.0411769262109865,32.3127491674202,2267050
"Congo, Dem. Rep.",COD,2013,YR2013,15.2,3.6,93.9,134285.662635254,9.62448879216879,0.0439415039531586,33.430844048433,2267050
"Congo, Dem. Rep.",COD,2014,YR2014,13.5,3.8,92.9,139287.77647358,7.30227750870263,0.0473985501773001,34.5838168545025,2267050
"Congo, Dem. Rep.",COD,2015,YR2015,16.6,3.9,95.8,143333.861650145,6.35973756164829,0.0443348733039091,35.7449244613043,2267050
"Congo, Dem. Rep.",COD,2016,YR2016,17.3,4,97,138892.064443199,0.393832798154563,0.0356208635159088,37.0333318629938,2267050
"Congo, Dem. Rep.",COD,2017,YR2017,18,4.1,96.7,139583.922276437,4.24121047272719,0.0373745177008366,38.4126499194989,2267050
"Congo, Dem. Rep.",COD,2018,YR2018,18.7,4.2,96.4,143185.121787306,6.07168870646615,0.0462188660927098,39.7201843805827,2267050
"Congo, Dem. Rep.",COD,2019,YR2019,19.1,4.4,96.3,139488.413803792,0.555384294580819,0.0478324083410493,40.9992907081891,2267050
"Congo, Dem. Rep.",COD,2020,YR2020,20.1,4.4,96.2,136114.454325752,0.775427992354622,0.0482487769194453,42.3413678569066,2267050
"Congo, Dem. Rep.",COD,2021,YR2021,20.8,4.6,96.3,140250.577933608,6.42961005647355,0.0466742294309333,43.7347795593392,2267050
"Congo, Dem. Rep.",COD,2022,YR2022,21.5,4.8,..,148446.561808354,9.31116944064918,0.0610125487309351,45.1674943208134,2267050
"Congo, Dem. Rep.",COD,2023,YR2023,22.1,5,..,155947.169106612,8.5334898318451,0.0580434409082674,46.6640484329856,2267050
"Congo, Dem. Rep.",COD,2024,YR2024,..,..,..,160221.226851046,6.12675551779212,0.0568247825820182,..,..
"Congo, Dem. Rep.",COD,2025,YR2025,..,..,..,..,..,..,..,..
"Congo, Rep.",COG,2011,YR2011,40.8,18.4,64.3,1022789.80364117,2.20591936286718,1.05242743383335,13.4984597364568,341500
"Congo, Rep.",COG,2012,YR2012,41.6,20.2,65.1,1093517.48523874,9.94715314257564,0.944931388370302,13.8812591508053,341500
"Congo, Rep.",COG,2013,YR2013,42.5,22,62.3,1059651.86943894,-0.712434451876447,1.11984540566293,14.2228374816984,341500
"Congo, Rep.",COG,2014,YR2014,43.4,23.9,62.1,1103100.55545954,6.64606540928447,1.0605360257884,14.5706588579795,341500
"Congo, Rep.",COG,2015,YR2015,44.3,25.8,64.2,1081235.49330555,0.415193061293763,1.12810370252086,14.9270307467057,341500
"Congo, Rep.",COG,2016,YR2016,45.3,27.9,67.7,963704.645271952,-8.68524343913786,1.07043781028987,15.2929311859444,341500
"Congo, Rep.",COG,2017,YR2017,46.2,29.8,69.8,887944.023606006,-5.59477371915547,1.03367382350737,15.6691390922401,341500
"Congo, Rep.",COG,2018,YR2018,47,31.85,70.6,846582.350097153,-2.30431780125842,1.17123140519682,16.0559824304539,341500
"Congo, Rep.",COG,2019,YR2019,47.7,33.7,69.8,835747.074640966,1.12447391976529,1.28891524697681,16.4470307467057,341500
"Congo, Rep.",COG,2020,YR2020,48.7,35.4,71.4,764827.368141829,-6.26777227963225,1.28685363330599,16.845654465593,341500
"Congo, Rep.",COG,2021,YR2021,49.7,37.5,71.4,754313.63893484,1.01507036990908,1.20634406636725,17.2538301610542,341500
"Congo, Rep.",COG,2022,YR2022,50.6,38.8,..,747315.539218545,1.47535613247133,1.38493056623382,17.6723396778917,341500
"Congo, Rep.",COG,2023,YR2023,51.3,40.1,..,743363.171076286,1.90686426346754,1.27244805620677,18.1050805270864,341500
"Congo, Rep.",COG,2024,YR2024,..,..,..,744469.125137515,2.57966943921721,1.33536271579755,..,..
"Congo, Rep.",COG,2025,YR2025,..,..,..,..,..,..,..,..
Costa Rica,CRI,2011,YR2011,99.2,92.8,38,5949548.00256322,4.40315923970431,1.66999542065841,90.2826674500588,51060
Costa Rica,CRI,2012,YR2012,99.5,93.1,38.1,6167656.56445824,4.88259241025739,1.63797343615926,91.3422248335292,51060
Costa Rica,CRI,2013,YR2013,99.6,93.6,37.8,6251538.84596897,2.49476611209954,1.68258114091864,92.3648061104583,51060
Costa Rica,CRI,2014,YR2014,99.4,94,37.6,6403763.50355424,3.54210987765977,1.68785381694898,93.3630826478653,51060
Costa Rica,CRI,2015,YR2015,99.4,94.3,38.3,6567484.8941208,3.65208096802883,1.61015749564449,94.360321190756,51060
Costa Rica,CRI,2016,YR2016,99.5,94.7,34.1,6774759.35258243,4.20432325175899,1.69149442839303,95.3191931061496,51060
Costa Rica,CRI,2017,YR2017,99.6,95.1,33.3,6990109.96298322,4.1576989627609,1.70887391193112,96.2235996866432,51060
Costa Rica,CRI,2018,YR2018,99.7,95.3,33.1,7108378.01732536,2.6159044043379,1.70246265595066,97.0978848413631,51060
Costa Rica,CRI,2019,YR2019,99.7,95.6,33.4,7219450.43392879,2.41751181762513,1.63874650393745,97.9152565609087,51060
Costa Rica,CRI,2020,YR2020,99.9,95.9,36.4,6863210.81991212,-4.27335432161462,1.42529676301864,98.5961613787701,51060
Costa Rica,CRI,2021,YR2021,100,96.1,34.2,7370280.77606113,7.93576224743147,1.59152551349924,99.0988640814728,51060
Costa Rica,CRI,2022,YR2022,100,96.3,..,7672716.92801615,4.55149177958398,1.61315999460817,99.5253623188406,51060
Costa Rica,CRI,2023,YR2023,100,96.6,..,8027407.74670577,5.11192183224598,1.58608566210135,99.9906972189581,51060
Costa Rica,CRI,2024,YR2024,..,..,..,8334482.89730229,4.32122429646145,1.63283566378358,..,..
Costa Rica,CRI,2025,YR2025,..,..,..,..,..,..,..,..
Cote d'Ivoire,CIV,2011,YR2011,55.8,19.4,79.1,843342.581150466,-5.37044724000579,0.307997563310417,72.2704402515723,318000
Cote d'Ivoire,CIV,2012,YR2012,55.8,20.9,74.9,888847.963346779,7.62041176451649,0.384376785213736,73.7958427672956,318000
Cote d'Ivoire,CIV,2013,YR2013,61.5,22.4,72.2,965050.89295952,10.7602131311256,0.409402344006993,75.2823113207547,318000
Cote d'Ivoire,CIV,2014,YR2014,61.9,24,71.9,1030208.21721997,9.37199994240375,0.426425227791211,77.1301729559748,318000
Cote d'Ivoire,CIV,2015,YR2015,62.6,25.9,64.5,1072882.83585796,7.19494942728191,0.44620325590139,79.3910125786164,318000
Cote d'Ivoire,CIV,2016,YR2016,64.3,28,64,1116963.1240115,7.17275963956332,0.43877495464017,81.7276886792453,318000
Cote d'Ivoire,CIV,2017,YR2017,65.6,30.2,62.5,1166350.90271815,7.41076242592504,0.461221278034062,84.0672075471698,318000
Cote d'Ivoire,CIV,2018,YR2018,67.1,32.3,60.5,1190300.15437567,4.84314605889178,0.449429152663727,86.3653238993711,318000
Cote d'Ivoire,CIV,2019,YR2019,68.6,34.7,61.1,1237465.17159626,6.72137167584978,0.467605284700189,88.6572610062893,318000
Cote d'Ivoire,CIV,2020,YR2020,69.9,36.9,61.8,1214990.19776937,0.699728593494228,0.459550187168112,90.9290849056604,318000
Cote d'Ivoire,CIV,2021,YR2021,71.1,39.35,58.2,1269021.92948007,7.06332910205232,0.580322307864011,93.2067169811321,318000
Cote d'Ivoire,CIV,2022,YR2022,72,41.7,..,1316686.65769787,6.39988362720531,0.605701555801839,95.5817672955975,318000
Cote d'Ivoire,CIV,2023,YR2023,72.4,44.1,..,1368880.61300751,6.60000045223954,0.575152377678325,98.0052012578616,318000
Cote d'Ivoire,CIV,2024,YR2024,..,..,..,1416352.20252375,6.01953461940062,0.589054440955677,..,..
Cote d'Ivoire,CIV,2025,YR2025,..,..,..,..,..,..,..,..
Croatia,HRV,2011,YR2011,100,100,27.2,11717.0650433512,-0.110906722446629,4.77830091047516,76.4888499749839,55964
Croatia,HRV,2012,YR2012,100,100,29.4,11509.360670252,-2.23743360119771,4.40975990806428,76.1269387463369,55964
Croatia,HRV,2013,YR2013,100,100,32.8,11565.7727988376,-0.13364573653061,4.34143567122871,75.6543849617611,55964
Croatia,HRV,2014,YR2014,100,100,33.6,11589.7536127921,-0.557692913614588,4.20723258150827,75.0767993710242,55964
Croatia,HRV,2015,YR2015,100,100,33.1,12001.0873793423,2.31998692708386,4.34144843408463,74.1856371953399,55964
Croatia,HRV,2016,YR2016,100,100,31.8,12552.7284423869,3.46646114288178,4.44976669563441,73.3840861982703,55964
Croatia,HRV,2017,YR2017,100,100,29.8,13174.9530794597,3.28396321643012,4.65112768894595,72.2144056893717,55964
Croatia,HRV,2018,YR2018,100,100,32.8,13737.3905773076,2.91107593407843,4.45402410514506,71.2739439639768,55964
Croatia,HRV,2019,YR2019,100,100,31.6,14304.7034858548,3.10152683894853,4.5506268056586,70.5701879779859,55964
Croatia,HRV,2020,YR2020,100,100,32.4,13233.7548151528,-8.31086401501189,4.39207849561316,69.946497498213,55960
Croatia,HRV,2021,YR2021,100,100,34.1,15040.8281968899,12.6322190351024,4.5132213846884,69.3170300214439,55960
Croatia,HRV,2022,YR2022,100,100,..,16235.6651202744,7.29445343642668,4.57371420212618,68.8999463902788,55960
Croatia,HRV,2023,YR2023,100,100,..,16828.7380372393,3.76164540703459,4.83573016043274,68.9722301644031,55960
Croatia,HRV,2024,YR2024,..,..,..,17443.3157105168,3.82688702890739,4.83151414825927,..,..
Croatia,HRV,2025,YR2025,..,..,..,..,..,..,..,..
Cuba,CUB,2011,YR2011,98,88.8,19.2,4317.18740695431,2.80230083647626,2.45522503021925,105.757568101214,106863
Cuba,CUB,2012,YR2012,98.3,90.1,19.4,4446.7151928551,3.01490028898772,2.55579516374824,105.984819360707,106649
Cuba,CUB,2013,YR2013,98.5,91,18.2,4570.918450754,2.74760256257211,2.56876181773557,108.40689886778,104220
Cuba,CUB,2014,YR2014,98.7,91.8,23.2,4623.87385890646,1.04757663187654,2.38402768086374,108.496202653336,104020
Cuba,CUB,2015,YR2015,99,92.6,21.1,4833.68388563614,4.4383335888395,2.61116898217438,108.309942363112,104100
Cuba,CUB,2016,YR2016,99.2,93.1,19.2,4862.54985525864,0.512843095700745,2.42368545978683,108.2815455594,104040
Cuba,CUB,2017,YR2017,99.4,93.7,22,4958.37878580835,1.80979178380274,2.35681925818751,108.360587668593,103800
Cuba,CUB,2018,YR2018,99.6,94.2,24,5079.19307519526,2.24794852913217,2.38546526365894,108.16105973025,103800
Cuba,CUB,2019,YR2019,99.8,94.5,23.1,5081.89615388804,-0.163087223606624,1.98985150737589,107.927225433526,103800
Cuba,CUB,2020,YR2020,99.9,94.7,24.5,4536.18416166847,-10.9494359030206,1.6536430395816,107.672003853565,103800
Cuba,CUB,2021,YR2021,100,94.9,20.9,4615.46705642281,1.25448735650322,1.95602152386118,107.149980732177,103800
Cuba,CUB,2022,YR2022,100,94.9,..,4723.85626529184,1.77465227724316,1.78698206661591,106.549325626204,103800
Cuba,CUB,2023,YR2023,100,94.9,..,4649.48464740841,-1.92937123169681,1.81740702369189,106.165038535645,103800
Cuba,CUB,2024,YR2024,..,..,..,4616.94006156588,-1.06173273220524,1.9129886264601,..,..
Cuba,CUB,2025,YR2025,..,..,..,..,..,..,..,..
Curacao,CUW,2011,YR2011,100,..,0.5,34773.1242563941,0.508457572414372,..,339.709459459459,444
Curacao,CUW,2012,YR2012,100,..,0.6,34365.3879937939,-0.34895035717112,..,342.540540540541,444
Curacao,CUW,2013,YR2013,100,..,1.1,33761.9979104925,-0.635696647893425,..,346.445945945946,444
Curacao,CUW,2014,YR2014,100,..,1.4,33097.7415790246,-0.637398345190817,..,351.146396396396,444
Curacao,CUW,2015,YR2015,100,..,1.3,32813.5048880932,0.45815174597594,..,355.810810810811,444
Curacao,CUW,2016,YR2016,100,..,1.4,32120.7588623186,-1.06770769957464,..,359.603603603604,444
Curacao,CUW,2017,YR2017,100,..,1.9,31609.6649299657,-1.27620931537493,..,360.754504504504,444
Curacao,CUW,2018,YR2018,100,..,2.5,31107.5041143598,-2.10411142994484,..,358.864864864865,444
Curacao,CUW,2019,YR2019,100,..,2.5,30472.5700758879,-3.20613171902549,..,354.596846846847,444
Curacao,CUW,2020,YR2020,100,..,2.8,25167.0416442278,-18.4384703505393,..,350.184684684685,444
Curacao,CUW,2021,YR2021,100,..,2.8,26481.2244127,4.18371193053579,..,346.72972972973,444
Curacao,CUW,2022,YR2022,100,..,..,28425.7904380656,6.90599999999999,..,345.317567567568,444
Curacao,CUW,2023,YR2023,100,..,..,29364.9381653798,4.20199999999977,..,348.31981981982,444
Curacao,CUW,2024,YR2024,..,..,..,30581.4501937246,5.02690000000014,..,..,..
Curacao,CUW,2025,YR2025,..,..,..,..,..,..,..,..
Cyprus,CYP,2011,YR2011,100,100,7.6,23671.7109375,0.416711868408683,6.67871500305715,124.079329004329,9240
Cyprus,CYP,2012,YR2012,100,100,8.6,22510.048828125,-3.44738151374587,6.11139379970946,126.125216450216,9240
Cyprus,CYP,2013,YR2013,100,100,9.7,21051.326171875,-6.58747751118347,5.440262861149,128.127164502165,9240
Cyprus,CYP,2014,YR2014,100,100,9.5,20737.90625,-1.77605867728616,5.67256975156453,130.065043290043,9240
Cyprus,CYP,2015,YR2015,100,100,10.4,21400.5078125,3.41892038889013,5.62213100101517,131.980735930736,9240
Cyprus,CYP,2016,YR2016,100,100,10.3,22688.466796875,6.57359080924678,5.83770911607033,133.88658008658,9240
Cyprus,CYP,2017,YR2017,100,100,10.9,23789.630859375,5.75083236554525,5.87048294831676,135.744047619048,9240
Cyprus,CYP,2018,YR2018,100,100,12,24991.2578125,6.27166360056404,5.67702050070156,137.525649350649,9240
Cyprus,CYP,2019,YR2019,100,100,12,26107.93359375,5.87559583386607,5.60889302704421,139.250108225108,9240
Cyprus,CYP,2020,YR2020,100,100,15,24929.412109375,-3.22063018637567,5.22358661605671,140.935822510823,9240
Cyprus,CYP,2021,YR2021,100,100,15.6,27359.16015625,11.3975590801512,5.25252617267475,142.565909090909,9240
Cyprus,CYP,2022,YR2022,100,100,..,29077.134765625,8.27372597293814,5.425313774533,144.087662337662,9240
Cyprus,CYP,2023,YR2023,100,100,..,29553.830078125,3.61945644636856,5.35563459868429,145.560173160173,9240
Cyprus,CYP,2024,YR2024,..,..,..,30232.66015625,3.94077381708404,5.40469504859816,..,..
Cyprus,CYP,2025,YR2025,..,..,..,..,..,..,..,..
Czechia,CZE,2011,YR2011,100,100,12.2,479465.873380635,1.77238085338473,11.253602294493,135.90687556649,77230
Czechia,CZE,2012,YR2012,100,100,12.8,475105.522565631,-0.770668190622743,10.8487615339863,136.097177262722,77230
Czechia,CZE,2013,YR2013,100,100,13.9,474749.369238308,-0.0418124160447491,10.41753532722,136.159958559959,77220
Czechia,CZE,2014,YR2014,100,100,14.8,484897.742563737,2.24521219862635,10.1886522126064,136.30337995338,77220
Czechia,CZE,2015,YR2015,100,100,14.8,507943.109364361,4.95875848915604,10.2684424579836,136.589288952208,77210
Czechia,CZE,2016,YR2016,100,100,14.8,520052.748673807,2.58087013921376,10.3928969863904,136.851858567543,77210
Czechia,CZE,2017,YR2017,100,100,14.5,545506.991498747,5.17356529967881,10.4187499138699,137.21587877218,77210
Czechia,CZE,2018,YR2018,100,100,14.7,559073.68328365,2.83030588267866,10.2865042924091,137.675534257221,77210
Czechia,CZE,2019,YR2019,100,100,15.9,576733.412232345,3.56577658128261,9.72456561033821,138.226810266108,77205.5
Czechia,CZE,2020,YR2020,100,100,17,544811.680992587,-5.30487955463876,8.86715826663618,138.575928842168,77198.53
Czechia,CZE,2021,YR2021,100,100,17.2,577124.8414681,4.02901832055149,9.4724309646164,136.108349053848,77186.83
Czechia,CZE,2022,YR2022,100,100,..,584304.821217307,2.8471706583814,9.15364691432385,138.290511305111,77171.73
Czechia,CZE,2023,YR2023,100,100,..,574255.603945566,0.0475803308973752,7.88005974203708,140.785547662605,77167.31
Czechia,CZE,2024,YR2024,..,..,..,579151.745415051,1.23308611983484,7.12966532502255,..,..
Czechia,CZE,2025,YR2025,..,..,..,..,..,..,..,..
Denmark,DNK,2011,YR2011,100,100,23.8,368540.033231776,1.3108037609606,7.80618220175594,139.2643,40000
Denmark,DNK,2012,YR2012,100,100,26.9,367135.980007053,-0.00543230161670749,6.9026384708987,139.7893,40000
Denmark,DNK,2013,YR2013,100,100,27,370700.304651953,1.39267343161971,7.18355983652162,140.3733,40000
Denmark,DNK,2014,YR2014,100,100,30.2,373539.00212192,1.27799983192831,6.41399137942491,141.086875,40000
Denmark,DNK,2015,YR2015,100,100,32.5,378715.006273442,2.10441456445301,5.99477468305967,142.087075,40000
Denmark,DNK,2016,YR2016,100,100,32,387318.659534463,3.07304549209093,6.2287600754887,143.20025,40000
Denmark,DNK,2017,YR2017,100,100,35,396597.229131758,3.05647723922718,5.81887534735593,144.1245,40000
Denmark,DNK,2018,YR2018,100,100,34.6,401975.864897277,1.8600074900921,5.78874820578994,144.8409,40000
Denmark,DNK,2019,YR2019,100,100,37.2,407393.665268878,1.71140093932736,5.17323991963432,145.36055,40000
Denmark,DNK,2020,YR2020,100,100,39.5,398976.348405976,-1.78010601831291,4.76521606117498,145.7851,40000
Denmark,DNK,2021,YR2021,100,100,39.5,423073.186365163,6.50025445756295,5.04788249694838,146.418325,40000
Denmark,DNK,2022,YR2022,100,100,..,421617.566517032,0.443832614908331,4.8270407249692,147.575925,40000
Denmark,DNK,2023,YR2023,100,100,..,421034.375424587,0.604587766175584,4.4073670007762,148.6738,40000
Denmark,DNK,2024,YR2024,..,..,..,433487.572678699,3.47783593140312,4.2782054919933,..,..
Denmark,DNK,2025,YR2025,..,..,..,..,..,..,..,..
Djibouti,DJI,2011,YR2011,58.1,6.8,32,..,..,0.661108756660109,40.9213977566868,23180
Djibouti,DJI,2012,YR2012,54.6,7.3,32.3,..,..,0.82337985015728,41.7060828300259,23180
Djibouti,DJI,2013,YR2013,58.6,7.6,29.9,368939.018545446,..,0.888889791475431,42.4859361518551,23180
Djibouti,DJI,2014,YR2014,58.9,8,29.4,388419.663773527,7.19298728463697,0.881106034903168,43.2578515962036,23180
Djibouti,DJI,2015,YR2015,59.1,8.5,24.8,409621.039622155,7.30898563450799,0.800048612533605,44.0169542709232,23180
Djibouti,DJI,2016,YR2016,59.8,8.7,23.6,431467.421189935,7.1234323372872,0.718448267388038,44.7650129421915,23180
Djibouti,DJI,2017,YR2017,60.2,9,23.3,447603.074396994,5.458091517212,0.641423683758974,45.5065142364107,23180
Djibouti,DJI,2018,YR2018,62.4,9.3,24.7,461517.332504884,4.77433934943193,0.686269570717672,46.2416738567731,23180
Djibouti,DJI,2019,YR2019,64.7,9.45,23.4,479580.125910597,5.54508081154978,0.765677513458601,46.9676013805004,23180
Djibouti,DJI,2020,YR2020,64.5,9.7,27.5,478108.449874591,1.2021151728969,0.674907798492202,47.6785159620362,23180
Djibouti,DJI,2021,YR2021,65.4,9.8,26.6,492029.528792916,4.40715667561153,0.731060389851309,48.3713546160483,23180
Djibouti,DJI,2022,YR2022,65,9.8,26.9,510238.576778038,5.16653702854374,0.762292717589368,49.0550474547023,23180
Djibouti,DJI,2023,YR2023,65.2,10,..,537481.213311314,6.80733529403308,0.763263436905869,49.7387402933563,23180
Djibouti,DJI,2024,YR2024,..,..,..,567237.382457077,6.98048467276334,0.765537056716653,..,..
Djibouti,DJI,2025,YR2025,..,..,..,..,..,..,..,..
Dominica,DMA,2011,YR2011,90.1,88.3,13.8,25762.8198630038,0.0427388878891435,0.861656988110582,92.0706666666667,750
Dominica,DMA,2012,YR2012,93.5,88.6,11.3,25698.0815417113,-0.15739179314221,0.785613009635695,92.1573333333333,750
Dominica,DMA,2013,YR2013,94.6,89.1,11.4,25479.165172488,0.0045039972976042,0.859212508068565,92.9533333333333,750
Dominica,DMA,2014,YR2014,95.7,89.2,9.9,25830.3610759808,2.33521742067693,0.950648686285933,93.8306666666667,750
Dominica,DMA,2015,YR2015,96.7,89.2,8.7,24945.8883681295,-3.37338262476895,1.02826303081949,93.88,750
Dominica,DMA,2016,YR2016,97.8,89,10.7,25599.229951441,1.44724556489263,1.11628307904491,92.808,750
Dominica,DMA,2017,YR2017,98.9,88.65,9.7,24051.4774585377,-7.5443637547282,1.01027797243635,91.328,750
Dominica,DMA,2018,YR2018,99.6,88.5,7.9,24881.3330595242,2.964010610466,1.04878692756769,90.8986666666667,750
Dominica,DMA,2019,YR2019,99.9,88.2,7.6,25975.69239835,3.94809757938053,1.26988803771361,90.5066666666667,750
Dominica,DMA,2020,YR2020,100,87.7,8.6,21995.3235759845,-15.7064024545862,1.14098826454353,90.0973333333333,750
Dominica,DMA,2021,YR2021,100,87.1,8.8,23306.5980179161,5.37983838954712,1.13687092646052,89.6026666666667,750
Dominica,DMA,2022,YR2022,100,86.8,8.9,25874.5099212881,10.3968076616121,1.21509592074941,89.1013333333333,750
Dominica,DMA,2023,YR2023,100,86.2,..,26946.9252743948,3.65221012208734,1.22387610885581,88.68,750
Dominica,DMA,2024,YR2024,..,..,..,27626.7653500491,2.052738472526,1.27331772524734,..,..
Dominica,DMA,2025,YR2025,..,..,..,..,..,..,..,..
Dominican Republic,DOM,2011,YR2011,97.9,87.6,16.8,288199.532226293,3.19196227475523,2.12429168575798,205.870854895467,48310
Dominican Republic,DOM,2012,YR2012,97.9,88,16.5,292528.579548541,2.77567100848816,2.17318836341436,208.453963982612,48310
Dominican Republic,DOM,2013,YR2013,98.4,88.4,16.6,303247.511245279,4.93473300709881,2.10753894045547,211.008755951149,48310
Dominican Republic,DOM,2014,YR2014,98.5,88.8,17.3,320980.233808681,7.11122629673892,2.10372169025182,213.527799627406,48310
Dominican Republic,DOM,2015,YR2015,98.6,89.5,14.9,339483.219341687,6.98771131236387,2.28789566173054,215.997288346098,48310
Dominican Republic,DOM,2016,YR2016,98.9,90.1,15.3,358291.980849989,6.71974078681295,2.35715917178999,218.410888014904,48310
Dominican Republic,DOM,2017,YR2017,100,90.6,16.9,368357.546323687,3.93386176401576,2.23015375777069,220.799896501759,48310
Dominican Republic,DOM,2018,YR2018,98.9,91.25,15.9,390286.39432583,7.09751640210159,2.37696846787898,223.18470296005,48310
Dominican Republic,DOM,2019,YR2019,99,91.8,14.4,405178.656959588,4.8940301149584,2.61257459696093,226.026774543851,48198.02
Dominican Republic,DOM,2020,YR2020,100,92.3,16,369179.861395493,-7.92905234231061,2.44597258432274,228.397349102723,48198.02
Dominican Republic,DOM,2021,YR2021,98.1,92.7,14.8,416552.68171568,14.0124289062207,2.66716087668998,230.786990834893,48198.02
Dominican Republic,DOM,2022,YR2022,98.1,93.2,..,434184.906721146,5.23795652902595,2.85936787390744,233.012351959686,48198.02
Dominican Republic,DOM,2023,YR2023,99.6,93.5,..,439766.99740938,2.19229848237939,2.89366632939923,235.098143035751,48198.02
Dominican Republic,DOM,2024,YR2024,..,..,..,457661.786731845,4.95352204492849,2.99473457012728,..,..
Dominican Republic,DOM,2025,YR2025,..,..,..,..,..,..,..,..
Ecuador,ECU,2011,YR2011,96.9,93.8,13.2,5572.33231636201,8.48147656332823,2.50021091296638,61.7097237880496,248360
Ecuador,ECU,2012,YR2012,97.2,94,13.2,5801.48545542137,5.783212336172,2.48269447452299,62.700088581092,248360
Ecuador,ECU,2013,YR2013,98,94.1,11.8,6127.40163804582,7.21123653679159,2.60378102840693,63.6460299565147,248360
Ecuador,ECU,2014,YR2014,99,94.3,12.2,6295.54507966387,4.22606520388456,2.71026279559796,64.5640360766629,248360
Ecuador,ECU,2015,YR2015,98.8,94.4,13.1,6213.52987555502,0.119692109287612,2.66047592480738,65.4945442100177,248360
Ecuador,ECU,2016,YR2016,98.7,94.4,14.8,6081.46074989129,-0.687954245877947,2.548787986578,66.4565107102593,248360
Ecuador,ECU,2017,YR2017,99.2,94.5,17,6346.73131132224,5.97039880954841,2.44983761168802,67.4807497181511,248360
Ecuador,ECU,2018,YR2018,98.7,94.6,16.3,6303.91886658338,1.04429460679607,2.47598953802116,68.6485223063295,248360
Ecuador,ECU,2019,YR2019,99.1,94.6,17.7,6208.57010496123,0.1654044646003,2.41784020907472,69.8180906748269,248360
Ecuador,ECU,2020,YR2020,98.9,94.6,20.2,5568.4147528235,-9.24509619165865,2.08585799722046,70.6477089708488,248360
Ecuador,ECU,2021,YR2021,100,94.6,18.9,6046.06754809033,9.42189269033631,2.32777079470983,71.1968674504751,248360
Ecuador,ECU,2022,YR2022,100,94.7,..,6350.08171894171,5.86842354862311,2.47809443692364,71.7663754227734,248360
Ecuador,ECU,2023,YR2023,98.7,94.7,..,6420.07904524134,1.98823813984235,2.60232947756693,72.3952448059269,248360
Ecuador,ECU,2024,YR2024,..,..,..,6237.68695812705,-2.00125476341026,2.64474970000791,..,..
Ecuador,ECU,2025,YR2025,..,..,..,..,..,..,..,..
"Egypt, Arab Rep.",EGY,2011,YR2011,99.4,99.4,5.4,55685.2763415275,1.7645719489982,2.40787061503775,91.5094268923602,995450
"Egypt, Arab Rep.",EGY,2012,YR2012,99.7,99.5,5.3,55661.3500388767,2.22619979863525,2.50058176167515,93.5868210357125,995450
"Egypt, Arab Rep.",EGY,2013,YR2013,99.9,99.7,5.3,55581.6241269558,2.18546605362143,2.39951090462348,95.7693033301522,995450
"Egypt, Arab Rep.",EGY,2014,YR2014,99.8,99.8,5.4,55914.8685144228,2.91591187985748,2.39012321445552,97.9744376914963,995450
"Egypt, Arab Rep.",EGY,2015,YR2015,99.3,99.8,5.3,57147.3208863665,4.37201907790141,2.40381816615146,100.052581244663,995450
"Egypt, Arab Rep.",EGY,2016,YR2016,100,99.8,5.1,58430.2632428066,4.34664345555447,2.46076060182603,102.109185795369,995450
"Egypt, Arab Rep.",EGY,2017,YR2017,100,99.9,4.9,59669.0752570818,4.18122099994778,2.52378641552398,104.170030639409,995450
"Egypt, Arab Rep.",EGY,2018,YR2018,100,99.9,5,61668.9842793987,5.3311086189448,2.42443152195678,106.165145411623,995450
"Egypt, Arab Rep.",EGY,2019,YR2019,100,99.9,6.2,63960.5056110704,5.55209307156956,2.20383858928624,108.044761665578,995450
"Egypt, Arab Rep.",EGY,2020,YR2020,100,99.9,6.7,65163.6793201899,3.55016483786838,2.25205800434348,109.814781254709,995450
"Egypt, Arab Rep.",EGY,2021,YR2021,100,99.9,6.1,66311.996832941,3.29064601202211,2.35795200966486,111.464169973379,995450
"Egypt, Arab Rep.",EGY,2022,YR2022,100,99.9,..,69637.9139260289,6.58784560886967,2.29974804261299,113.13300517354,995450
"Egypt, Arab Rep.",EGY,2023,YR2023,100,99.9,..,71046.7992480114,3.76028052279247,2.40830000255291,115.059291777588,995450
"Egypt, Arab Rep.",EGY,2024,YR2024,..,..,..,71501.2403909453,2.3991692678251,2.50251380967098,..,..
"Egypt, Arab Rep.",EGY,2025,YR2025,..,..,..,..,..,..,..,..
El Salvador,SLV,2011,YR2011,92.6,78.5,29.5,3468.71165412478,3.77358499834686,1.15322718229029,293.925048262548,20720
El Salvador,SLV,2012,YR2012,93.7,80.4,30.3,3554.95697970633,2.88770010188691,1.14454180790729,295.076013513513,20720
El Salvador,SLV,2013,YR2013,95,82.15,27.5,3617.84712060375,2.18295232499635,1.080823263161,296.276013513514,20720
El Salvador,SLV,2014,YR2014,95.1,83.9,24,3666.01248913873,1.7293998423459,1.10571957770258,297.439913127413,20720
El Salvador,SLV,2015,YR2015,95.4,85.5,21,3741.41745136712,2.40000008852115,1.17485133438427,298.439961389961,20720
El Salvador,SLV,2016,YR2016,96,87.2,20.7,3825.81981357244,2.53906241135864,1.18183137659657,299.266409266409,20720
El Salvador,SLV,2017,YR2017,96.8,88.6,25,3903.79344569346,2.24761908134138,1.06736376872868,299.880936293436,20720
El Salvador,SLV,2018,YR2018,97,89.9,23.2,3993.93748069675,2.4124442237792,1.14186822838715,300.183735521236,20720
El Salvador,SLV,2019,YR2019,97.4,90.9,19.4,4089.63754343638,2.43747159065784,1.30285851671355,300.304922779923,20720
El Salvador,SLV,2020,YR2020,99.7,92,23.7,3759.37371534963,-7.893101359867,1.06717705964691,300.901206563707,20720
El Salvador,SLV,2021,YR2021,97.9,92.9,21.9,4192.72271636064,11.9047617015957,1.20400614983067,301.919980694981,20720
El Salvador,SLV,2022,YR2022,100,93.7,..,4299.73671719542,2.95461516549889,1.34798885215862,303.104198841699,20720
El Salvador,SLV,2023,YR2023,98.3,94.4,..,4431.2342700611,3.5391566928735,1.46387486797945,304.518532818533,20720
El Salvador,SLV,2024,YR2024,..,..,..,4526.04265916169,2.60202016121069,1.50569728627702,..,..
El Salvador,SLV,2025,YR2025,..,..,..,..,..,..,..,..
Equatorial Guinea,GNQ,2011,YR2011,66.1,23.3,5.6,5670713.90321581,6.52392362989873,4.80007408391614,44.272192513369,28050
Equatorial Guinea,GNQ,2012,YR2012,65.7,23.9,4.4,5896862.19300911,8.31287184445641,4.3371269664928,46.1134759358289,28050
Equatorial Guinea,GNQ,2013,YR2013,65.9,23.6,3.7,5431684.65753689,-4.13319850131583,4.25139167653382,47.9935115864528,28050
Equatorial Guinea,GNQ,2014,YR2014,66,23.9,4.9,5245346.04665716,0.415066301596866,4.08471612226645,49.9047415329768,28050
Equatorial Guinea,GNQ,2015,YR2015,66.1,24.2,5.5,4590112.40622784,-9.11004114881537,3.71883517902943,51.8332620320856,28050
Equatorial Guinea,GNQ,2016,YR2016,66.2,24.1,4.8,4034841.46391758,-8.81641723219757,3.57336561935995,53.7677718360071,28050
Equatorial Guinea,GNQ,2017,YR2017,66.4,23.8,5,3674105.02843069,-5.66750850486686,3.12788819223808,55.7003921568627,28050
Equatorial Guinea,GNQ,2018,YR2018,66.5,23.7,4.8,3329825.9908613,-6.23654406734575,3.28825022178614,57.6264527629233,28050
Equatorial Guinea,GNQ,2019,YR2019,66.6,23.3,7.4,3045994.52632865,-5.48182537893445,3.0669803260373,59.5428520499109,28050
Equatorial Guinea,GNQ,2020,YR2020,66.7,23,6.5,2821847.50848836,-4.79108083383294,2.86058347723348,61.1931550802139,28050
Equatorial Guinea,GNQ,2021,YR2021,66.8,22.8,5.2,2777642.6916066,0.860269956382069,2.86038210447434,62.7018181818182,28050
Equatorial Guinea,GNQ,2022,YR2022,67,22.7,4.2,2796024.74925771,3.22350831658598,2.82155421683407,64.297504456328,28050
Equatorial Guinea,GNQ,2023,YR2023,66.9,22.1,..,2590521.28647197,-5.08930872071532,2.57914675064098,65.8662745098039,28050
Equatorial Guinea,GNQ,2024,YR2024,..,..,..,2551913.40881662,0.907248245986736,2.55052004844345,..,..
Equatorial Guinea,GNQ,2025,YR2025,..,..,..,..,..,..,..,..
Eritrea,ERI,2011,YR2011,41.2,8.5,77.1,10588.4805159939,8.67980010138049,0.205637180109289,24.7626561652109,121088.989
Eritrea,ERI,2012,YR2012,42.3,9.2,78.4,..,..,0.208858250345408,25.0820517513238,121082.12
Eritrea,ERI,2013,YR2013,43.5,9.4,79.7,..,..,0.193080836336668,25.3975905581196,121049.278
Eritrea,ERI,2014,YR2014,44.6,9.9,80.5,..,..,0.192428662307406,25.572294764578,121036.185
Eritrea,ERI,2015,YR2015,45.8,10.2,81.2,..,..,0.185989838823833,25.6468528978016,121088.775
Eritrea,ERI,2016,YR2016,46.9,10.6,81.4,..,..,0.191122470075508,25.8074296058691,121077.459
Eritrea,ERI,2017,YR2017,48,11,81.6,..,..,0.186042997803099,26.0206072238481,121071.233
Eritrea,ERI,2018,YR2018,49.1,11.2,80.8,..,..,0.205182976484296,26.3695100817645,121077.714
Eritrea,ERI,2019,YR2019,50.3,11.4,80.6,..,..,0.207888786905969,26.7606490641362,121080.546
Eritrea,ERI,2020,YR2020,51.4,11.7,80.9,..,..,0.204024524264334,27.1914115855899,121040.829
Eritrea,ERI,2021,YR2021,52.5,12,80.7,..,..,0.212495854704056,27.6467466920618,121178.2
Eritrea,ERI,2022,YR2022,53.4,11.9,..,..,..,0.219947692397037,28.1358115568642,121178.2
Eritrea,ERI,2023,YR2023,54.4,12,..,..,..,0.220205798195592,28.638732049164,121178.2
Eritrea,ERI,2024,YR2024,..,..,..,..,..,0.220047329974547,..,..
Eritrea,ERI,2025,YR2025,..,..,..,..,..,..,..,..
Estonia,EST,2011,YR2011,100,100,25.2,16619.9569245743,7.60697458913162,16.8260839104471,31.3149091766926,42390
Estonia,EST,2012,YR2012,100,100,25,17292.0300658655,3.67201872506541,16.0506269014195,31.2030195800896,42390
Estonia,EST,2013,YR2013,100,100,24.5,17658.4969465029,1.75649379621869,17.9337282254815,30.3196917414309,43470
Estonia,EST,2014,YR2014,100,100,25.3,18293.1637943167,3.32278988182702,17.3074333704818,30.2402806533241,43470
Estonia,EST,2015,YR2015,100,100,28.2,18617.2120111874,1.83815262882932,15.9815175075091,30.26011042098,43470
Estonia,EST,2016,YR2016,100,100,27.2,19187.4592450163,3.09301920751959,15.6467217413113,30.2689210950081,43470
Estonia,EST,2017,YR2017,100,100,27.5,20244.0852477334,5.63467248963991,16.6729670316324,30.816,42750
Estonia,EST,2018,YR2018,100,100,28.6,20920.1181261096,3.69969756161726,17.8889647853178,30.9234385964912,42750
Estonia,EST,2019,YR2019,100,100,31.3,21619.2608625531,3.72664943466884,11.6534202327534,31.0385497076023,42750
Estonia,EST,2020,YR2020,100,100,40.4,20954.3648017859,-2.88380751483778,9.12576098778358,31.0999298245614,42750
Estonia,EST,2021,YR2021,100,100,38,22660.0908235733,8.25488044580031,9.71169075504984,31.1329122807018,42750
Estonia,EST,2022,YR2022,100,100,..,22085.0797722487,-1.22616966587796,11.1341597224282,31.5665808565411,42730
Estonia,EST,2023,YR2023,100,100,..,21142.854119505,-2.74421914571231,8.37350742837627,32.0684764802247,42730
Estonia,EST,2024,YR2024,..,..,..,21092.1848141242,-0.0900428648493801,7.75936884491537,..,..
Estonia,EST,2025,YR2025,..,..,..,..,..,..,..,..
Eswatini,SWZ,2011,YR2011,51.2,40.6,69.3,46760.2598957089,1.83973625916165,0.733025416139978,64.9902906976744,17200
Eswatini,SWZ,2012,YR2012,54.3,42,68.8,48411.8287549283,4.09048190124592,0.72161820435409,65.3408720930233,17200
Eswatini,SWZ,2013,YR2013,57.5,43.6,66.1,50120.8469101496,4.09458522119226,0.851954442074709,65.6970930232558,17200
Eswatini,SWZ,2014,YR2014,65,44.5,68.3,50868.0159887494,2.05738179246586,0.865001201268328,66.0638953488372,17200
Eswatini,SWZ,2015,YR2015,64.1,45.7,68.8,51440.0506469562,1.70425806017289,0.858320652635208,66.4426162790698,17200
Eswatini,SWZ,2016,YR2016,63.4,47,64.3,52648.7156668032,2.94916821059911,0.910738255617408,66.8318023255814,17200
Eswatini,SWZ,2017,YR2017,73.5,47.75,65.3,54093.6116975121,3.52095345987983,0.916771355428058,67.3369186046512,17200
Eswatini,SWZ,2018,YR2018,74,48.4,65.7,53631.9328205563,0.0653956557843571,0.908609504939992,67.960988372093,17200
Eswatini,SWZ,2019,YR2019,77,48.7,64.4,56551.9570733824,6.43186888691574,0.962899428244033,68.5973255813954,17200
Eswatini,SWZ,2020,YR2020,80,49.4,63.7,54291.1225433439,-2.95183453409287,0.805379931233331,69.3447093023256,17200
Eswatini,SWZ,2021,YR2021,82.9,49.5,65.4,55940.7711631014,4.23621913615419,0.81982905586225,70.1507558139535,17200
Eswatini,SWZ,2022,YR2022,82.3,49.9,64.7,55588.9629892765,0.386070835562705,0.883161035575023,70.8672674418605,17200
Eswatini,SWZ,2023,YR2023,86.4,50.3,..,57010.6500902881,3.53257662836211,0.876387437363166,71.5410465116279,17200
Eswatini,SWZ,2024,YR2024,..,..,..,58124.3358260475,2.97391075973985,0.880335237065324,..,..
Eswatini,SWZ,2025,YR2025,..,..,..,..,..,..,..,..
Ethiopia,ETH,2011,YR2011,23,2.6,93.6,10519.2817657376,11.1782962297008,0.0854374939680603,82.537679592612,1128575.1
Ethiopia,ETH,2012,YR2012,29,3,93.3,11112.963074984,8.64781163513926,0.0938018335872736,84.8841807786957,1128582.1
Ethiopia,ETH,2013,YR2013,30.8,3.4,92.4,11959.394637179,10.5822700502552,0.106072048801188,87.224157853982,1128572.1
Ethiopia,ETH,2014,YR2014,27.2,3.8,91.4,12837.0489956991,10.2574929627477,0.122678387639653,89.598740246565,1128538.3
Ethiopia,ETH,2015,YR2015,29,4.3,91.5,13795.7296684846,10.3924630141307,0.130068091316854,92.0367822337439,1128539.4
Ethiopia,ETH,2016,YR2016,42.9,4.7,90.4,14693.8198832547,9.43348265981905,0.15021997848876,94.5614799764478,1128558.5
Ethiopia,ETH,2017,YR2017,44.3,5.2,90.8,15666.3480877079,9.56418965754014,0.144744318001779,97.1744352590326,1128552.8
Ethiopia,ETH,2018,YR2018,44.8,5.6,90,16288.940582449,6.81614778557282,0.155059082147088,99.8298825389562,1128561.4
Ethiopia,ETH,2019,YR2019,48,5.9,89.3,17182.6563531335,8.36408573314054,0.159693432847017,102.552159549746,1128570.9
Ethiopia,ETH,2020,YR2020,51.1,6.2,90.7,17736.4732984049,6.05953089054807,0.151498089800296,105.370090895445,1128571.4
Ethiopia,ETH,2021,YR2021,54.2,6.5,90.6,18242.966251583,5.64153069257077,0.156331429015701,108.230378298522,1128505.6
Ethiopia,ETH,2022,YR2022,55.4,6.9,..,18716.4441386503,5.32175988403378,0.146229646781817,111.107151376678,1128498.8
Ethiopia,ETH,2023,YR2023,55.4,7.1,..,19437.9163163073,6.59424599357075,0.147767891652244,114.037952012,1128498.8
Ethiopia,ETH,2024,YR2024,..,..,..,20384.1929147126,7.61277447511073,0.146636636122491,..,..
Ethiopia,ETH,2025,YR2025,..,..,..,..,..,..,..,..
Faroe Islands,FRO,2011,YR2011,100,..,5,279791.113033805,3.56636317884431,0.0412005850483077,34.7729226361032,1396
Faroe Islands,FRO,2012,YR2012,100,..,4.7,301167.919488103,7.08148344487884,0.0414155846845168,34.5924068767908,1396
Faroe Islands,FRO,2013,YR2013,100,..,4.5,319102.101728641,5.85614389735763,0.0414542138208349,34.5601719197708,1396
Faroe Islands,FRO,2014,YR2014,100,..,6.5,335171.801437185,5.43214206841004,0.0412984224002643,34.6905444126075,1396
Faroe Islands,FRO,2015,YR2015,100,..,7.5,335123.417656803,0.958001934486234,0.0409006319147631,35.0279369627507,1396
Faroe Islands,FRO,2016,YR2016,100,..,6.3,335888.727155103,1.38644795938293,0.0404334465469837,35.432664756447,1396
Faroe Islands,FRO,2017,YR2017,100,..,6,342724.19290554,3.51201367488443,0.0398565165404544,35.945558739255,1396
Faroe Islands,FRO,2018,YR2018,100,..,5.9,346560.514550161,2.76370952267429,0.0411797003686564,36.5300859598854,1396
Faroe Islands,FRO,2019,YR2019,100,..,5.4,356721.115230151,4.53851028676189,0.0405468025949954,37.1002865329513,1396
Faroe Islands,FRO,2020,YR2020,100,..,5.3,345720.536478645,-1.63732118017028,0.0399505374298488,38.4809663250366,1366
Faroe Islands,FRO,2021,YR2021,100,..,5.1,358253.902731912,5.06636291600633,0.0394025818072651,38.9021897810219,1370
Faroe Islands,FRO,2022,YR2022,100,..,7.9,367834.61937973,3.86099981669155,0.038952366820003,39.3518248175182,1370
Faroe Islands,FRO,2023,YR2023,100,..,..,375952.879773588,3.15873872329266,0.0385930091520565,39.7182481751825,1370
Faroe Islands,FRO,2024,YR2024,..,..,..,377273.641667124,0.843716851362103,0.0384045646568278,..,..
Faroe Islands,FRO,2025,YR2025,..,..,..,..,..,..,..,..
Fiji,FJI,2011,YR2011,92.5,34.1,33.4,9686.71443697043,2.70514302901054,1.36409091456743,49.972030651341,18270
Fiji,FJI,2012,YR2012,92.6,35.7,33.3,9802.71286364537,1.41131438177968,1.31727652095598,50.0776135741653,18270
Fiji,FJI,2013,YR2013,91.8,37,32.8,10250.7282908882,4.73421948956533,1.49844164687806,50.1561029009305,18270
Fiji,FJI,2014,YR2014,93,38.6,33.2,10810.5831170168,5.60351440618301,1.70000599399511,50.2235905856596,18270
Fiji,FJI,2015,YR2015,93.2,40.55,32.7,11284.9766558724,4.50120041028725,1.76054728068819,50.2779419813903,18270
Fiji,FJI,2016,YR2016,93.4,42.1,27.7,11553.572219437,2.44565179664245,1.73254885406989,50.3101258894362,18270
Fiji,FJI,2017,YR2017,96,44.1,28.6,12177.4691545197,5.35336455965039,1.67682711135347,50.2878489326765,18270
Fiji,FJI,2018,YR2018,95.1,45.8,25.8,12663.480793194,3.81235122208561,1.80433502693037,50.2014230979748,18270
Fiji,FJI,2019,YR2019,96.1,47.9,26.5,12621.1745777403,-0.581946709343867,1.76959423936413,50.0765736179529,18270
Fiji,FJI,2020,YR2020,97.1,49.5,31.8,10451.67946682,-17.1835352599354,1.17414583977713,50.0800766283525,18270
Fiji,FJI,2021,YR2021,92.1,51,29.7,9978.39013604069,-4.3459619989752,1.46469279849375,50.1757525998905,18270
Fiji,FJI,2022,YR2022,92,52.8,28.4,11714.4249321857,17.7451269773594,1.56000182723494,50.3241379310345,18270
Fiji,FJI,2023,YR2023,99.3,54.1,..,12755.0330305309,9.44245856738313,1.55581645737411,50.5826491516147,18270
Fiji,FJI,2024,YR2024,..,..,..,13139.4382332168,3.53085896076352,1.62222863442953,..,..
Fiji,FJI,2025,YR2025,..,..,..,..,..,..,..,..
Finland,FIN,2011,YR2011,100,100,35.1,42463.3092019111,2.39039455396828,10.8053750812877,17.7309947678436,303890
Finland,FIN,2012,YR2012,100,100,38.7,41618.1658527539,-1.52284013040689,9.66512380653683,17.8155615518773,303890
Finland,FIN,2013,YR2013,100,100,38.5,41020.9861348799,-0.979741024949618,9.80540072646081,17.8978314521702,303890
Finland,FIN,2014,YR2014,100,100,41.2,40656.3909408237,-0.4780684247837,9.05273118506377,17.9720030274112,303890
Finland,FIN,2015,YR2015,100,100,43.2,40711.7355481701,0.466503766322674,8.39046261440988,18.0301108880919,303910
Finland,FIN,2016,YR2016,100,100,42.4,41638.9631290577,2.57193414898754,8.88160307084068,18.0820078312658,303910
Finland,FIN,2017,YR2017,100,100,44.4,42913.6282649875,3.30337003591039,8.36494370044446,18.1238944459068,303920
Finland,FIN,2018,YR2018,100,100,44.2,43368.016281315,1.19297759742292,8.6010307269027,18.1479501184522,303920
Finland,FIN,2019,YR2019,100,100,45.4,43904.9647874187,1.34973845741737,7.99426833424913,18.1673609054717,303930
Finland,FIN,2020,YR2020,100,100,47.3,42749.8257993473,-2.49103605535707,7.13874546232844,18.1928768835954,303940
Finland,FIN,2021,YR2021,100,100,50.2,43803.0662963135,2.67634641498897,7.09479866241161,18.2301659134121,303947.7
Finland,FIN,2022,YR2022,100,100,..,44017.436132428,0.763041912763526,6.68162198489374,18.2798093224591,303947.7
Finland,FIN,2023,YR2023,100,100,..,43386.9454581207,-0.939093459613758,5.88954587564164,18.3705454665088,303960
Finland,FIN,2024,YR2024,..,..,..,43288.4252081572,0.416171964862073,5.53521221243539,..,..
Finland,FIN,2025,YR2025,..,..,..,..,..,..,..,..
France,FRA,2011,YR2011,100,100,10.6,34831.9833096702,2.43757653729007,5.56604040689413,121.237276185175,538950
France,FRA,2012,YR2012,100,100,12.3,34727.6271302941,0.183835264973013,5.55949763606406,121.825139623342,538950
France,FRA,2013,YR2013,100,100,13.4,34818.663712069,0.781756446231,5.45712098979101,122.456502458484,538950
France,FRA,2014,YR2014,100,100,13.2,34999.5061984721,0.997832947295251,4.93048874498212,123.039367288246,538950
France,FRA,2015,YR2015,100,100,13.3,35247.313408829,1.06675474783462,4.99116340691761,123.477636144355,538950
France,FRA,2016,YR2016,100,100,14.2,35456.768366646,0.860031075424033,5.01727531627851,123.803885332591,538950
France,FRA,2017,YR2017,100,100,14.1,36090.662873767,2.08361485997399,5.06155143263354,124.163688653864,538950
France,FRA,2018,YR2018,100,100,15.2,36553.4050956703,1.64590872395887,4.89217066506758,124.609607570276,538950
France,FRA,2019,YR2019,100,100,15.5,37170.6855330531,2.02744646419237,4.79214044818249,125.024698023935,538950
France,FRA,2020,YR2020,100,100,16.8,34293.4635244895,-7.44064589948231,4.24677642127474,125.431134613601,538950
France,FRA,2021,YR2021,100,100,16.2,36523.0709558895,6.88233783360239,4.66820869200128,125.879601076167,538950
France,FRA,2022,YR2022,100,100,..,37327.3413323509,2.71676264185913,4.51246828877731,126.513511457464,538950
France,FRA,2023,YR2023,100,100,..,37760.5423343604,1.43921494437743,4.15598361008436,126.862020595603,538950
France,FRA,2024,YR2024,..,..,..,38110.0919623339,1.19046798275883,4.00355772602595,..,..
France,FRA,2025,YR2025,..,..,..,..,..,..,..,..
French Polynesia,PYF,2011,YR2011,100,..,6.9,1873137.3768525,-2.96195745427229,3.52228523481288,78.2849322961683,3471
French Polynesia,PYF,2012,YR2012,100,..,6.6,1846541.72342576,-0.927537712532072,3.38577141099442,78.675885911841,3471
French Polynesia,PYF,2013,YR2013,100,..,6.5,1842811.79930695,0.398801414346934,3.61739611543053,79.1495246326707,3471
French Polynesia,PYF,2014,YR2014,100,..,7.4,1842622.84405562,0.593554452942286,3.55841627862381,79.6274848746759,3471
French Polynesia,PYF,2015,YR2015,100,..,7.8,1865867.0006406,1.80334081452726,3.61973037363333,80.0535868625756,3471
French Polynesia,PYF,2016,YR2016,100,..,8.1,1899852.4239016,2.30219823670438,3.61024149467365,80.431575914722,3471
French Polynesia,PYF,2017,YR2017,100,..,8.1,1974975.63257131,4.29263363103487,3.14473717095045,80.6934600979545,3471
French Polynesia,PYF,2018,YR2018,100,..,7.7,2012615.47808373,1.80687498305207,2.79792005432161,80.6150965139729,3471
French Polynesia,PYF,2019,YR2019,100,..,7.7,2072528.79577399,2.68946658143334,2.81327723503229,80.3900893114376,3471
French Polynesia,PYF,2020,YR2020,100,..,8.2,1852221.81233413,-10.5738138632489,2.56080570468717,80.4405070584846,3471
French Polynesia,PYF,2021,YR2021,100,..,7.4,1910576.42820381,3.36590242421546,2.28741350717676,80.6084701815039,3471
French Polynesia,PYF,2022,YR2022,100,..,7,1962586.22288482,2.9373470716322,3.30197091069913,80.7772976087583,3471
French Polynesia,PYF,2023,YR2023,100,..,..,2011696.15606258,2.77284077155413,3.30181631912578,80.990492653414,3471
French Polynesia,PYF,2024,YR2024,..,..,..,2029381.81095572,1.12638897730247,3.45591131519089,..,..
French Polynesia,PYF,2025,YR2025,..,..,..,..,..,..,..,..
Gabon,GAB,2011,YR2011,88.7,81.8,79.7,2490502.70277247,7.09175334258654,3.26602075775049,6.91576434974968,257670
Gabon,GAB,2012,YR2012,89.3,83,75.5,2529162.97184076,5.25107691750407,3.1891467218658,7.16765242364264,257670
Gabon,GAB,2013,YR2013,86.4,84.1,82.2,2579361.95266325,5.63869900338696,3.17695376880692,7.42445375868359,257670
Gabon,GAB,2014,YR2014,87.1,85.2,81.3,2601796.85321313,4.31496444107469,3.16776342891399,7.67803391935421,257670
Gabon,GAB,2015,YR2015,87.3,86,81.9,2619835.02169781,3.8788993950789,3.15596997338055,7.92094151434005,257670
Gabon,GAB,2016,YR2016,88.1,87.1,81.5,2599090.33017094,2.09144220829562,3.12287828535461,8.15114681569449,257670
Gabon,GAB,2017,YR2017,86.3,87.7,90.2,2542855.95066994,0.472642030911146,2.66535305299272,8.37078433655451,257670
Gabon,GAB,2018,YR2018,89.6,88.8,90.3,2499931.33600142,0.83791658082157,2.44580571147547,8.58585788023441,257670
Gabon,GAB,2019,YR2019,90.3,89.4,90.2,2534494.78644939,3.92080879452831,2.49273935862938,8.80081499592502,257670
Gabon,GAB,2020,YR2020,91.1,90,91.3,2429179.41037638,-1.83776106357656,2.3804551828839,9.01361819381379,257670
Gabon,GAB,2021,YR2021,91.8,90.5,91.3,2408646.89798995,1.46795731487489,2.25718447508796,9.22389878526798,257670
Gabon,GAB,2022,YR2022,93.5,91,..,2426652.34427393,3.03761449530657,2.29694822208975,9.43356618931191,257670
Gabon,GAB,2023,YR2023,94.1,91.4,..,2431772.06768875,2.43893665064327,2.06073835645602,9.64329956921644,257670
Gabon,GAB,2024,YR2024,..,..,..,2460670.09956978,3.39403899592401,2.0474983378969,..,..
Gabon,GAB,2025,YR2025,..,..,..,..,..,..,..,..
"Gambia, The",GMB,2011,YR2011,48.3,2.4,56.2,23030.5104789634,-8.13044422315659,0.233694797417461,196.026086956522,10120
"Gambia, The",GMB,2012,YR2012,49.9,2.3,57,23534.0631414903,5.24156924630741,0.217513242170943,201.886758893281,10120
"Gambia, The",GMB,2013,YR2013,51.5,2.2,59.3,23511.3253985607,2.872768790327,0.212137920544533,207.887351778656,10120
"Gambia, The",GMB,2014,YR2014,53,2.2,53.2,22530.2951035976,-1.40738249510954,0.223512932149642,213.886166007905,10120
"Gambia, The",GMB,2015,YR2015,54.7,2.1,49,22812.2330165172,4.0580738039996,0.228812481203886,219.815118577075,10120
"Gambia, The",GMB,2016,YR2016,56.4,2,48.6,22652.3174629308,1.94335965478776,0.224978971165648,225.668873517787,10120
"Gambia, The",GMB,2017,YR2017,56.2,1.9,48,23152.4977275532,4.8226112492757,0.223551557965647,231.441600790514,10120
"Gambia, The",GMB,2018,YR2018,60.3,1.9,48.1,24233.2272198404,7.23489033258579,0.191821079232149,237.117786561265,10120
"Gambia, The",GMB,2019,YR2019,62.1,1.8,47.4,25141.6056127292,6.22205315994859,0.189267206220664,242.771146245059,10120
"Gambia, The",GMB,2020,YR2020,62.2,1.7,49.8,24698.3120625281,0.591487287873974,0.167744351248722,248.590217391304,10120
"Gambia, The",GMB,2021,YR2021,63.7,1.7,48.6,25388.1472509812,5.25596878816744,0.185403006975905,254.546442687747,10120
"Gambia, The",GMB,2022,YR2022,65.4,1.7,47.7,26168.5316730325,5.49299823010114,0.187713116401856,260.520750988142,10120
"Gambia, The",GMB,2023,YR2023,66.9,1.6,..,27086.3214398614,5.9167957146697,0.17562165357906,266.5854743083,10120
"Gambia, The",GMB,2024,YR2024,..,..,..,27946.2315742138,5.55126069510321,0.178370340740612,..,..
"Gambia, The",GMB,2025,YR2025,..,..,..,..,..,..,..,..
Georgia,GEO,2011,YR2011,100,68.5,31.5,9031.68717410975,7.9343365253078,2.01914524945287,65.7203016200707,69490
Georgia,GEO,2012,YR2012,100,71.3,28.7,9697.02918360878,6.57883101954195,2.21884676178385,65.238006928164,69490
Georgia,GEO,2013,YR2013,100,74,32.4,10225.4961981543,5.13288531209382,2.46103202330063,65.0419538822212,69490
Georgia,GEO,2014,YR2014,100,76.9,30.7,10638.7726668771,4.09049059581743,2.64568558380433,65.0725007872914,69490
Georgia,GEO,2015,YR2015,100,79.4,27.5,10977.9785444085,3.35102350265353,2.8580432698141,65.1750586094685,69490
Georgia,GEO,2016,YR2016,100,81.7,27.2,11349.9512408434,3.45021517996871,2.95779616660474,65.2140557752196,69490
Georgia,GEO,2017,YR2017,100,84.1,27.5,11934.0000708154,5.15990261658827,2.99648283639181,65.2227859617201,69490
Georgia,GEO,2018,YR2018,99.9,86.3,27.4,12662.3854939248,6.062036412677,2.98855589984192,65.197330207495,69490
Georgia,GEO,2019,YR2019,100,87.9,24.7,13366.6257992598,5.38071926589951,3.20488817553864,65.0855698239966,69490
Georgia,GEO,2020,YR2020,100,89.6,23.4,12517.2051803038,-6.2904717853839,3.1000484592432,65.1302704783232,69490
Georgia,GEO,2021,YR2021,100,90.9,25.2,13902.2436977736,10.6442336580969,3.32825506052133,64.8834808775675,69490
Georgia,GEO,2022,YR2022,100,92.2,..,15409.5539881191,10.9585321385624,3.62639535278365,64.9515728331992,69490
Georgia,GEO,2023,YR2023,100,93.2,..,16603.1295796536,7.83220126555726,3.64859696572424,65.0037265124742,69490
Georgia,GEO,2024,YR2024,..,..,..,18288.6706294952,9.67979387500691,3.6402736868225,..,..
Georgia,GEO,2025,YR2025,..,..,..,..,..,..,..,..
Germany,DEU,2011,YR2011,100,100,12.5,39878.3384357739,3.75796884489337,9.81776726131477,230.304633348634,348560
Germany,DEU,2012,YR2012,100,100,13.6,39988.0401596885,0.463512036709204,9.94745307113612,230.750625466231,348540
Germany,DEU,2013,YR2013,100,100,13.6,40037.3795943375,0.396995583779145,10.1408601249876,231.155712565925,348880
Germany,DEU,2014,YR2014,100,100,14,40740.0782885191,2.18018602168017,9.61630846170469,232.108053883634,348900
Germany,DEU,2015,YR2015,100,100,14.6,41060.5826210614,1.66300602334775,9.60884887243027,234.152986871524,348860
Germany,DEU,2016,YR2016,100,100,14.2,41635.5896414063,2.22222216259371,9.58423383867929,235.712929356538,349360
Germany,DEU,2017,YR2017,100,100,15.2,42640.8570927845,2.797906720551,9.36976518940283,236.588722557747,349370
Germany,DEU,2018,YR2018,100,100,16,42995.7196471532,1.13569604599849,9.00657809367265,237.294012250272,349380
Germany,DEU,2019,YR2019,100,100,17.1,43318.3020963918,0.977734697038784,8.38218043063623,237.822954291766,349390
Germany,DEU,2020,YR2020,100,100,18.5,41494.5148903022,-4.13191443239947,7.72103264767393,238.017318755545,349390
Germany,DEU,2021,YR2021,100,100,17.6,43098.7041240093,3.90999994204108,8.06128144646434,238.118085806692,349390
Germany,DEU,2022,YR2022,100,100,..,43888.1061948575,1.8092581243061,7.91182860265874,238.086252003664,349360
Germany,DEU,2023,YR2023,100,100,..,43449.2561666655,-0.869647578573321,7.07982839106762,238.351810090719,349430
Germany,DEU,2024,YR2024,..,..,..,43115.1007321383,-0.495851897260366,6.94395663386317,..,..
Germany,DEU,2025,YR2025,..,..,..,..,..,..,..,..
Ghana,GHA,2011,YR2011,64.1,16.3,50.1,4067.15236599317,14.0471235803149,0.459557752784739,114.683519381208,227540
Ghana,GHA,2012,YR2012,56.5,17.5,46.5,4338.82787065649,9.2927894063005,0.541462365829504,117.492607893118,227540
Ghana,GHA,2013,YR2013,70.7,18.8,46.2,4545.26771209127,7.31252501678145,0.562243171221352,120.357708534763,227540
Ghana,GHA,2014,YR2014,78.3,19.9,47.7,4565.82341687305,2.85624016330883,0.529042716262329,123.238076821658,227540
Ghana,GHA,2015,YR2015,74,21.4,44,4556.3116277812,2.12075933817334,0.543997874552012,126.114388678914,227540
Ghana,GHA,2016,YR2016,79.3,22.7,45.2,4604.01821837042,3.37346574966936,0.546382156439567,129.017939702909,227540
Ghana,GHA,2017,YR2017,79,23.9,45.3,4870.17401887488,8.12889488100956,0.578922122819532,131.88166476224,227540
Ghana,GHA,2018,YR2018,80.4,25.3,42.1,5065.90404237149,6.20007768127284,0.621997458350585,134.647029093786,227540
Ghana,GHA,2019,YR2019,83.5,26.9,42.6,5288.32921264617,6.5077747939152,0.648665525979844,137.382028101418,227533
Ghana,GHA,2020,YR2020,85.4,28.3,40,5210.68025087581,0.513941670628171,0.71957907173867,140.147712389575,227530
Ghana,GHA,2021,YR2021,86.3,29.9,39,5368.98085760901,5.07646643533542,0.753155149511826,142.918455784436,227533
Ghana,GHA,2022,YR2022,85.1,31.5,..,5467.26072208423,3.80484980952164,0.717599050497581,145.689425270181,227533
Ghana,GHA,2023,YR2023,89.5,32.8,..,5532.33331894949,3.14009099763754,0.687364126711107,148.49676310689,227533
Ghana,GHA,2024,YR2024,..,..,..,5733.1060613234,5.59045469593266,0.702085843566409,..,..
Ghana,GHA,2025,YR2025,..,..,..,..,..,..,..,..
Gibraltar,GIB,2011,YR2011,99.8,..,0,..,..,14.5041061276058,3166,10
Gibraltar,GIB,2012,YR2012,99.9,..,0,..,..,14.6304911174248,3202.9,10
Gibraltar,GIB,2013,YR2013,99.9,..,0,..,..,15.4225938840374,3240.7,10
Gibraltar,GIB,2014,YR2014,99.9,..,0,..,..,16.3746076250267,3281.3,10
Gibraltar,GIB,2015,YR2015,100,..,0,..,..,17.6904769077818,3319.3,10
Gibraltar,GIB,2016,YR2016,100,..,0,..,..,18.1918117535207,3365.8,10
Gibraltar,GIB,2017,YR2017,100,..,0,..,..,18.9750328515112,3424.5,10
Gibraltar,GIB,2018,YR2018,100,..,0,..,..,19.7882595971768,3485.4,10
Gibraltar,GIB,2019,YR2019,100,..,0,..,..,20.2118667943878,3549.4,10
Gibraltar,GIB,2020,YR2020,100,..,0,..,..,17.6761673071075,3617.3,10
Gibraltar,GIB,2021,YR2021,100,..,0,..,..,17.4073471159585,3685.8,10
Gibraltar,GIB,2022,YR2022,100,..,..,..,..,16.9028689941238,3760.9,10
Gibraltar,GIB,2023,YR2023,100,..,..,..,..,16.3551766265499,3847.1,10
Gibraltar,GIB,2024,YR2024,..,..,..,..,..,16.1483892293219,..,..
Gibraltar,GIB,2025,YR2025,..,..,..,..,..,..,..,..
Greece,GRC,2011,YR2011,100,100,11.4,17416.3405718503,-9.87677875300243,7.75736006243731,86.1512723041117,128900
Greece,GRC,2012,YR2012,100,100,14.2,16051.928875399,-8.33113421099992,7.38387675666416,85.6866640806827,128900
Greece,GRC,2013,YR2013,100,100,16.6,15801.374911983,-2.27211699888024,6.73744445045335,85.067579519007,128900
Greece,GRC,2014,YR2014,100,100,16.4,16033.0004012885,0.792225060962835,6.51907892218189,84.5028161365399,128900
Greece,GRC,2015,YR2015,100,100,17.5,16102.1387995786,-0.228301892172851,6.41834866895798,83.947889837083,128900
Greece,GRC,2016,YR2016,100,100,16.4,16164.1081810632,-0.0317947678412054,6.32529541885367,83.5994647013189,128900
Greece,GRC,2017,YR2017,100,100,16.4,16434.6986088567,1.47312472702352,6.35852543809071,83.4342823894492,128900
Greece,GRC,2018,YR2018,100,100,17.9,16808.0869611722,2.06467207892409,6.19923893694163,83.2651823118697,128900
Greece,GRC,2019,YR2019,100,100,18.5,17208.9557306002,2.27718065334808,5.7354129269356,83.1775174553918,128900
Greece,GRC,2020,YR2020,100,100,20.1,15659.9493073813,-9.19623149726978,4.89415483279633,82.999216446858,128900
Greece,GRC,2021,YR2021,100,100,21.5,17223.5459103034,8.65449786002131,5.08222613106168,81.9953995345229,128900
Greece,GRC,2022,YR2022,100,100,..,18405.0564143582,5.52198580589408,5.28092585505901,80.968828549263,128900
Greece,GRC,2023,YR2023,100,100,..,18851.5121667368,2.13591131996631,4.92324127436463,80.7397284716835,128900
Greece,GRC,2024,YR2024,..,..,..,19248.963444392,2.0865743380603,5.04642227577271,..,..
Greece,GRC,2025,YR2025,..,..,..,..,..,..,..,..
Greenland,GRL,2011,YR2011,100,..,10.2,246231.323606961,-0.496519391959083,12.0038671119705,0.138603971251066,410450
Greenland,GRL,2012,YR2012,100,..,10.1,250015.842281288,1.39419335955625,9.48600598486182,0.138409063223292,410450
Greenland,GRL,2013,YR2013,100,..,11.2,248198.573021971,-1.29828069335511,9.51436715471912,0.137612376659764,410450
Greenland,GRL,2014,YR2014,100,..,12.5,260836.664002132,4.7421356730152,8.54072297717382,0.137154342794494,410450
Greenland,GRL,2015,YR2015,100,..,13.1,255059.343479346,-2.52931802394475,9.24546458994191,0.136713363381654,410450
Greenland,GRL,2016,YR2016,100,..,12.4,266658.954187876,4.68195410972302,9.18200263410814,0.136888780606651,410450
Greenland,GRL,2017,YR2017,100,..,11.3,266866.05426191,0.0527281828800312,8.95641956846828,0.136854671701791,410450
Greenland,GRL,2018,YR2018,100,..,11.4,269242.989486461,0.62306542854094,9.0730592792246,0.136491655500061,410450
Greenland,GRL,2019,YR2019,100,..,10.9,275873.721654068,2.83217756798683,9.31791907514451,0.136983798270191,410450
Greenland,GRL,2020,YR2020,100,..,11.8,275868.859439033,0.250789762104304,9.35831248780315,0.137329760019491,410450
Greenland,GRL,2021,YR2021,100,..,11.6,278961.396572114,1.63409410992996,9.67998164263146,0.138026556218784,410450
Greenland,GRL,2022,YR2022,100,..,11.7,284513.157198073,2.00455580865604,10.4198655159634,0.138046047021562,410450
Greenland,GRL,2023,YR2023,100,..,..,285947.419326475,0.865961986998158,10.2857645300273,0.138543062492386,410450
Greenland,GRL,2024,YR2024,..,..,..,..,..,10.4528819762123,..,..
Greenland,GRL,2025,YR2025,..,..,..,..,..,..,..,..
Grenada,GRD,2011,YR2011,88.8,92.3,11.4,16881.3069352867,0.764773550338731,0.819957351510988,329.644117647059,340
Grenada,GRD,2012,YR2012,90.2,92,11.5,16583.3739747284,-1.15483816409801,0.843272001773443,331.691176470588,340
Grenada,GRD,2013,YR2013,90.6,91.5,10.8,16866.7776925992,2.35109801677905,1.08029994624935,333.785294117647,340
Grenada,GRD,2014,YR2014,91,91,11,18002.8388182105,7.34212396037948,0.963796306031612,335.682352941176,340
Grenada,GRD,2015,YR2015,91.4,90.5,10.5,19072.2557466253,6.44522314693144,1.02113781436395,337.282352941176,340
Grenada,GRD,2016,YR2016,91.8,89.9,10.4,19707.4611308955,3.7396039558691,1.10831234256927,338.617647058824,340
Grenada,GRD,2017,YR2017,92.2,89.3,10.2,20527.2960376999,4.43867566948151,1.10882031913235,339.523529411765,340
Grenada,GRD,2018,YR2018,92.3,88.7,10.7,21375.7336352871,4.36144039364797,1.24037306272744,340.267647058824,340
Grenada,GRD,2019,YR2019,93,87.9,10.4,21466.5333114907,0.676511738873756,1.55542718203844,341.120588235294,340
Grenada,GRD,2020,YR2020,93.4,87.2,10.3,18456.1762405343,-13.7566222572107,1.3202568312117,342.179411764706,340
Grenada,GRD,2021,YR2021,93.7,86.3,10.2,19265.7342657343,4.6977240232674,1.37803373097491,343.2,340
Grenada,GRD,2022,YR2022,94.2,85.1,10,20634.3178260758,7.31023806981959,1.44894066528102,343.861764705882,340
Grenada,GRD,2023,YR2023,94.4,84.2,..,21537.3971865632,4.52657497450693,1.45113212220599,344.355882352941,340
Grenada,GRD,2024,YR2024,..,..,..,22366.9234772667,3.96332516398188,1.50076360626925,..,..
Grenada,GRD,2025,YR2025,..,..,..,..,..,..,..,..
Guam,GUM,2011,YR2011,100,..,0.5,30952.9671015894,0.0776548243059523,0.00180133659175108,308.412962962963,540
Guam,GUM,2012,YR2012,100,..,0.5,31653.7506538168,2.13385063045585,0.001803632515887,308.02037037037,540
Guam,GUM,2013,YR2013,100,..,0.6,32259.6194401263,1.69040835707501,0.0018075991468132,307.344444444444,540
Guam,GUM,2014,YR2014,100,..,0.7,32933.2994936128,1.79305192379529,0.00120856144930689,306.455555555556,540
Guam,GUM,2015,YR2015,100,..,2.3,33322.2158212304,0.825688073394488,0.00121281950213759,305.37962962963,540
Guam,GUM,2016,YR2016,100,..,4.4,33519.4510238503,0.18198362147406,0.00182667308031882,304.135185185185,540
Guam,GUM,2017,YR2017,100,..,3.9,33971.4967276286,0.890099909173486,0.00183497461618448,302.759259259259,540
Guam,GUM,2018,YR2018,100,..,4.5,33858.0886285261,-0.828231904933389,0.00184412247432059,301.257407407407,540
Guam,GUM,2019,YR2019,100,..,4.5,34899.3869277168,2.52360203340596,0.00247206565806388,299.644444444444,540
Guam,GUM,2020,YR2020,100,..,4.6,31160.9664648059,-10.5188595714539,0.0024667299794028,300.292592592593,540
Guam,GUM,2021,YR2021,100,..,4.5,31496.9767299823,2.0581832574708,0.00183228485921945,303.203703703704,540
Guam,GUM,2022,YR2022,100,..,6.7,32812.689187553,5.09986426216793,0.00181620050853614,305.888888888889,540
Guam,GUM,2023,YR2023,100,..,..,..,..,0.00180173687434687,308.344444444444,540
Guam,GUM,2024,YR2024,..,..,..,..,..,0.00178808775934723,..,..
Guam,GUM,2025,YR2025,..,..,..,..,..,..,..,..
Guatemala,GTM,2011,YR2011,84,37,67.1,26361.7958635561,4.16390688293349,0.820889438069957,138.037756625607,107160
Guatemala,GTM,2012,YR2012,86.8,37.5,67.4,26610.7479518905,2.97470856847661,0.833631164466604,140.814175065323,107160
Guatemala,GTM,2013,YR2013,88.1,38.3,67.2,27060.1222290771,3.69481894978053,0.87963888748261,143.59217058604,107160
Guatemala,GTM,2014,YR2014,85.5,38.9,66.2,27732.1020487223,4.44397783368888,0.926919710682339,146.339352370287,107160
Guatemala,GTM,2015,YR2015,90.5,39.7,63.3,28342.7754253246,4.09217081621244,1.06172507283645,149.045754012691,107160
Guatemala,GTM,2016,YR2016,91.8,40.6,63.2,28570.4317354242,2.67780277623314,1.10787792062825,151.817469204927,107160
Guatemala,GTM,2017,YR2017,93.3,41.3,65,28919.5684622478,3.07985126948702,1.02957279184604,154.603928704741,107160
Guatemala,GTM,2018,YR2018,94.2,42.3,64,29410.727732354,3.40687348346576,1.11243324329049,157.201241134752,107160
Guatemala,GTM,2019,YR2019,95.4,43,62.8,30130.7424436542,4.01789785040324,1.14962736649855,159.609957073535,107160
Guatemala,GTM,2020,YR2020,96.6,43.7,65.5,29160.5092950671,-1.78555175063326,1.01505848395418,161.97578387458,107160
Guatemala,GTM,2021,YR2021,97.9,44.8,62.1,31073.4854662147,8.04170378184928,1.14808238131902,164.227790220231,107160
Guatemala,GTM,2022,YR2022,99.1,45.5,..,31921.6952806208,4.18451817243695,1.06185178214753,166.553536767451,107160
Guatemala,GTM,2023,YR2023,100,46.5,..,32544.5175289291,3.5331575177533,1.11051475329048,169.138092571855,107160
Guatemala,GTM,2024,YR2024,..,..,..,33217.0605821608,3.65186382894819,1.1066501528086,..,..
Guatemala,GTM,2025,YR2025,..,..,..,..,..,..,..,..
Guinea,GIN,2011,YR2011,29.5,0.8,74.8,3889139.93124584,5.61211177430975,0.248995712600675,43.3697297737262,245720
Guinea,GIN,2012,YR2012,26.2,0.8,76.4,4019332.41361301,5.91528626133322,0.229920924452238,44.4472611102067,245720
Guinea,GIN,2013,YR2013,32.2,0.8,78.5,4077022.77447216,3.94568708624053,0.20281681180621,45.5472611102067,245720
Guinea,GIN,2014,YR2014,33.5,0.8,78.6,4124165.7832563,3.69655311664086,0.206869669841795,46.6910467198437,245720
Guinea,GIN,2015,YR2015,34.9,0.8,76.2,4174915.05062008,3.82591056949435,0.243671534205201,47.8881246947745,245720
Guinea,GIN,2016,YR2016,33.5,0.9,75.3,4509416.02677207,10.82062719659,0.267497057490953,49.1332817841446,245720
Guinea,GIN,2017,YR2017,35.4,0.9,72,4848339.22237807,10.3000053427355,0.264023093159597,50.4055795214065,245720
Guinea,GIN,2018,YR2018,45,0.9,73.2,5027097.91320963,6.35849192736715,0.294495596694597,51.7042731564382,245720
Guinea,GIN,2019,YR2019,42.2,0.9,68.3,5175216.44896491,5.61691446889876,0.369331917381969,53.0455233599219,245720
Guinea,GIN,2020,YR2020,44.7,1,65.8,5282185.58409529,4.70459096113575,0.403359971963588,54.4163397362852,245720
Guinea,GIN,2021,YR2021,46.8,1,66.8,5439024.77162598,5.5823328114905,0.370350839534597,55.7973018069347,245720
Guinea,GIN,2022,YR2022,47.7,1,66.6,5516425.5359375,3.97240784200721,0.371451377528373,57.1998087253785,245720
Guinea,GIN,2023,YR2023,51.1,1,..,5680540.5760993,5.54172668627702,0.348923061715176,58.6255412664822,245720
Guinea,GIN,2024,YR2024,..,..,..,5842771.26714622,5.35004659051708,0.352794025802477,..,..
Guinea,GIN,2025,YR2025,..,..,..,..,..,..,..,..
Guinea-Bissau,GNB,2011,YR2011,13.5,1.1,87.9,389581.00021392,8.08504167173554,0.19800059201182,57.1862019914651,28120
Guinea-Bissau,GNB,2012,YR2012,14.9,1.1,87.8,372858.667495854,-1.71286958446419,0.193894092164487,58.7274893314367,28120
Guinea-Bissau,GNB,2013,YR2013,16.3,1.1,87.7,374884.65128867,3.25607190852087,0.194283753338054,60.3119843527738,28120
Guinea-Bissau,GNB,2014,YR2014,17.2,1.1,87.3,368685.621053551,0.964525745841428,0.195965590004606,61.9175675675676,28120
Guinea-Bissau,GNB,2015,YR2015,20.1,1.1,87.2,381371.060148663,6.1340893623123,0.202915603342258,63.5297652916074,28120
Guinea-Bissau,GNB,2016,YR2016,22.9,1.1,86.8,392116.78848055,5.4326782650304,0.206780636205281,65.1455547652916,28120
Guinea-Bissau,GNB,2017,YR2017,26,1.1,86.8,400525.901830084,4.66367943913264,0.163339498964344,66.7522048364154,28120
Guinea-Bissau,GNB,2018,YR2018,28.4,1.1,86.6,405841.302061006,3.76145359637003,0.183438700467389,68.3559032716927,28120
Guinea-Bissau,GNB,2019,YR2019,30.9,1,86.2,417571.97265228,5.32749571119344,0.181227181434531,69.9749644381223,28120
Guinea-Bissau,GNB,2020,YR2020,33.4,1,87.2,419922.965098808,2.89139814952995,0.167042923027634,71.5951280227596,28120
Guinea-Bissau,GNB,2021,YR2021,35.8,0.95,87.4,431364.071144882,5.05055831244401,0.16319861514318,73.2162517780939,28120
Guinea-Bissau,GNB,2022,YR2022,37.4,0.9,87.4,445123.951510523,5.52987253058352,0.163331875267451,74.8765647226174,28120
Guinea-Bissau,GNB,2023,YR2023,40.5,0.8,..,460604.632294311,5.82749502627256,0.152925294159443,76.5767780938834,28120
Guinea-Bissau,GNB,2024,YR2024,..,..,..,469240.088227598,4.14631137217332,0.155449923501557,..,..
Guinea-Bissau,GNB,2025,YR2025,..,..,..,..,..,..,..,..
Guyana,GUY,2011,YR2011,84.2,100,32.8,1057036.559526,5.19625156051602,2.45713680706236,3.79046482092964,196850
Guyana,GUY,2012,YR2012,85.1,100,28.7,1112608.00120061,5.27633062046809,2.68341444589756,3.79115062230124,196850
Guyana,GUY,2013,YR2013,86,100,26.9,1147515.86955565,3.65338433338232,2.63645951246698,3.8101143002286,196850
Guyana,GUY,2014,YR2014,86.9,100,24,1160358.45877048,1.68649445019584,2.73802784035087,3.83149098298197,196850
Guyana,GUY,2015,YR2015,88,100,25,1161325.86345731,0.687404590619494,2.73412223026143,3.85461518923038,196850
Guyana,GUY,2016,YR2016,89,100,21.3,1198016.36570327,3.80745626378814,3.21708654858634,3.8788315976632,196850
Guyana,GUY,2017,YR2017,90,100,22.1,1234781.95240208,3.73449154571284,3.21257965409595,3.90388112776226,196850
Guyana,GUY,2018,YR2018,90.9,100,16.8,1252020.07185847,4.44091288475967,3.26041366624724,4.02111252222504,196850
Guyana,GUY,2019,YR2019,91.6,100,11.3,1292730.27802369,5.35284003535665,3.45861217212582,4.10294640589281,196850
Guyana,GUY,2020,YR2020,92.3,100,12,1855227.55334181,43.479651716849,4.12368835923074,3.82438666287771,211140
Guyana,GUY,2021,YR2021,92.9,100,13.2,2205532.43357916,20.0599975568418,4.07256076774227,3.86228095102775,211140
Guyana,GUY,2022,YR2022,93,100,12.1,3575412.25626402,63.3346343654855,4.48373186699236,3.89143222506394,211140
Guyana,GUY,2023,YR2023,98.9,100,..,4756422.49740728,33.795011115873,4.52651590785052,3.91376811594203,211140
Guyana,GUY,2024,YR2024,..,..,..,6801688.63187608,43.8193108024355,4.55860818422139,..,..
Guyana,GUY,2025,YR2025,..,..,..,..,..,..,..,..
Haiti,HTI,2011,YR2011,37.8,3.7,79,57201.0614323649,5.09821354410036,0.296967070987273,359.757039187228,27560
Haiti,HTI,2012,YR2012,37.9,3.8,82.2,56604.3158081748,0.502424403581585,0.273948632992746,365.376306240929,27560
Haiti,HTI,2013,YR2013,38.9,3.8,80.4,58170.8457203922,4.32478411472874,0.291263408593826,370.912989840348,27560
Haiti,HTI,2014,YR2014,39.6,3.8,77.8,58980.765315738,2.88877250863379,0.311214389725095,376.387336719884,27560
Haiti,HTI,2015,YR2015,40.8,3.9,76.1,58953.964747746,1.40000000859727,0.332026955191185,381.830261248186,27560
Haiti,HTI,2016,YR2016,40.4,4,76.1,59188.8390966669,1.81246807847532,0.335286924737644,387.208164005806,27560
Haiti,HTI,2017,YR2017,43.3,4.1,76.2,59854.0886675737,2.51027134544685,0.331556809297013,392.516473149492,27560
Haiti,HTI,2018,YR2018,44.4,4,76.2,60049.619142298,1.66781095484656,0.32453772280098,397.763497822932,27560
Haiti,HTI,2019,YR2019,45.4,4.2,76.4,58256.0348281245,-1.72309699839232,0.323714293972993,402.944956458636,27560
Haiti,HTI,2020,YR2020,46.3,4.2,76.3,55635.5825959227,-3.30550546965893,0.306345301003713,407.977068214804,27560
Haiti,HTI,2021,YR2021,47.2,4.4,76.7,54007.1524361414,-1.79823988931486,0.299641674870628,412.720827285922,27560
Haiti,HTI,2022,YR2022,49.3,4.4,..,52503.2256059535,-1.68198396897978,0.294629353613119,417.402249637155,27560
Haiti,HTI,2023,YR2023,51.3,4.5,..,50932.2616619282,-1.86388420254838,0.290485897277037,422.256821480406,27560
Haiti,HTI,2024,YR2024,..,..,..,48248.208719652,-4.16963395808132,0.298473814991934,..,..
Haiti,HTI,2025,YR2025,..,..,..,..,..,..,..,..
Honduras,HND,2011,YR2011,82.2,43.35,50.9,19431.7296606098,3.83569066207505,1.11128244992174,76.3301724908392,111890
Honduras,HND,2012,YR2012,83.6,44,49.3,19828.8804366135,4.12868774866939,1.13935896829815,77.8896773616945,111890
Honduras,HND,2013,YR2013,87.2,44.7,51.1,19982.9839948756,2.79155975746801,1.13847266335916,79.4465814639378,111890
Honduras,HND,2014,YR2014,88.7,45.4,52.2,20199.0550276163,3.0580805621437,1.09616752372968,81.0002859951738,111890
Honduras,HND,2015,YR2015,90,46,50.8,20579.2057315418,3.84007997093951,1.17120740302502,82.5570202877826,111890
Honduras,HND,2016,YR2016,91.6,46.7,52.7,20982.6632583895,3.89297219726413,1.03396802934008,84.121726695862,111890
Honduras,HND,2017,YR2017,86.5,47,45.6,21595.5821240352,4.84291391050387,0.974871343619725,85.6925283760837,111890
Honduras,HND,2018,YR2018,91.6,47.7,48.9,22019.2806913523,3.84499476966735,0.922263832523827,87.2750916078291,111890
Honduras,HND,2019,YR2019,91.1,48.35,46.2,22177.6789227841,2.55963434592314,1.02100509944404,88.8697202609706,111890
Honduras,HND,2020,YR2020,93.1,48.9,50.2,19838.284761118,-8.96508223267296,0.91129723982276,90.4427562784878,111890
Honduras,HND,2021,YR2021,94.1,49.3,45.9,21961.5744677998,12.5652843771279,1.00784489455025,91.9642237912235,111890
Honduras,HND,2022,YR2022,94.4,50.05,..,22491.2537156418,4.14356194013767,1.01020922274279,93.5192778621861,111890
Honduras,HND,2023,YR2023,95.6,50.3,..,22899.4468781198,3.57584760454412,1.11312971877201,95.1367503798373,111890
Honduras,HND,2024,YR2024,..,..,..,23317.1370025577,3.55397003296669,1.13551979026212,..,..
Honduras,HND,2025,YR2025,..,..,..,..,..,..,..,..
"Hong Kong SAR, China",HKG,2011,YR2011,100,..,0.5,360482.493353696,4.81470669259771,6.38924712936252,6734.85714285714,1050
"Hong Kong SAR, China",HKG,2012,YR2012,100,..,0.2,362586.816967595,1.70030613669923,6.24424833219116,6809.61904761905,1050
"Hong Kong SAR, China",HKG,2013,YR2013,100,..,0.3,372332.808647564,3.10152391561608,6.43354831520149,6837.04761904762,1050
"Hong Kong SAR, China",HKG,2014,YR2014,100,..,0.2,379940.24483021,2.76242639191302,6.57781312677225,6885.2380952381,1050
"Hong Kong SAR, China",HKG,2015,YR2015,100,..,0.2,385715.167391275,2.38777942738729,6.06825943247432,6944.09523809524,1050
"Hong Kong SAR, China",HKG,2016,YR2016,100,..,0.2,391672.709429436,2.17542886502997,6.14445383420113,6987.2380952381,1050
"Hong Kong SAR, China",HKG,2017,YR2017,100,..,0.2,403428.691229779,3.79611114629799,5.96964778445058,7041.14285714286,1050
"Hong Kong SAR, China",HKG,2018,YR2018,100,..,0.2,411607.090143037,2.84695146463069,5.91190993747149,7097.71428571429,1050
"Hong Kong SAR, China",HKG,2019,YR2019,100,..,0.2,401742.164919618,-1.6724459934221,5.79498927796055,7150.38095238095,1050
"Hong Kong SAR, China",HKG,2020,YR2020,100,..,0.3,376798.957358642,-6.54480412699255,4.55312124047587,7124.7619047619,1050
"Hong Kong SAR, China",HKG,2021,YR2021,100,..,0.4,404793.271370951,6.45444409087024,4.65895509301102,7060.09523809524,1050
"Hong Kong SAR, China",HKG,2022,YR2022,100,..,..,393437.470222295,-3.68378414495199,4.37404881501749,6996.28571428571,1050
"Hong Kong SAR, China",HKG,2023,YR2023,100,..,..,395882.220246547,3.2238599613664,4.52746115364711,7177.2380952381,1050
"Hong Kong SAR, China",HKG,2024,YR2024,..,..,..,406446.2194814,2.50498758466826,4.60070971943488,..,..
"Hong Kong SAR, China",HKG,2025,YR2025,..,..,..,..,..,..,..,..
Hungary,HUN,2011,YR2011,100,100,14.7,3970554.00814723,1.91670916599742,5.15825393134008,110.148315475533,90530
Hungary,HUN,2012,YR2012,100,100,16.5,3937652.15069773,-1.33948446518181,4.80352430687509,109.580934496852,90530
Hungary,HUN,2013,YR2013,100,100,17.2,4037053.96802952,2.03216990678146,4.5374057479924,109.05483265216,90530
Hungary,HUN,2014,YR2014,100,100,15.7,4229038.15656972,4.33435364113967,4.55934371452648,107.747512601359,91260
Hungary,HUN,2015,YR2015,100,100,15.6,4399599.86405049,3.65981615406955,4.85223400666785,107.360891957046,91260
Hungary,HUN,2016,YR2016,100,100,15.3,4524438.08773888,2.43864141309342,4.94531881179394,106.944499232961,91260
Hungary,HUN,2017,YR2017,100,100,14.6,4727016.89309365,4.12418389451805,5.2571073027842,106.582905982906,91260
Hungary,HUN,2018,YR2018,100,100,13.6,5002198.46174355,5.60613813768876,5.28069332491601,106.366031119877,91260
Hungary,HUN,2019,YR2019,100,100,13.6,5262751.18114573,5.07718495088933,5.31240175169761,106.233004602235,91260
Hungary,HUN,2020,YR2020,100,100,14.8,5047120.08859182,-4.33872540024058,5.13443109342005,105.965581854043,91260
Hungary,HUN,2021,YR2021,100,100,15.3,5433857.26801934,7.22291580811137,5.29398400902426,105.532895025203,91260
Hungary,HUN,2022,YR2022,100,100,..,5674727.72567916,4.15238057779229,4.95293425120931,105.249550734166,91260
Hungary,HUN,2023,YR2023,100,100,..,5635921.33461549,-0.817107370513455,4.48048025757632,105.108327854482,91260
Hungary,HUN,2024,YR2024,..,..,..,5685342.01995071,0.560117843140432,4.45791782423566,..,..
Hungary,HUN,2025,YR2025,..,..,..,..,..,..,..,..
Iceland,ISL,2011,YR2011,100,100,77.1,7769290.72705273,1.37999669140882,11.2966829041986,3.18218453865337,100250
Iceland,ISL,2012,YR2012,100,100,77.7,7818425.17990995,1.16931174886884,11.3655071776899,3.19916209476309,100250
Iceland,ISL,2013,YR2013,100,100,76.8,8023398.31791058,3.59695700972851,11.4608171384095,3.22956608478803,100250
Iceland,ISL,2014,YR2014,100,100,77.6,8086486.57853421,1.91381609098249,10.5804768682839,3.2656957605985,100250
Iceland,ISL,2015,YR2015,100,100,78,8304255.39047504,3.76859023848581,10.9704819914454,3.29990024937656,100250
Iceland,ISL,2016,YR2016,100,100,80.9,8699029.70435757,6.21808764217616,9.4768348343514,3.34602493765586,100250
Iceland,ISL,2017,YR2017,100,100,80.8,8793499.9009901,3.48506703916689,9.69685497961561,3.42543640897756,100250
Iceland,ISL,2018,YR2018,100,100,81.4,8960137.28130732,4.66077032612084,9.34052693205111,3.49817514628583,100830
Iceland,ISL,2019,YR2019,100,100,81.7,8865027.6622948,1.13821230465001,8.81066554249882,3.5759496181692,100830
Iceland,ISL,2020,YR2020,100,100,82.9,8142628.46453803,-6.64587816297836,8.38201946717677,3.63446394922146,100830
Iceland,ISL,2021,YR2021,100,100,82.4,8425209.04917857,5.1805719742238,8.49269837861054,3.69453535654071,100830
Iceland,ISL,2022,YR2022,100,100,..,8940771.53320785,8.82069395623492,8.48003811488391,3.78858474660319,100830
Iceland,ISL,2023,YR2023,100,100,..,9315204.34939312,5.18615760140189,8.34925829026897,3.82488346722206,100830
Iceland,ISL,2024,YR2024,..,..,..,9204663.87326458,-0.970676468918384,8.5199194837855,..,..
Iceland,ISL,2025,YR2025,..,..,..,..,..,..,..,..
India,IND,2011,YR2011,79.5,36.95,35,69268.6009992314,5.24131619937695,1.46337391608571,424.199245255096,2973190
India,IND,2012,YR2012,79.9,39.3,34.8,72051.3058967684,5.45638755166587,1.57607553513255,430.068210238834,2973190
India,IND,2013,YR2013,83.1,42.4,34.9,75637.803730957,6.38610640094825,1.59945855716817,435.838110245225,2973190
India,IND,2014,YR2014,85.1,44.8,33.9,80224.465582592,7.41022760508854,1.70517686000076,441.370107863944,2973190
India,IND,2015,YR2015,88,48.4,33.4,85612.0738215478,7.99625378571471,1.71550269097521,446.666542669658,2973190
India,IND,2016,YR2016,89.6,51.8,33,91582.6143978069,8.25630550179086,1.7202923565219,452.020992940243,2973190
India,IND,2017,YR2017,91.8,55.3,32.5,96675.6930439977,6.79538341897911,1.79545339877531,457.30592394028,2973190
India,IND,2018,YR2018,95.7,59,32.9,101791.886459201,6.45385134497769,1.85989309419052,462.351569862673,2973190
India,IND,2019,YR2019,95.9,62.7,33.5,104638.758779585,3.87143694070356,1.83688223212799,467.185182245332,2973190
India,IND,2020,YR2020,96.5,66.5,36.1,97637.9329390251,-5.77772470686801,1.68040016064392,471.755150192218,2973190
India,IND,2021,YR2021,99.6,70.2,34.9,106221.21964816,9.68959249192875,1.83702951699406,475.652042419085,2973190
India,IND,2022,YR2022,99.2,73.4,..,113404.308553031,7.60936497768895,1.96929618962877,479.425536881262,2973190
India,IND,2023,YR2023,99.5,76.7,..,122738.085815424,9.19075493028345,2.09622858892568,483.679010086809,2973190
India,IND,2024,YR2024,..,..,..,129550.567023679,6.49476552383821,2.17365173535787,..,..
India,IND,2025,YR2025,..,..,..,..,..,..,..,..
Indonesia,IDN,2011,YR2011,94.8,46.1,32.4,29212467.8927367,6.16978420771008,2.00399300866727,132.872174396105,1877519
Indonesia,IDN,2012,YR2012,96,51.5,30.1,30578268.7097204,6.03005065305615,1.9954892890649,134.591727167608,1877519
Indonesia,IDN,2013,YR2013,96.5,57,30.6,31879691.8225533,5.5572636889101,1.85640226795234,136.271572751061,1877519
Indonesia,IDN,2014,YR2014,97,61.9,29.3,33084644.0557756,5.006668425755,1.95102470107868,137.882705314833,1877519
Indonesia,IDN,2015,YR2015,97.5,66.8,26.6,34310706.1395734,4.87632230022123,1.95721455259026,139.438934572699,1877519
Indonesia,IDN,2016,YR2016,97.6,71.3,27.8,35652440.9726886,5.03306918280177,1.91626591013332,140.945267664402,1877519
Indonesia,IDN,2017,YR2017,98.1,75.3,25.2,37078930.3077804,5.06978590134916,2.00394276108737,142.393583234045,1877519
Indonesia,IDN,2018,YR2018,98.5,78.7,22,38621154.3076464,5.17429153955024,2.20953925241911,143.781152680745,1877519
Indonesia,IDN,2019,YR2019,98.9,81.85,19.8,40181952.6317615,5.01928768046282,2.33979466524606,145.132688936836,1877519
Indonesia,IDN,2020,YR2020,97,84.6,21.9,39018992.8808291,-2.06551182934165,2.16976580881181,146.371283592869,1877519
Indonesia,IDN,2021,YR2021,99.2,86.9,20.2,40179715.0235047,3.70288562827751,2.24993200107532,146.235107708626,1892555.47
Indonesia,IDN,2022,YR2022,100,88.8,..,41997636.4926668,5.30719722664799,2.5918955237502,147.330175215419,1892555.47
Indonesia,IDN,2023,YR2023,99.4,90.6,..,43747900.5970719,5.04902331835997,2.74747187282401,148.57692229227,1892555.47
Indonesia,IDN,2024,YR2024,..,..,..,45576126.1314507,5.03034469419038,2.86503978188758,..,..
Indonesia,IDN,2025,YR2025,..,..,..,..,..,..,..,..
"Iran, Islamic Rep.",IRN,2011,YR2011,99.5,96.9,0.9,805173555.776155,2.6457179180628,7.47503068180157,48.1247071391734,1628760
"Iran, Islamic Rep.",IRN,2012,YR2012,99.5,97.1,0.9,765365082.40893,-3.74717139864109,7.46470417628295,48.7306785530097,1628760
"Iran, Islamic Rep.",IRN,2013,YR2013,99.8,97,1,743930115.376782,-1.52197920494184,7.61840318570665,49.3717220462192,1628760
"Iran, Islamic Rep.",IRN,2014,YR2014,100,97,0.9,770593473.676263,4.98477506709476,7.8101095500119,50.0393213241976,1628760
"Iran, Islamic Rep.",IRN,2015,YR2015,100,97,0.9,749340642.215106,-1.42488493937503,7.61916074830014,50.7253137356025,1628760
"Iran, Islamic Rep.",IRN,2016,YR2016,100,97,1,803790467.85935,8.8150866425182,7.66363471449536,51.4576905130283,1628760
"Iran, Islamic Rep.",IRN,2017,YR2017,99.9,96.9,1,816291133.239127,3.02685468694025,7.83730730212281,52.4047790446841,1622500
"Iran, Islamic Rep.",IRN,2018,YR2018,100,96.8,1,775740910.88268,-3.74796015711334,7.68073939665899,53.0773485362096,1622500
"Iran, Islamic Rep.",IRN,2019,YR2019,100,96.5,1,749298753.058712,-2.36143538770575,8.18571981543646,53.6527876733436,1622500
"Iran, Islamic Rep.",IRN,2020,YR2020,100,96.4,0.9,776588084.153514,4.44180865358672,8.38853190019001,54.0668369799692,1622500
"Iran, Islamic Rep.",IRN,2021,YR2021,100,96.2,0.9,801975714.722491,4.13089685034471,8.86620624375505,54.518020338983,1622500
"Iran, Islamic Rep.",IRN,2022,YR2022,100,95.9,..,826893313.188393,4.35281087521344,8.84742330027555,55.1767309707242,1622500
"Iran, Islamic Rep.",IRN,2023,YR2023,100,95.7,..,860561667.748044,5.33235117216407,9.00722487961339,55.8451198767334,1622500
"Iran, Islamic Rep.",IRN,2024,YR2024,..,..,..,882741862.210379,3.66312056830718,9.05329342087712,..,..
"Iran, Islamic Rep.",IRN,2025,YR2025,..,..,..,..,..,..,..,..
Iraq,IRQ,2011,YR2011,98,96.3,1.1,4436999.33808901,7.546471200426,3.60389826022629,74.0500644685946,434320
Iraq,IRQ,2012,YR2012,99.3,97.1,1.3,4831029.45781175,13.9364301737537,3.95321422100273,77.4885844538589,434320
Iraq,IRQ,2013,YR2013,99,97.7,1.5,4959759.35483683,7.62828592298754,4.09302888224357,81.2709362215752,434128
Iraq,IRQ,2014,YR2014,99.2,98.1,1,4896063.42085522,2.26368817563613,3.78352330429891,84.1918950171378,434128
Iraq,IRQ,2015,YR2015,99.4,98.5,0.8,4888541.97896808,2.60676642939541,3.67151586099612,86.5194942505436,434128
Iraq,IRQ,2016,YR2016,99.7,98.7,0.9,5431092.68254668,13.7873730187089,4.03030161950881,88.6135586739395,434128
Iraq,IRQ,2017,YR2017,99.9,98.9,0.5,5214638.28285548,-1.81975035118309,4.25410677734214,90.6123378358457,434128
Iraq,IRQ,2018,YR2018,99.9,99.1,0.5,5228601.13132731,2.63385099105624,4.4937314270853,92.7505804739616,434128
Iraq,IRQ,2019,YR2019,100,99.3,0.9,5392802.18303133,5.51379057542323,4.70108992313127,94.8844148066247,434130
Iraq,IRQ,2020,YR2020,100,99.3,1.1,4639560.79793231,-12.0367930931152,4.3658386045124,97.0138092276507,434130
Iraq,IRQ,2021,YR2021,100,99.4,1.1,4604882.10801642,1.50218070952037,4.6367351965098,99.2127035680556,434130
Iraq,IRQ,2022,YR2022,100,99.4,..,4858656.14886458,7.95904804992662,5.04369459778254,101.514640775804,434130
Iraq,IRQ,2023,YR2023,100,99.5,..,4775079.85992783,0.517705525131191,5.16873911194444,103.826155759795,434130
Iraq,IRQ,2024,YR2024,..,..,..,4602455.04024965,-1.54525198318304,5.18375227496016,..,..
Iraq,IRQ,2025,YR2025,..,..,..,..,..,..,..,..
Ireland,IRL,2011,YR2011,100,100,7,44494.4695337465,1.60886648916944,8.10989492769128,66.4840179997097,68890
Ireland,IRL,2012,YR2012,100,100,6.9,44126.8722281153,-0.40502941658977,8.17522126702863,66.7663376397155,68890
Ireland,IRL,2013,YR2013,100,100,7.7,44857.722928421,2.1929375750029,7.8579683966663,67.1188271156917,68890
Ireland,IRL,2014,YR2014,100,100,8.8,48710.5963407146,9.38579335130922,7.75893459059544,67.6112643344462,68890
Ireland,IRL,2015,YR2015,100,100,9.5,60134.2185817522,24.6239856364006,8.00687883789665,68.2531136594571,68890
Ireland,IRL,2016,YR2016,100,100,8.6,60092.8886884433,1.22271661130947,8.29636917712182,69.1351720133546,68890
Ireland,IRL,2017,YR2017,100,100,10.1,65280.4645107298,10.1088576065965,7.92618041220563,70.0746842792858,68890
Ireland,IRL,2018,YR2018,100,100,10.8,69286.689198211,7.68865937437435,7.76337876800063,71.0991725939904,68890
Ireland,IRL,2019,YR2019,100,100,12.3,71585.8992825416,4.97288003766816,7.30821291296457,72.237712294963,68890
Ireland,IRL,2020,YR2020,100,100,13.7,75743.6222492915,7.15369505735335,6.80456776897729,73.1564377993903,68890
Ireland,IRL,2021,YR2021,100,100,12.7,86837.5855210313,16.2581881158197,7.11906758228265,74.1847147626651,68890
Ireland,IRL,2022,YR2022,100,100,..,91528.7973763226,7.51113888415304,6.84581291258731,75.6689795325882,68890
Ireland,IRL,2023,YR2023,100,100,..,87549.5845082912,-2.53637409313261,6.1870780177041,77.1017273914937,68890
Ireland,IRL,2024,YR2024,..,..,..,88422.8378050295,2.59946721553708,6.03605774131313,..,..
Ireland,IRL,2025,YR2025,..,..,..,..,..,..,..,..
Isle of Man,IMN,2011,YR2011,100,..,2.9,46948.8800929108,1.99999938207415,..,148.038596491228,570
Isle of Man,IMN,2012,YR2012,100,..,3.5,50406.0508685599,7.30389108511717,..,147.956140350877,570
Isle of Man,IMN,2013,YR2013,100,..,2.1,52614.832245873,4.14186158753493,..,147.615789473684,570
Isle of Man,IMN,2014,YR2014,100,..,1.9,55491.3960806752,5.15509983748599,..,147.178947368421,570
Isle of Man,IMN,2015,YR2015,100,..,2.2,55474.9919251612,-0.385866882198087,..,146.654385964912,570
Isle of Man,IMN,2016,YR2016,100,..,1.9,59422.0592816237,6.95230284899407,..,146.431578947368,570
Isle of Man,IMN,2017,YR2017,100,..,1.9,61003.7974380748,2.83775807093689,..,146.682456140351,570
Isle of Man,IMN,2018,YR2018,100,..,2,62208.2226597458,2.2133975392251,..,147.026315789474,570
Isle of Man,IMN,2019,YR2019,100,..,1.9,62253.8656693307,0.254877847398262,..,147.29298245614,570
Isle of Man,IMN,2020,YR2020,100,..,2,56680.36852874,-8.83681697473475,..,147.480701754386,570
Isle of Man,IMN,2021,YR2021,100,..,3.2,58826.2775545145,3.83783632334639,..,147.554385964912,570
Isle of Man,IMN,2022,YR2022,100,..,2.7,56358.5093259225,-4.16539345213232,..,147.6,570
Isle of Man,IMN,2023,YR2023,100,..,..,..,..,..,147.657894736842,570
Isle of Man,IMN,2024,YR2024,..,..,..,..,..,..,..,..
Isle of Man,IMN,2025,YR2025,..,..,..,..,..,..,..,..
Israel,ISR,2011,YR2011,100,100,9.1,139715.151948286,5.51879621371651,9.16057585825028,358.863216266174,21640
Israel,ISR,2012,YR2012,100,100,2.9,140515.985335946,2.44716836741318,9.80845711396245,365.549907578558,21640
Israel,ISR,2013,YR2013,100,100,3.3,143553.132576463,4.08570918638205,8.47298219492524,372.435304990758,21640
Israel,ISR,2014,YR2014,100,100,3.7,146141.112869263,3.77582843213109,8.02420974475699,379.653419593346,21640
Israel,ISR,2015,YR2015,100,100,3.7,146480.036992399,2.23760317482488,8.11347119962769,387.250462107209,21640
Israel,ISR,2016,YR2016,100,100,4,150042.354902879,4.45978271860821,7.90452843435525,394.916820702403,21640
Israel,ISR,2017,YR2017,100,100,3.9,153558.469236684,4.3469311670646,7.78383620442312,402.647874306839,21640
Israel,ISR,2018,YR2018,100,100,3.8,156659.298194263,4.00389862187025,7.14844418426622,410.480591497227,21640
Israel,ISR,2019,YR2019,100,100,4.5,159399.987519328,3.71049632750405,7.21388336646786,418.391866913124,21640
Israel,ISR,2020,YR2020,100,100,5.6,153447.209579929,-2.02161548237589,6.66216318867945,425.836414048059,21640
Israel,ISR,2021,YR2021,100,100,6.2,165053.880530124,9.38837403354628,6.50617837249504,433.059149722736,21640
Israel,ISR,2022,YR2022,100,100,..,171976.480669631,6.26326343841286,6.65826837562124,441.658964879852,21640
Israel,ISR,2023,YR2023,100,100,..,169934.723931364,1.82652049482384,6.14077571327038,455.129390018484,21640
Israel,ISR,2024,YR2024,..,..,..,169261.421138114,0.871968424377442,5.78134023099134,..,..
Israel,ISR,2025,YR2025,..,..,..,..,..,..,..,..
Italy,ITA,2011,YR2011,100,100,11.9,30546.2401394736,0.695463154440176,6.9053125750862,202.986767799052,295718
Italy,ITA,2012,YR2012,100,100,14.4,29510.7708933161,-3.12523877282996,6.55333989010063,203.542723134878,295718
Italy,ITA,2013,YR2013,100,100,16.3,28916.4327274749,-1.81802510749792,5.99742374656768,203.949752805037,295718
Italy,ITA,2014,YR2014,100,100,17.1,28911.6720730743,-0.00138761730454462,5.68586837020992,203.980505075782,295718
Italy,ITA,2015,YR2015,100,100,16.6,29211.8518791548,0.885667635240807,5.87319309166979,203.672434549131,295718
Italy,ITA,2016,YR2016,100,100,16.1,29629.2438273081,1.23622108511661,5.80834075921169,203.285640373599,295718
Italy,ITA,2017,YR2017,100,100,16.4,30161.0879538321,1.60369995294101,5.7611454316748,202.903617635721,295718
Italy,ITA,2018,YR2018,100,100,17.1,30336.3925426233,0.826646712344115,5.65886939655412,203.398704170865,295718
Italy,ITA,2019,YR2019,100,100,17.3,30680.6026364276,0.429162533780342,5.56784056329278,201.980545589195,295717
Italy,ITA,2020,YR2020,100,100,18.7,28096.3018615552,-8.86822122185345,4.96667406979317,200.999100491348,295717
Italy,ITA,2021,YR2021,100,100,17.5,30763.8100191241,8.93106210800055,5.58651571090224,199.965416259464,295717
Italy,ITA,2022,YR2022,100,100,..,32312.2896260624,4.82117669913565,5.60897190137329,199.559268903016,295720
Italy,ITA,2023,YR2023,100,100,..,32643.8500089583,0.975694840127005,5.1591446091273,199.459678073854,295720
Italy,ITA,2024,YR2024,..,..,..,32887.5364224175,0.692676948440536,5.07573834102673,..,..
Italy,ITA,2025,YR2025,..,..,..,..,..,..,..,..
Jamaica,JAM,2011,YR2011,91.1,87.4,9.8,624574.439828523,1.73037627006349,2.75432585616922,254.893259464451,10830
Jamaica,JAM,2012,YR2012,93.1,88,12.2,618069.378162839,-0.613636042132399,2.52991058385604,255.995383194829,10830
Jamaica,JAM,2013,YR2013,93.9,88.6,11.4,618756.676271434,0.517686011311724,2.68841288550042,257.034810710988,10830
Jamaica,JAM,2014,YR2014,93.3,89.2,11.9,620781.10385006,0.689822359762587,2.58240808318858,257.963896583564,10830
Jamaica,JAM,2015,YR2015,94.9,89.8,12.1,624537.650569092,0.92148712399856,2.53581223278647,258.775069252078,10830
Jamaica,JAM,2016,YR2016,96.6,90.4,11.1,640091.82067785,2.76043761369557,2.71374756887664,259.456602031394,10830
Jamaica,JAM,2017,YR2017,97.4,91.05,11,653409.232947079,2.29303371291363,2.59524590839289,259.996675900277,10830
Jamaica,JAM,2018,YR2018,98.2,91.5,8.9,668818.791091228,2.51584458612513,3.08184434790718,260.39676823638,10830
Jamaica,JAM,2019,YR2019,98.9,91.9,9.2,680155.098855193,1.80943147301357,2.98926316318908,260.689843028624,10830
Jamaica,JAM,2020,YR2020,99.7,92.4,11.7,622026.808335209,-8.30441923583135,2.09235114929352,261.379409048938,10830
Jamaica,JAM,2021,YR2021,100,92.8,10.5,655902.702593173,5.70467978309095,2.28087572885193,262.020498614958,10830
Jamaica,JAM,2022,YR2022,100,93,..,697778.764479716,6.43930323656186,2.64695978787973,262.155493998153,10830
Jamaica,JAM,2023,YR2023,97.7,93,..,716780.090542034,2.74634433906714,2.7128452636924,262.214773776547,10830
Jamaica,JAM,2024,YR2024,..,..,..,713098.465223172,-0.535039063867487,2.84378384565939,..,..
Jamaica,JAM,2025,YR2025,..,..,..,..,..,..,..,..
Japan,JPN,2011,YR2011,100,100,4.8,4072724.59147481,0.0238095237995424,9.93397401297005,350.707818930041,364500
Japan,JPN,2012,YR2012,100,100,4.7,4135313.67964177,1.37475099905274,10.2516011251361,350.148148148148,364500
Japan,JPN,2013,YR2013,100,100,5,4224320.97475774,2.00510017681211,10.3847926556554,349.643347050754,364500
Japan,JPN,2014,YR2014,100,100,5.6,4242459.41157799,0.296205514141889,10.0063625506773,349.179698216735,364500
Japan,JPN,2015,YR2015,100,100,6.2,4313243.36697053,1.56062669680782,9.69456115651128,348.809327846365,364500
Japan,JPN,2016,YR2016,100,100,6.4,4347980.62557839,0.753826745789127,9.66865261733136,348.631001371742,364500
Japan,JPN,2017,YR2017,100,100,6.9,4424444.72599471,1.67533175173359,9.55283290804272,348.345679012346,364500
Japan,JPN,2018,YR2018,100,100,7.3,4458564.64876075,0.643391023533141,9.17213648658239,347.903978052126,364500
Japan,JPN,2019,YR2019,100,100,7.8,4446875.59287863,-0.402169200894946,8.87456666113888,347.415637860082,364500
Japan,JPN,2020,YR2020,100,100,8.5,4274051.36978164,-4.16876457146743,8.39710520271501,346.395061728395,364500
Japan,JPN,2021,YR2021,100,100,8.8,4409539.54135511,2.69657404187188,8.5947828493867,344.80546776406,364500
Japan,JPN,2022,YR2022,100,100,..,4470877.45113808,0.941998775483285,8.3956307081074,343.278433470508,364500
Japan,JPN,2023,YR2023,100,100,..,4558989.5759804,1.47503481053384,8.05063579850566,341.54455749932,364569.27
Japan,JPN,2024,YR2024,..,..,..,4583670.4172799,0.104309021773304,7.84242057238933,..,..
Japan,JPN,2025,YR2025,..,..,..,..,..,..,..,..
Jordan,JOR,2011,YR2011,99.6,99.9,3,3333.28015898564,2.73717988632104,2.80918568252281,84.2579860328903,88780
Jordan,JOR,2012,YR2012,99.5,99.9,2.9,3366.24040957796,2.42935800100238,3.23339783293465,85.4598670871818,88780
Jordan,JOR,2013,YR2013,99.7,99.9,3.1,3279.19204525534,2.60994737548631,3.015399892565,90.0181234512278,88780
Jordan,JOR,2014,YR2014,99.8,99.9,3.1,3081.71344368729,3.38407809933472,2.93907556095458,99.0280468574003,88780
Jordan,JOR,2015,YR2015,99.9,99.9,3.2,2909.451771758,2.49652879315188,2.68560794130457,107.509900878576,88780
Jordan,JOR,2016,YR2016,100,99.9,4.7,2830.56890677705,1.9941808493012,2.52192429080405,112.70969813021,88780
Jordan,JOR,2017,YR2017,100,99.8,5.3,2836.00597641678,2.47359815449045,2.59425578446284,115.276255913494,88780
Jordan,JOR,2018,YR2018,99.9,99.8,7.2,2827.419069945,1.91907091341564,2.4097651129684,117.84530299617,88780
Jordan,JOR,2019,YR2019,99.9,99.8,8.5,2820.43395120883,1.75124077866225,2.18238735759201,120.187073450909,88794
Jordan,JOR,2020,YR2020,99.9,99.7,10.7,2739.69790601725,-1.10275188309046,1.9279853124113,122.364439038674,88794
Jordan,JOR,2021,YR2021,99.9,99.6,11.5,2788.23797101774,3.65564358999147,1.96480214444574,124.629547041467,88794
Jordan,JOR,2022,YR2022,100,99.5,..,2813.76837943463,2.64743514912058,2.07333464045749,126.768283893056,88794
Jordan,JOR,2023,YR2023,100,99.4,..,2848.62067871277,2.88408339281683,2.10161310922351,128.828670856139,88794
Jordan,JOR,2024,YR2024,..,..,..,2890.79612730198,2.48889409603647,2.0898692239058,..,..
Jordan,JOR,2025,YR2025,..,..,..,..,..,..,..,..
Kazakhstan,KAZ,2011,YR2011,99.8,92.1,1.4,645957.998247041,7.40000000144188,15.389052456457,6.32144386413305,2699700
Kazakhstan,KAZ,2012,YR2012,100,92.2,1.3,667571.819622508,4.79999999528297,14.9547390961317,6.4103811534615,2699700
Kazakhstan,KAZ,2013,YR2013,100,92.8,1.2,697533.756610514,5.99999999671084,15.7272046561439,6.50313071822795,2699700
Kazakhstan,KAZ,2014,YR2014,100,93,1.3,716232.110734645,4.20000000566705,13.07867493139,6.5993573360003,2699700
Kazakhstan,KAZ,2015,YR2015,100,93.3,1.7,714089.90681297,1.20000000053288,11.2116791211142,6.69858465755454,2699700
Kazakhstan,KAZ,2016,YR2016,100,93.5,2.1,710959.370929447,1.09999999910173,11.7692010281208,6.80208912101345,2699700
Kazakhstan,KAZ,2017,YR2017,100,93.8,2,728667.729791623,4.10000000257358,12.1409198865254,6.90889024706449,2699700
Kazakhstan,KAZ,2018,YR2018,100,94,1.9,747292.964505325,4.09999999309841,12.1155235587562,7.01290032225803,2699700
Kazakhstan,KAZ,2019,YR2019,100,94,1.9,769667.32972211,4.50000000091883,11.3909406022159,7.11544060451161,2699700
Kazakhstan,KAZ,2020,YR2020,100,94.2,1.8,739926.91502674,-2.49999999628,11.5744967551524,7.21640071119013,2699700
Kazakhstan,KAZ,2021,YR2021,100,94.2,2,761522.730526946,4.29999999729456,12.2524647603581,7.31325813979331,2699700
Kazakhstan,KAZ,2022,YR2022,100,94.1,..,774476.254859778,3.19999999970734,12.3050866627844,7.42105011667963,2699700
Kazakhstan,KAZ,2023,YR2023,100,94.2,..,802143.546442261,5.09999999973641,12.5643331681924,7.53050487091158,2699700
Kazakhstan,KAZ,2024,YR2024,..,..,..,831515.637760822,4.99999999996936,12.5678187536661,..,..
Kazakhstan,KAZ,2025,YR2025,..,..,..,..,..,..,..,..
Kenya,KEN,2011,YR2011,36.2,7.9,74.7,142432.76903722,5.1211061197056,0.324518228099931,75.1281951716625,569140
Kenya,KEN,2012,YR2012,38.1,8.8,76.2,145105.815551811,4.56867961444982,0.293759364539568,77.1133692940226,569140
Kenya,KEN,2013,YR2013,40.1,9.9,74.3,146938.953703099,3.7978483925754,0.308839543589584,79.043453280388,569140
Kenya,KEN,2014,YR2014,36,11.2,71.8,150747.881065174,5.02011100232484,0.341036024063525,80.9140808939804,569140
Kenya,KEN,2015,YR2015,41.6,12.6,69.2,154751.584281912,4.96772112759767,0.361032749251909,82.4529008736797,571096.05
Kenya,KEN,2016,YR2016,53.1,14.2,68.3,157750.589446084,4.21351706814744,0.384366853070731,84.0057771361452,573052.1
Kenya,KEN,2017,YR2017,55.8,16.1,68.1,160282.094922765,3.83795817364721,0.391204755110222,85.5601194522199,575008.15
Kenya,KEN,2018,YR2018,61.2,18,68.7,165930.512586595,5.64794640709219,0.381159185292234,87.019449386981,576964.2
Kenya,KEN,2019,YR2019,69.7,20.6,68.1,171024.658462706,5.11415885767801,0.380387200105182,88.4453894988127,578920.25
Kenya,KEN,2020,YR2020,71.5,23.05,69,167244.463304082,-0.272766327438816,0.367016056392308,89.8940686683206,580876.3
Kenya,KEN,2021,YR2021,76.5,25.8,67.7,176551.846002247,7.59048947333467,0.404281044163676,91.6187594501618,580876.3
Kenya,KEN,2022,YR2022,76,28.5,..,181606.19478626,4.85998104287999,0.405006512054817,93.3976149483117,580876.3
Kenya,KEN,2023,YR2023,76.2,31.6,..,188224.388502265,5.71999241214208,0.3843202596187,95.2681371231706,580876.3
Kenya,KEN,2024,YR2024,..,..,..,193296.419197978,4.72473994710138,0.38344092060836,..,..
Kenya,KEN,2025,YR2025,..,..,..,..,..,..,..,..
Kiribati,KIR,2011,YR2011,74.9,3.5,50.5,1850.20018617766,3.26372719532225,0.515151789022748,136.601234567901,810
Kiribati,KIR,2012,YR2012,76.7,4.1,48.7,1929.03975633216,5.80365974645258,0.496954151971786,138.622222222222,810
Kiribati,KIR,2013,YR2013,78.8,4.7,46.2,2049.8032291502,7.73092188699647,0.527943217554771,140.540740740741,810
Kiribati,KIR,2014,YR2014,83.4,5.5,48,2048.92392001804,1.26366268044595,0.526334044361202,142.377777777778,810
Kiribati,KIR,2015,YR2015,90.6,6.3,47.5,2250.68291164866,11.2653312371772,0.533321919274066,144.216049382716,810
Kiribati,KIR,2016,YR2016,92.6,7.1,48.1,2376.38137672875,7.08802960050427,0.57225814075187,146.269135802469,810
Kiribati,KIR,2017,YR2017,85.7,8.3,42.5,2428.63893211042,3.74913001948165,0.574516732488048,148.487654320988,810
Kiribati,KIR,2018,YR2018,87.5,9.4,42.3,2475.90303826922,3.47943880004293,0.621703089675961,150.720987654321,810
Kiribati,KIR,2019,YR2019,89.3,10.7,42.2,2518.8221739737,3.26425930432951,0.614100919133964,152.988888888889,810
Kiribati,KIR,2020,YR2020,91,11.9,42.2,2438.97769613771,-1.46805538131593,0.584461415237234,155.677777777778,810
Kiribati,KIR,2021,YR2021,92.8,13.3,42.2,2598.84797833731,8.47973787138213,0.627059364216332,158.49012345679,810
Kiribati,KIR,2022,YR2022,94.4,14.6,41.9,2673.94588338897,4.56632593100372,0.580980922671286,161.072839506173,810
Kiribati,KIR,2023,YR2023,95.9,16.4,..,2702.17337541997,2.65201087489879,0.573455066777333,163.617283950617,810
Kiribati,KIR,2024,YR2024,..,..,..,2802.45617686852,5.26689747917099,0.592485763986976,..,..
Kiribati,KIR,2025,YR2025,..,..,..,..,..,..,..,..
"Korea, Dem. People's Rep.",PRK,2011,YR2011,31.4,6.2,14.8,..,..,2.02453403025292,208.436790964206,120410
"Korea, Dem. People's Rep.",PRK,2012,YR2012,33.6,6.8,15.4,..,..,1.94440063767148,209.382343659165,120410
"Korea, Dem. People's Rep.",PRK,2013,YR2013,35.7,7.3,20.8,..,..,1.49661356655539,210.360028236857,120410
"Korea, Dem. People's Rep.",PRK,2014,YR2014,37.8,8,18.5,..,..,1.63490910588245,211.371663483099,120410
"Korea, Dem. People's Rep.",PRK,2015,YR2015,40,8.7,22.6,..,..,1.27678018091639,212.402209118844,120410
"Korea, Dem. People's Rep.",PRK,2016,YR2016,42.1,9.3,24,..,..,1.40192400080846,213.423519641226,120410
"Korea, Dem. People's Rep.",PRK,2017,YR2017,44.2,9.9,10.2,..,..,2.84853702549672,214.414990449298,120410
"Korea, Dem. People's Rep.",PRK,2018,YR2018,46.3,10.7,11.9,..,..,2.56049221424721,215.357088281704,120410
"Korea, Dem. People's Rep.",PRK,2019,YR2019,48.4,11.4,10,..,..,2.81942305659747,216.241441740719,120410
"Korea, Dem. People's Rep.",PRK,2020,YR2020,50.5,12.1,11.2,..,..,2.64172695826404,217.060975002076,120410
"Korea, Dem. People's Rep.",PRK,2021,YR2021,52.6,13.1,14.7,..,..,2.18395218700565,217.860094676522,120410
"Korea, Dem. People's Rep.",PRK,2022,YR2022,54.7,13.6,..,..,..,2.27140993081922,218.659953492235,120410
"Korea, Dem. People's Rep.",PRK,2023,YR2023,57.5,14.5,..,..,..,2.48536198751437,219.402076239515,120410
"Korea, Dem. People's Rep.",PRK,2024,YR2024,..,..,..,..,..,2.49971102490099,..,..
"Korea, Dem. People's Rep.",PRK,2025,YR2025,..,..,..,..,..,..,..,..
"Korea, Rep.",KOR,2011,YR2011,100,100,1.4,32749956.0543103,3.6880320602952,12.9702684429817,513.804280275749,97190
"Korea, Rep.",KOR,2012,YR2012,100,100,1.6,33408221.3348314,2.54766550568242,12.8528563619499,515.875583187751,97310
"Korea, Rep.",KOR,2013,YR2013,100,100,1.9,34351089.1662841,3.2913959543442,12.7317329769662,517.612269825303,97426
"Korea, Rep.",KOR,2014,YR2014,100,100,2.9,35233352.0123955,3.21468019683108,12.4261677995393,520.852499230217,97430
"Korea, Rep.",KOR,2015,YR2015,100,100,2.7,36071565.4570806,2.92029267301234,12.6198190502874,523.525547744882,97445
"Korea, Rep.",KOR,2016,YR2016,100,100,2.6,37068187.0130197,3.17152748983935,12.6677788190173,525.370072521002,97489
"Korea, Rep.",KOR,2017,YR2017,100,100,2.8,38233234.740818,3.433191763972,12.952944838832,526.734806686494,97510
"Korea, Rep.",KOR,2018,YR2018,100,100,3.2,39276923.9495669,3.17611568177327,13.1917269531809,528.969011484824,97520
"Korea, Rep.",KOR,2019,YR2019,100,100,3.2,40046161.0782705,2.31380210595475,12.6531894575046,530.377274590164,97600
"Korea, Rep.",KOR,2020,YR2020,100,100,3.6,39710953.9525042,-0.700242317542106,11.9094442789339,531.109006147541,97600
"Korea, Rep.",KOR,2021,YR2021,100,100,3.6,41596331.387073,4.61296795454287,12.3387268331673,530.425604508197,97600
"Korea, Rep.",KOR,2022,YR2022,100,100,..,42811088.0262214,2.72756456708991,11.8737409785064,529.43205942623,97600
"Korea, Rep.",KOR,2023,YR2023,100,100,..,43455112.958019,1.58301467403629,11.4162657281001,529.842407786885,97600
"Korea, Rep.",KOR,2024,YR2024,..,..,..,44292854.6494647,2.00361101838986,11.3622569893006,..,..
"Korea, Rep.",KOR,2025,YR2025,..,..,..,..,..,..,..,..
Kosovo,XKX,2011,YR2011,..,..,..,2313.51098719885,6.31981022896761,..,..,..
Kosovo,XKX,2012,YR2012,..,..,..,2333.3603190923,1.71219595890548,..,..,..
Kosovo,XKX,2013,YR2013,..,..,..,2443.11857474676,5.34079911900278,..,..,..
Kosovo,XKX,2014,YR2014,..,..,..,2532.35910652542,3.34880478431623,..,..,..
Kosovo,XKX,2015,YR2015,..,..,..,2718.94715239387,5.91623128345211,..,..,..
Kosovo,XKX,2016,YR2016,..,..,..,2887.72896451781,5.57177504731632,..,..,..
Kosovo,XKX,2017,YR2017,..,..,..,3004.34668755608,4.82565565298054,..,..,..
Kosovo,XKX,2018,YR2018,..,..,..,3096.20546818572,3.40663227056285,..,..,..
Kosovo,XKX,2019,YR2019,..,..,..,3258.34435971784,4.75680057007834,..,..,..
Kosovo,XKX,2020,YR2020,..,..,..,3082.16887849126,-5.34027547826166,..,..,..
Kosovo,XKX,2021,YR2021,..,..,..,3421.1501282978,10.7456560819583,..,..,..
Kosovo,XKX,2022,YR2022,..,..,..,3603.80867328471,4.27849895827543,..,..,..
Kosovo,XKX,2023,YR2023,..,..,..,3940.80353343619,4.06762701436438,..,..,..
Kosovo,XKX,2024,YR2024,..,..,..,4349.29341243752,4.5730971681166,..,..,..
Kosovo,XKX,2025,YR2025,..,..,..,..,..,..,..,..
Kuwait,KWT,2011,YR2011,100,100,0,11575.5897732837,9.62863419534361,29.3265415693367,175.803254769921,17820
Kuwait,KWT,2012,YR2012,100,100,0,11586.9718969323,6.62587485078971,27.5578052739662,187.267620650954,17820
Kuwait,KWT,2013,YR2013,100,100,0,11149.7124444531,1.14946552780648,26.7612812884495,196.848709315376,17820
Kuwait,KWT,2014,YR2014,100,100,0,10722.5031343122,0.500914669444924,25.1870221469575,205.716947250281,17820
Kuwait,KWT,2015,YR2015,100,100,0,10311.5416471295,0.592770817217982,24.9282188842881,215.183726150393,17820
Kuwait,KWT,2016,YR2016,100,100,0,10163.9298108737,2.92607584256388,24.5748353685826,224.696745230079,17820
Kuwait,KWT,2017,YR2017,100,100,0,9333.65959759431,-4.71222270495362,23.4582455235038,233.1544332211,17820
Kuwait,KWT,2018,YR2018,100,100,0,9215.52336466972,2.74333045031415,22.9164695855109,242.621492704826,17820
Kuwait,KWT,2019,YR2019,100,100,0.1,9172.1157162165,2.26381706595791,21.7968059903888,249.288215488215,17820
Kuwait,KWT,2020,YR2020,100,100,0.1,8813.69244184501,-4.81731593381585,21.1232409306072,246.928563411897,17820
Kuwait,KWT,2021,YR2021,100,100,0.1,9042.03539894035,1.67213054307859,22.9081845000934,244.717452300786,17820
Kuwait,KWT,2022,YR2022,100,100,..,9171.97965070486,6.75866711966617,22.3585581710822,257.555723905724,17820
Kuwait,KWT,2023,YR2023,100,100,..,8528.88958713649,-1.6672059801285,22.6972114508944,272.358024691358,17820
Kuwait,KWT,2024,YR2024,..,..,..,8236.14000309969,-2.56011099967517,23.6726718577295,..,..
Kuwait,KWT,2025,YR2025,..,..,..,..,..,..,..,..
Kyrgyz Republic,KGZ,2011,YR2011,98.3,72.4,26,83023.9328257179,5.95627429693504,1.42500243843647,28.9185974973931,191800
Kyrgyz Republic,KGZ,2012,YR2012,99.8,73.7,22.4,81402.5740807448,-0.0881501998439376,1.84730353944285,29.4685922836288,191800
Kyrgyz Republic,KGZ,2013,YR2013,98.9,74.5,24.8,88333.3312446449,10.9154694528045,1.67670910396995,30.1206986444213,191800
Kyrgyz Republic,KGZ,2014,YR2014,99.8,75.5,26.6,89885.5123768848,4.02403863083252,1.68334843700684,30.7916996871741,191800
Kyrgyz Republic,KGZ,2015,YR2015,98.7,76.3,23.5,91294.9855928011,3.87582544512439,1.70796995249697,31.4913242961418,191800
Kyrgyz Republic,KGZ,2016,YR2016,99.7,76.6,22.2,93166.3972239252,4.33585592190116,1.57746831023662,32.1967570385819,191800
Kyrgyz Republic,KGZ,2017,YR2017,100,77.4,24.7,95549.9461524703,4.73993722377884,1.5280901441896,32.8816266944734,191800
Kyrgyz Republic,KGZ,2018,YR2018,100,77.8,23.4,97027.0223875282,3.75791013557165,1.78020784661392,33.5979092805005,191800
Kyrgyz Republic,KGZ,2019,YR2019,99.9,78.1,28.3,99240.4036835846,4.60062565707598,1.55180160392437,34.3598070907195,191800
Kyrgyz Republic,KGZ,2020,YR2020,99.9,78.6,30,90277.4300701276,-7.14897757727955,1.38383515228208,35.0708863399374,191800
Kyrgyz Republic,KGZ,2021,YR2021,99.7,78.9,27.6,93516.3765627864,5.50700762671923,1.53476225562031,35.7206673618352,191800
Kyrgyz Republic,KGZ,2022,YR2022,99.7,79.1,..,100090.978736155,8.96750520041391,1.5054865652983,36.3671532846715,191800
Kyrgyz Republic,KGZ,2023,YR2023,100,79.6,..,107198.63307863,9.0132928339342,1.44095214620233,37.0164233576642,191800
Kyrgyz Republic,KGZ,2024,YR2024,..,..,..,114912.994103465,9.04013556120012,1.48784220370685,..,..
Kyrgyz Republic,KGZ,2025,YR2025,..,..,..,..,..,..,..,..
Lao PDR,LAO,2011,YR2011,70,3.9,63.6,11755290.0614478,8.03865268023725,0.486447711772495,27.8448440207972,230800
Lao PDR,LAO,2012,YR2012,76.4,4.3,62.4,12518812.0524413,8.02609843461283,0.511690636170271,28.2451386481802,230800
Lao PDR,LAO,2013,YR2013,79.3,4.8,58.6,13334590.6739662,8.02630022699017,0.596607216188438,28.6455155979203,230800
Lao PDR,LAO,2014,YR2014,82.5,5.2,58.2,14153124.567742,7.61196343979319,0.654511028510084,29.0432062391681,230800
Lao PDR,LAO,2015,YR2015,89.7,5.7,53.3,14962262.8055419,7.27006584373785,1.31255012574164,29.4698656845754,230800
Lao PDR,LAO,2016,YR2016,89,6.3,51.7,15764672.3701157,7.02283625501138,2.29721448088974,29.934150779896,230800
Lao PDR,LAO,2017,YR2017,93.6,6.9,50.6,16588709.2419124,6.8925308726989,2.74206282655521,30.4079159445407,230800
Lao PDR,LAO,2018,YR2018,92.9,7.4,50.2,17353425.7990796,6.24796000755872,2.78650036580858,30.8840771230503,230800
Lao PDR,LAO,2019,YR2019,98.4,8.1,50.5,18023426.433714,5.4577350924848,2.67630204116372,31.3589081455806,230800
Lao PDR,LAO,2020,YR2020,99.3,8.8,50.6,17845586.4732385,0.503031829018681,2.645846687138,31.8307322357019,230800
Lao PDR,LAO,2021,YR2021,100,9.6,51.5,18034944.3138069,2.52835100486102,3.19548907488521,32.2928682842288,230800
Lao PDR,LAO,2022,YR2022,100,10.3,49.2,18263934.0961055,2.70742652643155,3.17918742501495,32.7513301559792,230800
Lao PDR,LAO,2023,YR2023,96.5,11.1,..,18686042.9953035,3.74568140158232,3.35860711157858,33.2105415944541,230800
Lao PDR,LAO,2024,YR2024,..,..,..,19195298.7751424,4.13019264436937,3.35435098295083,..,..
Lao PDR,LAO,2025,YR2025,..,..,..,..,..,..,..,..
Latvia,LVA,2011,YR2011,99.8,100,35.5,11371.1407776535,3.03634482668815,3.99736079222842,33.0999244700853,62227
Latvia,LVA,2012,YR2012,100,100,40.4,12354.1189951035,7.30524057200897,3.94598880509891,32.691902228936,62227
Latvia,LVA,2013,YR2013,100,100,39.6,12748.8889010343,2.09609028156248,3.86525804077913,32.3436289713468,62227
Latvia,LVA,2014,YR2014,100,100,40.2,13139.1290522234,2.0949597710559,3.79876034591545,32.0404647500281,62227
Latvia,LVA,2015,YR2015,100,100,38.1,13748.3184806073,3.78336712084972,3.86745667695055,31.7792437366417,62227
Latvia,LVA,2016,YR2016,100,100,38.5,14228.5728720611,2.55168601974034,3.81753444818853,31.4901409356067,62227
Latvia,LVA,2017,YR2017,100,100,42.6,14843.1559718429,3.39894872623931,3.82654532273942,31.2123033409935,62227
Latvia,LVA,2018,YR2018,100,100,41,15603.9574008367,4.30971286294503,4.20714476222697,30.9700612274415,62227
Latvia,LVA,2019,YR2019,100,100,41.5,15818.9403194236,0.675372771884227,4.13194121501373,30.755491989008,62227
Latvia,LVA,2020,YR2020,100,100,43.8,15377.597609828,-3.46922750780554,3.82914774350693,30.5391129680219,62230
Latvia,LVA,2021,YR2021,100,100,44,16584.4615784642,6.94254173062592,3.99598830452802,30.2826610959344,62230
Latvia,LVA,2022,YR2022,100,100,..,16946.9081076077,1.90853419029801,3.68567769315781,30.2005945685361,62230
Latvia,LVA,2023,YR2023,100,100,..,16748.7734311545,-0.941606068823631,3.66319656422698,30.2701269484172,62230
Latvia,LVA,2024,YR2024,..,..,..,16898.8154056215,-0.0461080109713521,3.647774745944,..,..
Latvia,LVA,2025,YR2025,..,..,..,..,..,..,..,..
Lebanon,LBN,2011,YR2011,99.7,..,6.2,11471079.3258268,0.86733987855277,4.11737002602031,498.144672531769,10230
Lebanon,LBN,2012,YR2012,99.5,..,5.6,11451317.8613461,2.56479133680038,4.47632828355561,511.802737047898,10230
Lebanon,LBN,2013,YR2013,99.6,..,5.9,10838667.1847654,3.8278734986016,4.02278357415317,561.430694037146,10230
Lebanon,LBN,2014,YR2014,99.7,..,4.2,10051622.6288367,2.48406010500743,3.93405377982319,620.429130009775,10230
Lebanon,LBN,2015,YR2015,99.7,..,4.2,9902325.93466265,0.462320792597581,4.15689901334406,632.694916911046,10230
Lebanon,LBN,2016,YR2016,99.8,..,4,10293884.1609917,1.55454940856943,4.40699597979459,618.089931573803,10230
Lebanon,LBN,2017,YR2017,99.9,..,4,10661567.0973071,0.903028464073813,4.75585896916428,602.163049853372,10230
Lebanon,LBN,2018,YR2018,99.7,..,4.7,10768303.0701762,-1.88470575631651,4.59444406102218,584.957869012708,10230
Lebanon,LBN,2019,YR2019,100,..,5.1,10351529.718907,-6.91492472851026,4.66025747446672,566.431476050831,10230
Lebanon,LBN,2020,YR2020,100,..,6.3,8267860.11779606,-21.3998996914321,3.82658313221911,557.419159335288,10230
Lebanon,LBN,2021,YR2021,100,..,6.8,7667863.85460121,-7.00123862514116,2.92316253483224,558.956207233627,10230
Lebanon,LBN,2022,YR2022,100,..,..,7585217.9367042,-0.621678970663112,1.81652362812428,561.533626588465,10230
Lebanon,LBN,2023,YR2023,100,..,..,7489710.30189177,-0.760584470257314,1.87387427333851,564.368817204301,10230
Lebanon,LBN,2024,YR2024,..,..,..,..,..,1.89531037233795,..,..
Lebanon,LBN,2025,YR2025,..,..,..,..,..,..,..,..
Lesotho,LSO,2011,YR2011,22.5,32.8,42.3,9500.86573595252,4.61641394528752,0.270207332737838,66.337582345191,30360
Lesotho,LSO,2012,YR2012,20.6,34.3,40.8,10001.6246926543,6.33408374679448,0.283333185866373,67.0077075098814,30360
Lesotho,LSO,2013,YR2013,26.9,35.9,46.1,10071.250821783,1.79252555575545,0.2825669193933,67.7372859025033,30360
Lesotho,LSO,2014,YR2014,27.8,37.5,43.2,10127.378828502,1.71054990545476,0.288016522369956,68.5141304347826,30360
Lesotho,LSO,2015,YR2015,31.8,39.1,46,10322.0787594477,3.12406678044546,0.283472812790582,69.321837944664,30360
Lesotho,LSO,2016,YR2016,35.1,40.8,45.1,10565.0233146297,3.60890731687714,0.308624300725396,70.1720026350461,30360
Lesotho,LSO,2017,YR2017,33.7,42.6,41.5,10106.8647403239,-3.13817493733471,0.333455410247971,71.0510540184453,30360
Lesotho,LSO,2018,YR2018,47,44.4,42.5,9836.41119745668,-1.48063315848241,0.346995310044912,71.9236824769433,30360
Lesotho,LSO,2019,YR2019,44.6,46.2,41.6,9583.68823280476,-1.41799383085205,0.354575100536117,72.7735507246377,30360
Lesotho,LSO,2020,YR2020,47.5,48.1,43.2,8698.41706970484,-8.15595785459911,0.314528562744915,73.6405467720685,30360
Lesotho,LSO,2021,YR2021,50.4,49.8,33.6,8794.04379843487,2.26670961833291,0.33799947115729,74.4908432147563,30360
Lesotho,LSO,2022,YR2022,50,51.8,34.9,8907.26321130654,2.38778020186284,0.42915695220265,75.3000658761528,30360
Lesotho,LSO,2023,YR2023,57.3,53.8,..,8970.44774931299,1.82662476743647,0.428947441284169,76.135441370224,30360
Lesotho,LSO,2024,YR2024,..,..,..,9124.07480374755,2.85452253179545,0.428078272524913,..,..
Lesotho,LSO,2025,YR2025,..,..,..,..,..,..,..,..
Liberia,LBR,2011,YR2011,4.1,0.4,87.1,692.017394196596,8.20076822497064,0.209775565020002,43.8245224252492,96320
Liberia,LBR,2012,YR2012,9.3,0.4,86.2,721.382844851972,7.99381444555367,0.223437089459216,45.4011939368771,96320
Liberia,LBR,2013,YR2013,9.8,0.4,87.5,767.00388950121,8.68728781639683,0.202986909648455,46.4102886212625,96320
Liberia,LBR,2014,YR2014,9.4,0.4,91.2,756.46749671855,0.701393100287518,0.259010541172532,47.3867628737542,96320
Liberia,LBR,2015,YR2015,15.2,0.4,91.9,740.884090782759,-0.0185649695590939,0.264624586135088,48.3744912790698,96320
Liberia,LBR,2016,YR2016,17.7,0.5,92.8,714.613063145659,-1.5549586174878,0.291277161616349,49.3730066445183,96320
Liberia,LBR,2017,YR2017,24.2,0.5,93.6,718.067633547642,2.45515592012239,0.253788210788989,50.3418293189369,96320
Liberia,LBR,2018,YR2018,22.8,0.5,94.4,712.306647527082,1.15757512207355,0.129815079743549,51.3364410299003,96320
Liberia,LBR,2019,YR2019,23.1,0.5,89.7,681.096158966763,-2.46729763532686,0.20014984968439,52.3642130398671,96320
Liberia,LBR,2020,YR2020,27.6,0.6,93,647.213641500094,-2.98249127649473,0.162113991303559,53.462032807309,96320
Liberia,LBR,2021,YR2021,29.8,0.7,93.2,665.2947537164,4.98671283481617,0.159868484974207,54.60260589701,96320
Liberia,LBR,2022,YR2022,31.8,0.8,92.8,682.493010804918,4.80810517290655,0.161651307373094,55.7858596345515,96320
Liberia,LBR,2023,YR2023,32.5,0.8,..,698.885551528837,4.68375688761311,0.152830013156671,57.0289763289037,96320
Liberia,LBR,2024,YR2024,..,..,..,711.478567713859,4.02185464964835,0.154485706553412,..,..
Liberia,LBR,2025,YR2025,..,..,..,..,..,..,..,..
Libya,LBY,2011,YR2011,80.3,..,3.2,9860.50738089259,-50.3385151384986,6.97396882931226,3.60503483865101,1759540
Libya,LBY,2012,YR2012,78.7,..,2.6,18910.6161705609,86.8267484395784,10.1719960487613,3.51189970105823,1759540
Libya,LBY,2013,YR2013,77.1,..,2.4,15198.8983330975,-17.9979615745681,9.93067314994636,3.58311149504984,1759540
Libya,LBY,2014,YR2014,75.5,..,2.3,11473.4882030454,-23.0428058282215,9.61533793913791,3.65280243700058,1759540
Libya,LBY,2015,YR2015,73.8,..,2.9,11194.6763987183,-0.842656252118843,8.3409996510926,3.71223103765757,1759540
Libya,LBY,2016,YR2016,72.2,..,2.8,10860.9818329748,-1.4909411172622,7.71283597446731,3.76923855098492,1759540
Libya,LBY,2017,YR2017,70.6,..,2.9,14162.1839000292,32.4918021862688,8.22031320255774,3.8298475737977,1759540
Libya,LBY,2018,YR2018,67,..,2.9,15040.7026954813,7.9413678529104,8.36151848685695,3.89252588744786,1759540
Libya,LBY,2019,YR2019,68.5,..,3,13160.777685849,-11.1960828853386,8.26849764632106,3.95048308080521,1759540
Libya,LBY,2020,YR2020,69.4,..,3.2,9159.87866691439,-29.4552967282824,6.48685759316115,4.00411414346932,1759540
Libya,LBY,2021,YR2021,70.2,..,3.1,11604.2283475878,28.2996823429147,8.1793228617378,4.05513656978528,1759540
Libya,LBY,2022,YR2022,70,..,..,10510.5411898577,-8.29981811198795,8.05301361263212,4.10550768950976,1759540
Libya,LBY,2023,YR2023,73.2,..,..,11452.8477170916,10.2000497852517,8.65140297405067,4.15202780272117,1759540
Libya,LBY,2024,YR2024,..,..,..,11551.2849641574,1.89995052025442,8.66457129316627,..,..
Libya,LBY,2025,YR2025,..,..,..,..,..,..,..,..
Liechtenstein,LIE,2011,YR2011,100,..,55.3,..,..,..,226.95,160
Liechtenstein,LIE,2012,YR2012,100,..,55.5,..,..,..,229.10625,160
Liechtenstein,LIE,2013,YR2013,100,..,53.5,..,..,..,231.15,160
Liechtenstein,LIE,2014,YR2014,100,..,55,..,..,..,232.8,160
Liechtenstein,LIE,2015,YR2015,100,..,55.5,..,..,..,234.3375,160
Liechtenstein,LIE,2016,YR2016,100,..,55.8,..,..,..,235.725,160
Liechtenstein,LIE,2017,YR2017,100,..,55.3,..,..,..,237.2625,160
Liechtenstein,LIE,2018,YR2018,100,..,56.8,..,..,..,239.0375,160
Liechtenstein,LIE,2019,YR2019,100,..,56.1,..,..,..,241.01875,160
Liechtenstein,LIE,2020,YR2020,100,..,55.2,..,..,..,243.13125,160
Liechtenstein,LIE,2021,YR2021,100,..,53.6,..,..,..,244.8875,160
Liechtenstein,LIE,2022,YR2022,100,..,56.9,..,..,..,246.83125,160
Liechtenstein,LIE,2023,YR2023,100,..,..,..,..,..,249.0375,160
Liechtenstein,LIE,2024,YR2024,..,..,..,..,..,..,..,..
Liechtenstein,LIE,2025,YR2025,..,..,..,..,..,..,..,..
Lithuania,LTU,2011,YR2011,99.7,100,22.7,12136.4822670209,6.32363664821298,4.72911365651569,48.3153301209433,62674
Lithuania,LTU,2012,YR2012,100,100,23.9,12833.5989059057,4.38290584355157,4.8479177448757,47.6934454478731,62674
Lithuania,LTU,2013,YR2013,100,100,26.3,13478.721485859,4.04691318575325,4.51309413254538,47.2477064220183,62675
Lithuania,LTU,2014,YR2014,100,100,27.7,14101.485980268,3.7725437958099,4.49797821297655,46.8835275339186,62650
Lithuania,LTU,2015,YR2015,100,100,29,14631.1835111636,2.83280643343234,4.69257592209704,46.4662250598563,62650
Lithuania,LTU,2016,YR2016,100,100,31.5,15198.4989530206,2.67192215053329,4.69887829841954,45.9328405861882,62642
Lithuania,LTU,2017,YR2017,100,100,33.8,16093.4969231056,4.61224310312809,4.91240709777077,45.3798470650213,62641
Lithuania,LTU,2018,YR2018,100,100,33.7,17025.4174943246,4.91836780106811,4.97247446083995,45.0135717707169,62630
Lithuania,LTU,2019,YR2019,100,100,33.5,17873.1783305331,4.67735183530451,5.08575146500164,44.8912328329607,62620
Lithuania,LTU,2020,YR2020,100,100,31.7,17885.4118444944,0.0428158336981426,5.07196741780172,44.8797349089748,62620
Lithuania,LTU,2021,YR2021,100,100,33.2,19039.9792763088,6.38001606179873,5.10322677130588,44.8551349624661,62610
Lithuania,LTU,2022,YR2022,100,100,..,19362.7612841891,2.53752574011534,4.65112254775415,45.2309596830873,62604
Lithuania,LTU,2023,YR2023,100,100,..,19158.7597093591,0.342262716277261,4.51994281903548,45.87196485623,62600
Lithuania,LTU,2024,YR2024,..,..,..,19576.161989947,2.77263124530285,4.49056496639174,..,..
Lithuania,LTU,2025,YR2025,..,..,..,..,..,..,..,..
Luxembourg,LUX,2011,YR2011,100,100,3.8,102327.253750866,1.04429855323325,21.3951272024339,201.342029008025,2574.46
Luxembourg,LUX,2012,YR2012,100,100,4.2,101547.33249709,1.64990212764553,20.4689365773544,206.235870823396,2574.46
Luxembourg,LUX,2013,YR2013,100,100,5.7,102374.589590695,3.17178989968683,18.9995583038869,211.05785290896,2574.46
Luxembourg,LUX,2014,YR2014,100,100,6.8,102612.677258911,2.62308679154881,17.6515632218206,216.091529874226,2574.46
Luxembourg,LUX,2015,YR2015,100,100,9.1,102494.183678485,2.26978423302835,16.3436352272807,221.251835336342,2574.46
Luxembourg,LUX,2016,YR2016,100,100,13.5,105302.31059734,4.97819011520116,15.5348496771555,226.072263698018,2574.46
Luxembourg,LUX,2017,YR2017,100,100,15.3,104127.017319095,1.31718713754285,15.408092082316,231.635372078028,2574.46
Luxembourg,LUX,2018,YR2018,100,100,16,103783.564437865,1.61129561338169,15.6999753269183,236.146609386046,2574.46
Luxembourg,LUX,2019,YR2019,100,100,16.4,104564.197477101,2.74931929072659,15.63174898105,240.827591028798,2574.46
Luxembourg,LUX,2020,YR2020,100,100,20.8,102311.702217097,-0.510051634039826,12.6787105084079,244.874264894386,2574.46
Luxembourg,LUX,2021,YR2021,100,100,20.5,107753.079379562,6.9297342584233,13.0933781621838,248.62068161867,2574.46
Luxembourg,LUX,2022,YR2022,100,100,..,104442.930135063,-1.0974168968152,11.1248914795982,253.685433061691,2574.46
Luxembourg,LUX,2023,YR2023,100,100,..,102456.103416713,0.0994399943552651,10.4160977146887,258.862052624628,2574.46
Luxembourg,LUX,2024,YR2024,..,..,..,101216.346239062,0.35861253942069,10.5572722492364,..,..
Luxembourg,LUX,2025,YR2025,..,..,..,..,..,..,..,..
"Macao SAR, China",MAC,2011,YR2011,100,..,6.4,803486.171761281,21.6223064381087,3.07296215429403,18381.27090301,29.9
"Macao SAR, China",MAC,2012,YR2012,100,..,11.1,849269.237541821,9.21747479596735,3.06920232435288,18993.3110367893,29.9
"Macao SAR, China",MAC,2013,YR2013,100,..,16.6,902686.264571718,10.7816711590297,3.0667342456496,19534.6534653465,30.3
"Macao SAR, China",MAC,2014,YR2014,100,..,11.4,841896.413060962,-2.03874227961819,3.36030239665434,20518.1518151815,30.3
"Macao SAR, China",MAC,2015,YR2015,100,..,5.4,637027.5314979,-21.7540078753246,4.29149167833256,21148.0263157895,30.4
"Macao SAR, China",MAC,2016,YR2016,100,..,5.4,623252.107279693,-0.701510212552961,4.02436781609195,21393.4426229508,30.5
"Macao SAR, China",MAC,2017,YR2017,100,..,3.9,689401.60394818,9.91855844513513,4.45172732880938,21051.9480519481,30.8
"Macao SAR, China",MAC,2018,YR2018,100,..,8.4,721557.140689027,6.35917030567686,3.22598269843679,20027.3556231003,32.9
"Macao SAR, China",MAC,2019,YR2019,100,..,8.4,690080.357142857,-2.4609094006739,3.34419642857143,20425.5319148936,32.9
"Macao SAR, China",MAC,2020,YR2020,100,..,11,308510.358914502,-54.4020925789353,3.25780566092793,20832.8267477204,32.9
"Macao SAR, China",MAC,2021,YR2021,100,..,13.6,379413.919413919,22.4622020023362,2.99970695970696,20681.8181818182,33
"Macao SAR, China",MAC,2022,YR2022,100,..,11,309849.402037502,-18.956941494497,2.47822235346228,20524.2424242424,33
"Macao SAR, China",MAC,2023,YR2023,100,..,..,541991.750147319,75.3084184293413,2.47569239835003,20569.696969697,33
"Macao SAR, China",MAC,2024,YR2024,..,..,..,577558.951965066,7.84960207010525,2.52532751091703,..,..
"Macao SAR, China",MAC,2025,YR2025,..,..,..,..,..,..,..,..
Madagascar,MDG,2011,YR2011,14.3,1,84.5,733031.367215399,1.57842705366555,0.100533250373538,39.2273910913638,581795
Madagascar,MDG,2012,YR2012,18.7,1,83.3,734502.128252827,3.01114811621208,0.121500587449608,40.327672118186,581795
Madagascar,MDG,2013,YR2013,12.9,1,81.4,731238.428257323,2.30037622800727,0.126490659824491,41.4391371605363,581800
Madagascar,MDG,2014,YR2014,23,1,82.2,735667.613417482,3.33920311195367,0.126540783548996,42.5650532829151,581800
Madagascar,MDG,2015,YR2015,23.8,1,83.9,738946.842299878,3.13229807490305,0.134437411505432,43.7035097971812,581800
Madagascar,MDG,2016,YR2016,22.9,1,83.8,748631.745146504,3.99314606199499,0.124571110322348,44.8606943966999,581800
Madagascar,MDG,2017,YR2017,24.1,1.1,81.9,758082.24728077,3.93330759462793,0.132624692613867,46.0439584049502,581800
Madagascar,MDG,2018,YR2018,36.5,1.2,84.2,762194.987649721,3.19435651744398,0.11912379760542,47.2583808869027,581800
Madagascar,MDG,2019,YR2019,31,1.2,82.5,775382.006887848,4.41123212909589,0.142139028845034,48.5038741835682,581800
Madagascar,MDG,2020,YR2020,32,1.3,84.7,701784.097538831,-7.13767162064489,0.108038542830456,49.7654795462358,581800
Madagascar,MDG,2021,YR2021,35.1,1.4,83.6,716178.803103949,4.65068343174309,0.138189637609379,51.0331436919904,581800
Madagascar,MDG,2022,YR2022,36.1,1.5,83.1,727656.870439163,4.15609778386296,0.144033985186775,52.3156772086628,581800
Madagascar,MDG,2023,YR2023,39.4,1.6,..,739800.554479347,4.20304615840668,0.147269201638214,53.6196837401169,581800
Madagascar,MDG,2024,YR2024,..,..,..,752326.267500572,4.19999999988647,0.146494805123461,..,..
Madagascar,MDG,2025,YR2025,..,..,..,..,..,..,..,..
Malawi,MWI,2011,YR2011,7.6,2.4,80.2,344129.227216312,4.93266999813729,0.375983735889801,161.911561306746,94280
Malawi,MWI,2012,YR2012,7.4,2.3,80.2,340744.368139257,1.90000000072909,0.361753852443003,166.626824352991,94280
Malawi,MWI,2013,YR2013,9,2.3,79.8,349129.28180843,5.41034999817167,0.310800469452195,171.423589308443,94280
Malawi,MWI,2014,YR2014,11.9,2.2,82.8,358569.26287447,5.62527000105139,0.299117927594907,176.299724225711,94280
Malawi,MWI,2015,YR2015,10.8,2.2,81,358597.680144089,2.80000000003355,0.287318193984204,181.221754348748,94280
Malawi,MWI,2016,YR2016,11,2.1,78.9,357678.35246896,2.49999999914311,0.279415248170622,186.229730589733,94280
Malawi,MWI,2017,YR2017,12.7,2.1,76.9,362046.966096748,4.00000000089172,0.299783006549716,191.341907085278,94280
Malawi,MWI,2018,YR2018,18,1.9,73.2,367850.569754094,4.35356471619211,0.294590681031673,196.521860415783,94280
Malawi,MWI,2019,YR2019,11.2,1.9,70.9,378707.716672645,5.71682519194337,0.294726852321002,201.800509121765,94280
Malawi,MWI,2020,YR2020,11.5,1.8,71.5,371783.605020158,0.793596429787286,0.266526561430064,207.190156979211,94280
Malawi,MWI,2021,YR2021,14.2,1.7,71.1,378775.978445531,4.55829212016083,0.305223786714373,212.635320322444,94280
Malawi,MWI,2022,YR2022,14,1.6,62.9,372573.54454782,0.921115069005936,0.272369783877739,218.166397963513,94280
Malawi,MWI,2023,YR2023,15.6,1.5,..,370180.799353426,1.94575281675984,0.222924211075164,223.84898175647,94280
Malawi,MWI,2024,YR2024,..,..,..,366802.388100531,1.6734340852915,0.221419380007265,..,..
Malawi,MWI,2025,YR2025,..,..,..,..,..,..,..,..
Malaysia,MYS,2011,YR2011,99.5,96.2,2.2,32807.4090704014,5.29391283414003,7.48482299197254,88.7598204230711,328550
Malaysia,MYS,2012,YR2012,99.8,95.4,2.5,34018.9098168007,5.47345419253853,7.40984230399317,90.2840693958302,328550
Malaysia,MYS,2013,YR2013,99.6,94.5,2.8,35012.0009219777,4.69372252557893,7.85952532729463,91.8407091766854,328550
Malaysia,MYS,2014,YR2014,99.7,94,3,36484.0726505749,6.00672194558203,8.18962008151058,93.4291188555775,328550
Malaysia,MYS,2015,YR2015,99.9,93.1,3.4,37682.8610424209,5.09153242155011,8.09596053481984,95.0625414700959,328550
Malaysia,MYS,2016,YR2016,99.9,91.9,4.4,38670.169175945,4.44978139761541,7.78504411100645,96.7575254907929,328550
Malaysia,MYS,2017,YR2017,100,90.9,5.2,40202.2293235764,5.81272240983328,7.35056919281223,98.4801217470705,328550
Malaysia,MYS,2018,YR2018,100,89.65,5.3,41438.053005249,4.84308697634881,7.72644571640815,100.170345457312,328550
Malaysia,MYS,2019,YR2019,100,88.6,5.7,42581.5365850537,4.41318742129586,7.63039929073035,101.782364936844,328550
Malaysia,MYS,2020,YR2020,100,87.55,7,39724.598591696,-5.45684658426701,7.46778698028461,103.148860143053,328550
Malaysia,MYS,2021,YR2021,100,86.4,7.5,40571.3133144504,3.31534954399166,7.5232628848407,104.344541165728,328550
Malaysia,MYS,2022,YR2022,100,85.3,..,43708.9265167669,9.03173723044451,7.98329915646393,105.601865773855,328550
Malaysia,MYS,2023,YR2023,100,83.8,..,44699.9118438271,3.5370638041057,8.03895132928611,106.913096941105,328550
Malaysia,MYS,2024,YR2024,..,..,..,46412.0755314894,5.10545921024041,8.32321620146515,..,..
Malaysia,MYS,2025,YR2025,..,..,..,..,..,..,..,..
Maldives,MDV,2011,YR2011,99.1,95,1.3,145276.019739131,8.84342600490342,3.06229494158009,1245.58,300
Maldives,MDV,2012,YR2012,99.2,96.4,1.2,143692.685448971,2.38928797963442,3.72836837996164,1289.39333333333,300
Maldives,MDV,2013,YR2013,99.4,97.1,1.3,148623.502637039,6.97496226412528,4.05254080535906,1333.56666666667,300
Maldives,MDV,2014,YR2014,100,97.9,1.2,155055.893495674,7.86068643108074,5.30224821513622,1378.72333333333,300
Maldives,MDV,2015,YR2015,99.8,98.5,1.5,155585.452664228,3.86813536494475,3.7098800898742,1427.18,300
Maldives,MDV,2016,YR2016,100,98.8,1.2,159846.876212475,6.37528306716864,3.91172728667202,1477.69333333333,300
Maldives,MDV,2017,YR2017,99.8,99.1,1.3,165560.965290309,7.07442863215275,3.50893653976657,1527.62333333333,300
Maldives,MDV,2018,YR2018,100,99.3,1.3,174120.184147504,8.5689555834747,2.93025349873916,1576.99666666667,300
Maldives,MDV,2019,YR2019,100,99.5,1.3,180589.363194056,6.92305989050099,3.10683553024106,1625.77,300
Maldives,MDV,2020,YR2020,100,99.6,1.6,117687.980315384,-32.9088287752921,2.40580899310521,1673.72666666667,300
Maldives,MDV,2021,YR2021,100,99.7,1.4,157429.515222201,37.507870124321,3.25639247201417,1720.51333333333,300
Maldives,MDV,2022,YR2022,100,99.8,1.2,176477.011138968,13.8260895184139,3.4143856395462,1747.02,300
Maldives,MDV,2023,YR2023,100,99.8,..,184535.272075347,4.94286301229583,3.41106552546227,1765.08053691275,298
Maldives,MDV,2024,YR2024,..,..,..,190330.542498186,3.49440422654285,3.56650922036609,..,..
Maldives,MDV,2025,YR2025,..,..,..,..,..,..,..,..
Mali,MLI,2011,YR2011,28.8,0.9,83.6,483847.080756432,2.93537897086446,0.131495145833861,13.497118481548,1220190
Mali,MLI,2012,YR2012,25.6,0.9,81.2,464883.634666315,-1.07239924132972,0.133938525684299,13.8970430834542,1220190
Mali,MLI,2013,YR2013,32.4,0.9,84.8,466359.285389144,3.29068742019345,0.157002316488651,14.3089313959301,1220190
Mali,MLI,2014,YR2014,34.2,1,84.6,481231.932839098,6.50263878409685,0.16153478747013,14.7684106573566,1220190
Mali,MLI,2015,YR2015,37.6,1,81.2,495506.271116121,6.23887890197454,0.189920713265439,15.2378088658324,1220190
Mali,MLI,2016,YR2016,38.8,1,77.9,508887.28735209,6.00506308559498,0.238623888160926,15.7281152935199,1220190
Mali,MLI,2017,YR2017,34.8,1,77,519415.746571392,5.37554769639952,0.260490442366382,16.2376441373884,1220190
Mali,MLI,2018,YR2018,50.9,1,77.2,527939.230494706,4.86784999991505,0.28284862119858,16.7531531974529,1220190
Mali,MLI,2019,YR2019,47.9,1.1,74.9,537855.474676612,4.99999911608818,0.290188080208255,17.2664953818668,1220190
Mali,MLI,2020,YR2020,50.6,1.2,72.8,515766.834344125,-1.16910834828603,0.315153895424097,17.7954548062187,1220190
Mali,MLI,2021,YR2021,53.4,1.2,71.2,515733.184114714,3.10094124444834,0.326094093296463,18.348478515641,1220190
Mali,MLI,2022,YR2022,53,1.3,71.1,518976.177159471,3.70319027595568,0.324748273279521,18.9090551471492,1220190
Mali,MLI,2023,YR2023,54.5,1.3,..,527574.207505837,4.72541109080376,0.301946302024471,19.4798572353486,1220190
Mali,MLI,2024,YR2024,..,..,..,537857.986266581,4.99226917482922,0.302799241541437,..,..
Mali,MLI,2025,YR2025,..,..,..,..,..,..,..,..
Malta,MLT,2011,YR2011,100,100,2,20867.7732142471,0.99220191192282,6.20225431693044,1300.8375,320
Malta,MLT,2012,YR2012,100,100,2.7,21529.2353416826,4.10167392241412,6.48623425104993,1312.5875,320
Malta,MLT,2013,YR2013,100,100,3.2,22626.3269642356,6.29233375866998,5.60886043172242,1327.53125,320
Malta,MLT,2014,YR2014,100,100,4.5,23865.8862325966,7.63136360845897,5.4659835148484,1354.628125,320
Malta,MLT,2015,YR2015,100,100,6,25529.4881955941,9.62070315764963,3.76435099725361,1388.1875,320
Malta,MLT,2016,YR2016,100,100,9.2,25969.3155696001,4.07800355932196,3.00436738869759,1420.328125,320
Malta,MLT,2017,YR2017,100,100,7.3,28546.4437742465,12.9713424962459,3.33585952653145,1459.70625,320
Malta,MLT,2018,YR2018,100,100,7.6,29536.5817844382,7.18921479603796,3.23907890630974,1512.196875,320
Malta,MLT,2019,YR2019,100,100,7.4,29522.4385399725,4.08505582134097,3.32002413119751,1574.725,320
Malta,MLT,2020,YR2020,100,100,9.2,27861.6095030842,-3.45728276294712,3.14341694310268,1610.90625,320
Malta,MLT,2021,YR2021,100,100,8.6,31436.1114795528,13.4117042939322,3.14078934671427,1619.21875,320
Malta,MLT,2022,YR2022,100,100,..,31430.3809268359,2.48309993837792,3.3821427831742,1659.728125,320
Malta,MLT,2023,YR2023,100,100,..,33407.9477605177,10.6215185022616,3.23421022637843,1727.334375,320
Malta,MLT,2024,YR2024,..,..,..,34669.8193122086,6.79990300224401,3.17888641409729,..,..
Malta,MLT,2025,YR2025,..,..,..,..,..,..,..,..
Marshall Islands,MHL,2011,YR2011,89.9,59.8,12.3,3433.06297801838,-0.502512562814076,0.00192652243435375,288.372222222222,180
Marshall Islands,MHL,2012,YR2012,90.4,61.6,12,3420.9144479667,-1.29068462401796,0.00194480639452343,285.661111111111,180
Marshall Islands,MHL,2013,YR2013,90.9,63.3,12.4,3602.92811901896,3.80898237635019,0.00197312602355912,281.561111111111,180
Marshall Islands,MHL,2014,YR2014,91.5,64.1,12.2,3620.77275283155,-1.25958378970427,0.0020081934291911,276.644444444444,180
Marshall Islands,MHL,2015,YR2015,92.1,64.9,11.7,3764.34426229508,1.88574597892401,0.00204918032786885,271.111111111111,180
Marshall Islands,MHL,2016,YR2016,92.7,64.9,12.1,3946.8444109078,2.5040827436037,0.00209604057934562,265.05,180
Marshall Islands,MHL,2017,YR2017,93.8,64.8,12,4190.93468589482,3.55815188528943,0.00214919727481786,258.494444444444,180
Marshall Islands,MHL,2018,YR2018,95.3,64.9,12,4542.34293916308,5.48717948717949,0.0022082367229767,251.583333333333,180
Marshall Islands,MHL,2019,YR2019,96.8,65.6,12.1,5162.81500670348,10.4521147301896,0.00227236575999273,244.483333333333,180
Marshall Islands,MHL,2020,YR2020,98.3,65.2,12,5172.57528216176,-2.77288732394366,0.00234159134547839,237.255555555556,180
Marshall Islands,MHL,2021,YR2021,99.8,64.9,12.1,5455.31642282232,2.15938183019058,0.00241738583895376,229.816666666667,180
Marshall Islands,MHL,2022,YR2022,100,65.2,12.2,5591.46421459004,-0.700563926576777,0.00249519674626344,222.65,180
Marshall Islands,MHL,2023,YR2023,100,64.8,..,5482.44553639985,-5.00791779654826,0.00257552733922271,215.705555555556,180
Marshall Islands,MHL,2024,YR2024,..,..,..,5811.03355673487,2.50192717852873,0.00266325769681474,..,..
Marshall Islands,MHL,2025,YR2025,..,..,..,..,..,..,..,..
Mauritania,MRT,2011,YR2011,35.3,41.8,33.3,67620.5140385822,4.17278327815399,0.646623526076628,3.39847773357912,1030700
Mauritania,MRT,2012,YR2012,36.4,42.6,31.9,68374.4993000895,4.47001319170479,0.698114469220239,3.511238963811,1030700
Mauritania,MRT,2013,YR2013,37.6,42.9,35.1,69014.1573106522,4.1508131898954,0.620006116243983,3.62308916270496,1030700
Mauritania,MRT,2014,YR2014,38.8,43.8,31,69829.0090928603,4.27482328814457,0.697074247358851,3.7338837683128,1030700
Mauritania,MRT,2015,YR2015,39.5,44.4,28.3,71404.2130289294,5.37633924099251,0.695166036764374,3.84783060056272,1030700
Mauritania,MRT,2016,YR2016,41.2,44.9,31.7,70169.0653265004,1.26090923067225,0.642260899312078,3.96493354031241,1030700
Mauritania,MRT,2017,YR2017,42.9,45.5,25.5,72374.0380230846,6.27054566937677,0.90462166912079,4.08518482584651,1030700
Mauritania,MRT,2018,YR2018,43.6,46.1,21.6,73606.2570241961,4.77217365692621,1.02255004685679,4.20848452508004,1030700
Mauritania,MRT,2019,YR2019,44.9,46.8,21.2,73708.7968148321,3.14100489306969,1.00413903504884,4.33463471427185,1030700
Mauritania,MRT,2020,YR2020,45.4,47.5,20.9,71328.7735936216,-0.360657384151068,1.00766695557148,4.46311341806539,1030700
Mauritania,MRT,2021,YR2021,47.7,48.1,22.1,69813.6240373028,0.742715486567747,0.931619299689918,4.59384301930727,1030700
Mauritania,MRT,2022,YR2022,49,48.9,19.6,72405.6159225964,6.79600500489967,1.03090119301334,4.73041331134181,1030700
Mauritania,MRT,2023,YR2023,50.3,49.4,..,75075.5658453728,6.80949001978621,0.961166094335404,4.87284466867178,1030700
Mauritania,MRT,2024,YR2024,..,..,..,77542.1898694141,6.30760213290844,0.969475151347498,..,..
Mauritania,MRT,2025,YR2025,..,..,..,..,..,..,..,..
Mauritius,MUS,2011,YR2011,99.6,97.8,12,308776.38022555,4.07753806610333,2.9195850540241,627.142714071107,1997
Mauritius,MUS,2012,YR2012,99.4,98.1,11.4,318686.556539548,3.49611836470866,2.98093292204204,628.884326489735,1997
Mauritius,MUS,2013,YR2013,99.4,98.3,11.4,328599.000895207,3.36040609974133,3.06387900172131,630.409113670506,1997
Mauritius,MUS,2014,YR2014,99.5,98.4,10.6,340557.343118661,3.82696982009337,3.16403004104002,631.551326990486,1997
Mauritius,MUS,2015,YR2015,99.6,98.5,11.5,352658.561192323,3.69055690369433,3.16000186874594,632.388082123185,1997
Mauritius,MUS,2016,YR2016,99.7,98.6,10.3,366028.308197764,3.8624682634,3.21654571682465,632.822734101152,1997
Mauritius,MUS,2017,YR2017,99.6,98.7,9.4,380099.563755498,3.93798380632353,3.32606786218848,633.393590385578,1997
Mauritius,MUS,2018,YR2018,99.8,98.8,9.2,395113.631410811,4.00674057198549,3.29636205462015,633.739108662994,1997
Mauritius,MUS,2019,YR2019,100,98.9,8.9,406406.474168335,2.89128499346516,3.32168232640987,633.943415122684,1997
Mauritius,MUS,2020,YR2020,99.5,99,9.4,347280.446187799,-14.5465381490166,2.95810314893832,633.957936905358,1997
Mauritius,MUS,2021,YR2021,99.6,99,8.6,359010.429239048,3.40379866177662,3.14916917653636,634.118177265899,1997
Mauritius,MUS,2022,YR2022,100,99.1,..,391397.345870135,8.69306675264066,3.20778314533676,632.209814722083,1997
Mauritius,MUS,2023,YR2023,100,99.1,..,415565.560562753,5.00791900868131,3.46174699494733,625.261392088132,1997
Mauritius,MUS,2024,YR2024,..,..,..,437036.498849314,4.92512304864294,3.53634151803811,..,..
Mauritius,MUS,2025,YR2025,..,..,..,..,..,..,..,..
Mexico,MEX,2011,YR2011,99,84.8,9.1,180487.054341909,3.44404505794418,4.22179978144365,59.2831626327838,1943950
Mexico,MEX,2012,YR2012,99.1,84.8,9,184380.734602606,3.55321075993527,4.33350424276325,60.0932163893104,1943950
Mexico,MEX,2013,YR2013,99.1,84.7,9.2,183555.057873739,0.852101559410627,4.17443117084187,60.8778893490059,1943950
Mexico,MEX,2014,YR2014,99.2,84.7,9.8,185887.885178838,2.50376350288664,4.01481960973153,61.6190030607783,1943950
Mexico,MEX,2015,YR2015,99,84.7,9.2,188880.141252121,2.70232342550646,4.05069677949307,62.2815946912215,1943950
Mexico,MEX,2016,YR2016,99.5,84.8,9.2,190374.098581536,1.77249323845399,4.06104469144067,62.8881149206513,1943950
Mexico,MEX,2017,YR2017,100,84.7,10.1,192132.061284218,1.87172853327193,4.05743329599921,63.4790282671879,1943950
Mexico,MEX,2018,YR2018,99.5,84.8,10.3,194075.220043818,1.97208209405635,3.83831705872518,64.0827752771419,1943950
Mexico,MEX,2019,YR2019,99.6,85,10.3,191485.049909201,-0.392690505066824,3.92542377851696,64.6945559299365,1943950
Mexico,MEX,2020,YR2020,99.4,85,12.3,174054.411786069,-8.35403458167995,3.46247141559905,65.227528485815,1943950
Mexico,MEX,2021,YR2021,100,85.05,13,183354.255268944,6.0484834621255,3.54662489893704,65.664316469045,1943950
Mexico,MEX,2022,YR2022,100,85,..,188729.53289049,3.70975709163623,3.52183828963573,66.1607124668844,1943950
Mexico,MEX,2023,YR2023,99.7,85.1,..,193364.793717553,3.35354140652768,3.66576524934041,66.7402757272564,1943950
Mexico,MEX,2024,YR2024,..,..,..,194444.491574178,1.42742769080466,3.63738680384754,..,..
Mexico,MEX,2025,YR2025,..,..,..,..,..,..,..,..
"Micronesia, Fed. Sts.",FSM,2011,YR2011,66.3,11.8,1.6,2289.60914822563,3.7837208928099,0.00185704469906591,153.854285714286,700
"Micronesia, Fed. Sts.",FSM,2012,YR2012,67.8,12.1,1.4,2246.81259229616,-1.69422024723235,0.00185373992028918,154.128571428571,700
"Micronesia, Fed. Sts.",FSM,2013,YR2013,69.4,12.1,1.4,2159.58628837224,-3.67642942893428,0.0018497794138049,154.458571428571,700
"Micronesia, Fed. Sts.",FSM,2014,YR2014,71.2,12.5,1.5,2098.40616557592,-2.58581649978665,0.00184508653455847,154.851428571429,700
"Micronesia, Fed. Sts.",FSM,2015,YR2015,73,12.7,1.7,2184.99151167423,4.43363849623874,0.0018396556164686,155.308571428571,700
"Micronesia, Fed. Sts.",FSM,2016,YR2016,74.8,12.7,1.9,2198.33071708982,0.942726461831327,0.00183360073344029,155.821428571429,700
"Micronesia, Fed. Sts.",FSM,2017,YR2017,76.5,12.9,1.7,2237.83122185585,2.17575003627566,0.00182680099743334,156.401428571429,700
"Micronesia, Fed. Sts.",FSM,2018,YR2018,78.3,12.9,2,2229.11681481953,0,0.00181968719577105,157.012857142857,700
"Micronesia, Fed. Sts.",FSM,2019,YR2019,80.1,13.1,2,2312.25403964382,4.08163265306123,0.0018135325801128,157.545714285714,700
"Micronesia, Fed. Sts.",FSM,2020,YR2020,81.9,13.3,2,2260.57557070215,-1.67294117647059,0.00180316636012839,158.451428571429,700
"Micronesia, Fed. Sts.",FSM,2021,YR2021,83.6,13.3,2.1,2315.86397190568,3.09969928290539,0.00179172937719487,159.462857142857,700
"Micronesia, Fed. Sts.",FSM,2022,YR2022,85.3,13.3,2,2238.74003246695,-2.90588999868474,0.00178389853185151,160.162857142857,700
"Micronesia, Fed. Sts.",FSM,2023,YR2023,86.9,13.3,..,2238.58119506348,0.453118220707168,0.00177572582793217,160.9,700
"Micronesia, Fed. Sts.",FSM,2024,YR2024,..,..,..,2244.11629551078,0.718990177344025,0.00176740897843761,..,..
"Micronesia, Fed. Sts.",FSM,2025,YR2025,..,..,..,..,..,..,..,..
Moldova,MDA,2011,YR2011,99.4,93.2,20.4,45219.7502428602,5.81816614684824,2.98346662826114,99.7210931780946,32850
Moldova,MDA,2012,YR2012,99.5,94.3,22.1,44958.9675505292,-0.589733954762579,2.92022861745732,99.6732759521901,32860
Moldova,MDA,2013,YR2013,99.6,95.1,23.8,49038.1286548481,9.0438656074181,2.62071970563283,99.5771842462653,32880
Moldova,MDA,2014,YR2014,99.8,95.8,24.3,51521.2556096178,4.99962585407656,2.81365308811102,99.5164884911377,32880
Moldova,MDA,2015,YR2015,99.9,96.3,24.7,51742.3636572639,-0.338235622387202,2.92639787755758,98.7560678343838,32880
Moldova,MDA,2016,YR2016,99.9,96.8,25.3,54779.7313485441,4.64601436259409,3.00493795274377,97.614165825121,32880
Moldova,MDA,2017,YR2017,100,97.2,26.1,58061.2629478413,4.17561205106279,3.01460262798668,95.9093883802694,32890
Moldova,MDA,2018,YR2018,100,97.5,25.3,61498.7029048062,4.07559546585034,3.27363703423792,94.2543946689506,32885.3
Moldova,MDA,2019,YR2019,100,97.7,22,64710.6632175072,3.5523140853476,3.41941968843461,92.756093569939,32885.9
Moldova,MDA,2020,YR2020,100,97.9,22.3,60010.5531795395,-8.27597831976949,3.35786090249817,91.7473260542588,32884.6
Moldova,MDA,2021,YR2021,100,98.1,21.4,69405.6839312908,13.9299997889786,3.71857097344219,90.3612977338393,32890
Moldova,MDA,2022,YR2022,100,98.2,..,67971.4819030203,-4.6000000255323,3.27771217414482,88.05425357802,32880
Moldova,MDA,2023,YR2023,100,98.3,..,70770.6400443001,1.2000000493378,3.33935095165033,85.437584732506,32930
Moldova,MDA,2024,YR2024,..,..,..,72479.5826593282,0.103059364371205,3.41675873098598,..,..
Moldova,MDA,2025,YR2025,..,..,..,..,..,..,..,..
Monaco,MCO,2011,YR2011,100,100,..,142394.670947976,7.02235694617619,..,16746.916625555,2.027
Monaco,MCO,2012,YR2012,100,100,..,140665.996370027,1.01221841230461,..,17124.3216576221,2.027
Monaco,MCO,2013,YR2013,100,100,..,150937.295116653,9.57709832354816,..,17487.4198322644,2.027
Monaco,MCO,2014,YR2014,100,100,..,158735.606731621,7.18702777537968,..,17823.3843117908,2.027
Monaco,MCO,2015,YR2015,100,100,..,163680.387409201,4.91037176536236,..,18133.6951159349,2.027
Monaco,MCO,2016,YR2016,100,100,..,166257.109131881,3.00844358752744,..,18389.7385298471,2.027
Monaco,MCO,2017,YR2017,100,100,..,159209.618344923,-3.20618323813213,..,18588.061174149,2.027
Monaco,MCO,2018,YR2018,100,100,..,166181.789589558,5.69790121192926,..,18822.8909718796,2.027
Monaco,MCO,2019,YR2019,100,100,..,178225.615996221,7.12088951975396,..,18800.6906758757,2.027
Monaco,MCO,2020,YR2020,100,100,..,154869.908015769,-13.2391048292108,..,18771.583621115,2.027
Monaco,MCO,2021,YR2021,100,100,..,186957.198847561,22.2322155851208,..,18487.0441458733,2.084
Monaco,MCO,2022,YR2022,100,100,..,205861.65266754,11.2662955198601,..,18680.9021113244,2.084
Monaco,MCO,2023,YR2023,100,100,..,216929.356196735,5.44395088840088,..,18692.8982725528,2.084
Monaco,MCO,2024,YR2024,..,..,..,237371.540990396,8.51053758860212,..,..,..
Monaco,MCO,2025,YR2025,..,..,..,..,..,..,..,..
Mongolia,MNG,2011,YR2011,72.1,36.7,4,5932239.20573287,17.2907775869555,5.82704695840423,1.78925253897917,1557251.947
Mongolia,MNG,2012,YR2012,83.7,38.6,3,6537810.85007069,12.3198198494032,6.21877976761671,1.82353600871754,1557251.947
Mongolia,MNG,2013,YR2013,81.2,40.1,3,7150068.88728604,11.6489161878925,6.61573895373284,1.8616184405066,1557253.053
Mongolia,MNG,2014,YR2014,86,41.9,3.3,7546991.29395335,7.88522548204762,6.59114249102211,1.90278211075515,1557252.921
Mongolia,MNG,2015,YR2015,88,43.8,3.5,7563861.76947494,2.37983580731722,5.95530555717072,1.94371713207737,1557255.4
Mongolia,MNG,2016,YR2016,90.8,45.6,3.4,7522482.0402764,1.48978448679577,6.18895798314975,1.98352563105577,1557255.4
Mongolia,MNG,2017,YR2017,93.6,47.2,1.8,7794946.86712924,5.63687638694772,6.69287250187922,2.02209412791248,1557255.4
Mongolia,MNG,2018,YR2018,98.1,48.9,2.1,8243489.16912314,7.74488062024881,7.1556569765684,2.06015649331677,1557255
Mongolia,MNG,2019,YR2019,98.9,50.3,2.3,8546840.02560844,5.60224422064255,7.75337679137417,2.09835043390369,1557258
Mongolia,MNG,2020,YR2020,99.5,51.8,2.9,8011344.27795831,-4.55775197583431,6.76709333121744,2.13623721809195,1557506.803
Mongolia,MNG,2021,YR2021,100,53.1,3,8006423.6074806,1.63676957736662,7.35537974094353,2.17253662423347,1557507
Mongolia,MNG,2022,YR2022,100,54.3,..,8286894.84493329,5.0327096366527,7.26765621705495,2.2046394565685,1557510
Mongolia,MNG,2023,YR2023,100,55.8,..,8780754.27673941,7.4221127615025,7.79990491634218,2.23365125312889,1558499.786
Mongolia,MNG,2024,YR2024,..,..,..,9116218.76266034,5.12204539122661,7.84665630954259,..,..
Mongolia,MNG,2025,YR2025,..,..,..,..,..,..,..,..
Montenegro,MNE,2011,YR2011,99,62.8,42.8,5201.83381827854,3.40978812497193,..,46.1223048327138,13450
Montenegro,MNE,2012,YR2012,99.3,62.4,45.9,5063.68853171295,-2.48732882965353,..,46.2020817843866,13450
Montenegro,MNE,2013,YR2013,99.7,62.3,49.3,5225.32160163961,3.38612548540247,..,46.2889962825279,13450
Montenegro,MNE,2014,YR2014,97.7,62,46,5339.25552790889,2.37030892464516,..,46.3750185873606,13450
Montenegro,MNE,2015,YR2015,99.5,61.9,43,5466.02006560463,2.52306333975571,..,46.4424535315985,13450
Montenegro,MNE,2016,YR2016,99.6,61.6,43.9,5647.6661981313,3.4393056210999,..,46.4946468401487,13450
Montenegro,MNE,2017,YR2017,100,61.8,37.8,5823.47639388992,3.21668504736274,..,46.5414126394052,13450
Montenegro,MNE,2018,YR2018,100,61.6,40.6,6094.65725259323,4.73292113433965,..,46.5753159851301,13450
Montenegro,MNE,2019,YR2019,100,61.5,38.7,6359.25364537545,4.39391565821528,..,46.5987360594796,13450
Montenegro,MNE,2020,YR2020,99.9,61.5,39.6,5407.24125823904,-14.9926187023533,..,46.5866171003717,13450
Montenegro,MNE,2021,YR2021,99.8,61.7,39.6,6127.71508976039,13.0462607426359,..,46.4723420074349,13450
Montenegro,MNE,2022,YR2022,100,61.9,..,6617.45070086002,7.73954689516201,..,46.3636431226766,13450
Montenegro,MNE,2023,YR2023,100,61.4,..,7046.85379509213,6.47836283518564,..,46.3590334572491,13450
Montenegro,MNE,2024,YR2024,..,..,..,7269.86985285273,3.16409886329913,..,..,..
Montenegro,MNE,2025,YR2025,..,..,..,..,..,..,..,..
Morocco,MAR,2011,YR2011,96.1,96.9,11.8,27252.130859375,5.52464523319847,1.70993845880488,73.745435805512,446300
Morocco,MAR,2012,YR2012,96.4,97.3,10.9,27705.564453125,3.06234368502997,1.75533733964027,74.7372641720816,446300
Morocco,MAR,2013,YR2013,97.2,97.5,11.6,28469.646484375,4.12221286860944,1.73118097184317,75.7059623571589,446300
Morocco,MAR,2014,YR2014,97.3,97.7,11.1,28879.189453125,2.7192440802029,1.73842954113431,76.6407797445664,446300
Morocco,MAR,2015,YR2015,97.3,97.9,11.2,29776.27734375,4.34458297635238,1.76683506518859,77.5433295989245,446300
Morocco,MAR,2016,YR2016,97.8,98,11.1,29569.744140625,0.52118550608968,1.74200393753249,78.4751445216222,446300
Morocco,MAR,2017,YR2017,100,98,10.4,30688.578125,5.05789816173446,1.80163893690506,79.4227918440511,446300
Morocco,MAR,2018,YR2018,98.1,98.1,10.9,31275.990234375,3.06564133025955,1.81912490485427,80.3041900067219,446300
Morocco,MAR,2019,YR2019,99.6,98.3,10.7,31844.09375,2.89097476137077,1.9847450344921,81.1357786242438,446300
Morocco,MAR,2020,YR2020,100,98.2,11.1,29252.408203125,-7.17820744246774,1.84742826740981,81.9722339233699,446300
Morocco,MAR,2021,YR2021,100,98.1,10.9,31317.8125,8.15473889823681,1.97891230504847,82.8017969975353,446300
Morocco,MAR,2022,YR2022,100,98.1,..,31561.802734375,1.81269242194809,1.93751442575683,83.6411920233027,446300
Morocco,MAR,2023,YR2023,100,98.1,..,32378.6015625,3.65564411017931,1.8573653487086,84.5003473000224,446300
Morocco,MAR,2024,YR2024,..,..,..,33277.08984375,3.79336515978963,1.83925269318779,..,..
Morocco,MAR,2025,YR2025,..,..,..,..,..,..,..,..
Mozambique,MOZ,2011,YR2011,20.2,3.3,85.4,27087.8690165803,7.13405842300445,0.179664805829954,30.0732966250413,786380
Mozambique,MOZ,2012,YR2012,21.2,3.6,84.5,28425.4828303211,7.9945031610722,0.193192939095761,30.9492179353493,786380
Mozambique,MOZ,2013,YR2013,22.4,3.7,83.1,29430.3249479644,6.57141389665537,0.204274287988904,31.8568770823266,786380
Mozambique,MOZ,2014,YR2014,24.8,4.1,81.2,30791.5191495426,7.70256844839309,0.224549920070884,32.7939100689234,786380
Mozambique,MOZ,2015,YR2015,24,4.3,80.1,32122.4249434186,7.3930936986377,0.243268951299953,33.7592156463796,786380
Mozambique,MOZ,2016,YR2016,26.2,4.5,77.4,32659.8966825492,4.69699024225795,0.304783553342609,34.7632251583204,786380
Mozambique,MOZ,2017,YR2017,24.3,4.9,78.2,32534.5759856436,2.63820737310658,0.295110559594905,35.8177891095908,786380
Mozambique,MOZ,2018,YR2018,31.1,5.2,79,32679.5742419942,3.48493202422782,0.277593949600126,36.9015539561026,786380
Mozambique,MOZ,2019,YR2019,29.7,5.6,77.5,32468.3715405841,2.31781394821475,0.288756199727081,38.0024670006867,786380
Mozambique,MOZ,2020,YR2020,30.6,6.1,80.2,31135.4559271781,-1.21952250011192,0.258364105041605,39.1460718736489,786380
Mozambique,MOZ,2021,YR2021,31.5,6.5,76.9,30946.6765401573,2.37743572761507,0.288380146210081,40.3212187492052,786380
Mozambique,MOZ,2022,YR2022,33.2,6.9,..,31359.3071383649,4.36445074432608,0.333694203552974,41.5273099519316,786380
Mozambique,MOZ,2023,YR2023,36,7.4,..,32115.5583621425,5.48149036541776,0.318684376705804,42.7721457819375,786380
Mozambique,MOZ,2024,YR2024,..,..,..,31861.5237207366,2.14854964610538,0.292006477521244,..,..
Mozambique,MOZ,2025,YR2025,..,..,..,..,..,..,..,..
Myanmar,MMR,2011,YR2011,54.1,11.1,83.8,1092355.54305135,5.59148237823661,0.185603670753961,75.6475990754489,653290
Myanmar,MMR,2012,YR2012,55.3,13,78.1,1162629.48501213,7.33267044704149,0.251973184982232,76.3032167189773,653150
Myanmar,MMR,2013,YR2013,56.5,15.6,75.6,1249928.29643032,8.42600102501767,0.28292574578925,76.9624823911313,653080
Myanmar,MMR,2014,YR2014,52,18.3,72,1340869.15681724,8.16990745558277,0.350073559191087,77.6040209468978,653080
Myanmar,MMR,2015,YR2015,60.5,21.1,70,1423193.16061741,6.99284029026121,0.386395865290602,78.2278679487965,653080
Myanmar,MMR,2016,YR2016,55.6,24.4,68.8,1494730.26638964,5.86247291518572,0.446262538135226,78.8867551089188,652780
Myanmar,MMR,2017,YR2017,69.8,28,59.5,1574243.54953464,6.13610824360305,0.650427600472324,79.5020114898506,652750
Myanmar,MMR,2018,YR2018,66.1,31.7,59.4,1660855.24121433,6.26886221471075,0.641233195886911,80.0861758847863,652700
Myanmar,MMR,2019,YR2019,68.3,35.9,58.5,1757734.50105055,6.57911006765414,0.653317518704581,80.6507017006282,652700
Myanmar,MMR,2020,YR2020,70.4,40.1,59.2,1587356.23516194,-9.04834717984643,0.654863780011824,81.2302112859485,652670
Myanmar,MMR,2021,YR2021,72.5,44.5,62.9,1386919.17586199,-12.0163724829177,0.596355651595398,81.7980020531049,652670
Myanmar,MMR,2022,YR2022,73.6,48.9,..,1432993.0249719,4.0374934360085,0.577248041256632,82.3644215300228,652670
Myanmar,MMR,2023,YR2023,76.8,53.5,..,1436651.86711821,0.958446625126115,0.577107115225871,82.9420656687147,652670
Myanmar,MMR,2024,YR2024,..,..,..,1413125.12033787,-0.97204641363362,0.575463259318228,..,..
Myanmar,MMR,2025,YR2025,..,..,..,..,..,..,..,..
Namibia,NAM,2011,YR2011,42.3,41.2,31.6,55427.3574598442,5.09133813864338,1.32617380871956,2.60700968067145,823290
Namibia,NAM,2012,YR2012,46.4,42,31.9,56950.5531623664,5.0616820696264,1.36313058914982,2.66571196054853,823290
Namibia,NAM,2013,YR2013,47.4,42.8,30.7,58603.3059150067,5.61471962254485,1.37810831304484,2.73598367525416,823290
Namibia,NAM,2014,YR2014,48.4,43.5,30.2,60570.238078247,6.09251915977956,1.38659483707511,2.80841380315563,823290
Namibia,NAM,2015,YR2015,51.6,44.1,29.3,61499.6631007034,4.26417453763675,1.50195847197069,2.88391696728978,823290
Namibia,NAM,2016,YR2016,49.7,44.8,29.2,59883.2477114545,0.0337944502063294,1.59834340010487,2.96276281747622,823290
Namibia,NAM,2017,YR2017,52.5,45.4,30.2,57668.924185024,-1.02724808856709,1.49737539456841,3.04492098774429,823290
Namibia,NAM,2018,YR2018,52.3,45.7,30.9,56686.5763638064,1.05993949860752,1.47819814870212,3.13052144444849,823290
Namibia,NAM,2019,YR2019,53.3,46.4,30.2,54659.1857216051,-0.839152163419357,1.45542679968338,3.21939292351419,823290
Namibia,NAM,2020,YR2020,52.3,46.9,31.2,48790.2687372515,-8.10140201443319,1.29890404513109,3.31446027523716,823290
Namibia,NAM,2021,YR2021,55.2,47.5,30,49077.6398410559,3.60382919248703,1.31835499696145,3.41380072635402,823290
Namibia,NAM,2022,YR2022,56.2,47.7,..,50311.0041589639,5.3987247803654,1.23886461461583,3.50989566252475,823290
Namibia,NAM,2023,YR2023,56.7,48,..,51243.9959231817,4.44280600303956,1.21960315143456,3.59909023551847,823290
Namibia,NAM,2024,YR2024,..,..,..,51970.1850514054,3.71154502416731,1.20450237960009,..,..
Namibia,NAM,2025,YR2025,..,..,..,..,..,..,..,..
Nauru,NRU,2011,YR2011,99,100,0,7035.9977174188,14.7058823529412,0,504.9,20
Nauru,NRU,2012,YR2012,99.4,100,0.1,8605.86691765505,24.3589743589745,0,513.35,20
Nauru,NRU,2013,YR2013,99.4,100,0.1,8747.74175145003,4.12371134020613,0,525.85,20
Nauru,NRU,2014,YR2014,99.5,100,0,9921.26768066868,15.8415841584163,0,537.1,20
Nauru,NRU,2015,YR2015,99,100,0.1,10061.8789284442,3.41880341880281,0,547.7,20
Nauru,NRU,2016,YR2016,99.7,100,0.2,10293.4777782711,4.13223140495909,0,557.5,20
Nauru,NRU,2017,YR2017,99.8,100,0.6,9491.80046934396,-6.34920634920697,0,566.2,20
Nauru,NRU,2018,YR2018,99.9,100,0.7,9285.89852973277,-0.847457627117805,0,573.85,20
Nauru,NRU,2019,YR2019,100,100,0.6,9983.87575013653,8.5470085470084,0,579.35,20
Nauru,NRU,2020,YR2020,100,100,1.3,10092.3259035514,1.57480314960559,0,582.15,20
Nauru,NRU,2021,YR2021,100,100,1.6,10813.3795700862,7.75193798449692,0,585.45,20
Nauru,NRU,2022,YR2022,100,100,1.9,11037.8294841602,2.87769784172609,0,590.05,20
Nauru,NRU,2023,YR2023,100,100,..,11045.7529963523,0.699300699300778,0,593.75,20
Nauru,NRU,2024,YR2024,..,..,..,11131.6731405291,1.38888888888904,0,..,..
Nauru,NRU,2025,YR2025,..,..,..,..,..,..,..,..
Nepal,NPL,2011,YR2011,67.3,23.5,87,56772.3027848247,3.42180870116162,0.195186556140448,191.59047087548,143350
Nepal,NPL,2012,YR2012,75.2,25.1,84.7,59271.6729323479,4.67014192446953,0.226080233042303,192.081723055459,143350
Nepal,NPL,2013,YR2013,77.4,26.8,86,61238.5881715967,3.52515317129149,0.228209529280106,192.465964422742,143350
Nepal,NPL,2014,YR2014,84.9,28.4,84,64726.6843353135,6.01148284250441,0.265694626083707,193.040599930241,143350
Nepal,NPL,2015,YR2015,82,30.1,85.2,66934.3840266128,3.97605327162971,0.263161214520219,194.095772584583,143350
Nepal,NPL,2016,YR2016,90.7,31.8,79.4,66907.2682182823,0.433113719381524,0.385041034199327,195.015430763865,143350
Nepal,NPL,2017,YR2017,86.6,33.4,76.8,72768.4827793168,8.97727935643466,0.471231959664218,195.404659923265,143350
Nepal,NPL,2018,YR2018,93.9,35.1,75,78124.3139266963,7.62237610397935,0.531555032536151,195.882029996512,143350
Nepal,NPL,2019,YR2019,89.9,36.6,78.2,82344.5281181882,6.65705543110467,0.473751308506942,198.214607603767,143350
Nepal,NPL,2020,YR2020,89.9,38.3,73.1,78859.8495113713,-2.3696206292072,0.568109987739662,202.068880362749,143350
Nepal,NPL,2021,YR2021,89.9,39.9,73.7,81249.0819171902,4.838149614115,0.589753828751882,205.61569584932,143350
Nepal,NPL,2022,YR2022,91.3,41.1,..,85130.0720810558,5.6313145568451,0.506315976652673,207.292891524241,143350
Nepal,NPL,2023,YR2023,94,42.7,..,86878.694046743,1.98254843628392,0.519690203752101,207.147638646669,143350
Nepal,NPL,2024,YR2024,..,..,..,90195.4340076343,3.66537430744967,0.535964084109792,..,..
Nepal,NPL,2025,YR2025,..,..,..,..,..,..,..,..
Netherlands,NLD,2011,YR2011,100,100,4.7,44975.4530531644,1.77334516269423,10.4278277326273,495.049644128114,33720
Netherlands,NLD,2012,YR2012,100,100,4.9,44371.1466489748,-0.977876877747732,10.2418555171895,496.884994068802,33720
Netherlands,NLD,2013,YR2013,100,100,5,44227.1488854845,-0.0302325600539604,10.0780436970437,498.795844464233,33690
Netherlands,NLD,2014,YR2014,100,100,5.6,44778.9428264724,1.61261001294011,9.59164086966339,500.593885425942,33690
Netherlands,NLD,2015,YR2015,100,100,5.8,45526.2979058405,2.12060523860846,9.99734178248626,503.116216216216,33670
Netherlands,NLD,2016,YR2016,100,100,5.6,46382.4896593216,2.42428572955482,10.028805106001,505.800831600832,33670
Netherlands,NLD,2017,YR2017,100,100,6.4,47391.6292731151,2.78154619309936,9.81688717537774,508.8,33670
Netherlands,NLD,2018,YR2018,100,100,7.4,48179.9214630031,2.2587403735731,9.46486529650368,511.779744579745,33670
Netherlands,NLD,2019,YR2019,100,100,8.6,48966.2866389228,2.30009157916757,9.10784361996519,515.143272943273,33670
Netherlands,NLD,2020,YR2020,100,100,10.7,46811.5127712639,-3.86795333823223,8.15069804775965,518.013068013068,33670
Netherlands,NLD,2021,YR2021,100,100,12.2,49490.0372120209,6.2768306708326,8.32113351224123,520.731927531928,33670
Netherlands,NLD,2022,YR2022,100,100,..,51475.0721174678,5.00723455159611,7.52014775225465,525.719691119691,33670
Netherlands,NLD,2023,YR2023,100,100,..,50663.0748123425,-0.598096167209832,6.87570596534106,530.950905850906,33670
Netherlands,NLD,2024,YR2024,..,..,..,50879.5539607808,1.08100584845663,6.60188395966651,..,..
Netherlands,NLD,2025,YR2025,..,..,..,..,..,..,..,..
New Caledonia,NCL,2011,YR2011,100,..,5.9,..,..,13.2999178368969,14.5811269146608,18280
New Caledonia,NCL,2012,YR2012,100,..,6.2,..,..,13.1331612874724,14.8595733041575,18280
New Caledonia,NCL,2013,YR2013,100,..,6.6,..,..,14.1805925829594,15.1434354485777,18280
New Caledonia,NCL,2014,YR2014,100,..,4.3,..,..,17.031263334566,15.3842450765864,18280
New Caledonia,NCL,2015,YR2015,100,..,5.1,..,..,16.1165809696011,15.490590809628,18280
New Caledonia,NCL,2016,YR2016,100,..,3.7,..,..,17.1997332608857,15.5045404814004,18280
New Caledonia,NCL,2017,YR2017,100,..,5.1,3417727.63502218,..,15.4923716081341,15.5112691466083,18280
New Caledonia,NCL,2018,YR2018,100,..,4.6,3431459.05530417,0.400000000000006,21.2498368842601,15.5109956236324,18280
New Caledonia,NCL,2019,YR2019,100,..,5.2,3382643.17874798,-1.40000000000001,20.3934331431634,15.5145514223195,18280
New Caledonia,NCL,2020,YR2020,100,..,6.1,3294837.67707179,-2.40000000000001,19.874303248691,15.5457330415755,18280
New Caledonia,NCL,2021,YR2021,100,..,8.3,3213906.75806041,-2.10000000000004,16.3459717966159,15.6025164113786,18280
New Caledonia,NCL,2022,YR2022,100,..,9.6,3304277.24064848,3.50000000000006,16.0756888162913,15.7069474835886,18280
New Caledonia,NCL,2023,YR2023,100,..,..,3364606.70646628,2.8,16.7820057267051,15.8572210065646,18280
New Caledonia,NCL,2024,YR2024,..,..,..,2882846.2450081,-13.5,17.0800884366062,..,..
New Caledonia,NCL,2025,YR2025,..,..,..,..,..,..,..,..
New Zealand,NZL,2011,YR2011,100,100,30.3,58531.8715784672,2.09349621669912,7.46138229927007,16.6495765447571,263310
New Zealand,NZL,2012,YR2012,100,100,28.8,59589.3369025204,2.36630664656174,7.89151788752524,16.7411036420949,263310
New Zealand,NZL,2013,YR2013,100,100,28.3,60664.5179081966,2.58954199031598,7.78476396299048,16.8702290076336,263310
New Zealand,NZL,2014,YR2014,100,100,29,61948.2154323038,3.82638491760299,7.81374958485553,17.1527856898713,263310
New Zealand,NZL,2015,YR2015,100,100,29.3,62939.7244760706,3.69036908387233,7.67750683386124,17.5056017621815,263310
New Zealand,NZL,2016,YR2016,100,100,30.1,63867.5694194014,3.77911068354334,7.36993275492671,17.9032319319433,263310
New Zealand,NZL,2017,YR2017,100,100,28.4,64660.6971912913,3.37873219470765,7.53415323250789,18.2811135163875,263310
New Zealand,NZL,2018,YR2018,100,100,28.9,65717.0436273109,3.47058203866328,7.27125249969391,18.6115225399719,263310
New Zealand,NZL,2019,YR2019,100,100,28,66297.090517675,2.31747144034802,7.49357181659055,18.8762295393263,263310
New Zealand,NZL,2020,YR2020,100,100,28.7,64763.0313066793,-0.307246896026541,6.83500906868543,19.2639854164293,263310
New Zealand,NZL,2021,YR2021,100,100,28.9,67537.8572552413,4.53540565716095,6.8263580222633,19.3103186358285,263310
New Zealand,NZL,2022,YR2022,100,100,..,69939.1317866068,3.49638686458842,6.32162465316725,19.299305001709,263310
New Zealand,NZL,2023,YR2023,100,100,..,69300.96,1.39425181563566,6.11076923076923,19.7485853176864,263310
New Zealand,NZL,2024,YR2024,..,..,..,69032.3834571542,1.28862004711685,6.01694562647754,..,..
New Zealand,NZL,2025,YR2025,..,..,..,..,..,..,..,..
Nicaragua,NIC,2011,YR2011,81.2,45.7,53.3,23827.6372040733,6.31668553491842,0.838899676253052,48.355085590826,120340
Nicaragua,NIC,2012,YR2012,81.3,47,53.3,25021.8985282363,6.4961364710876,0.82136320433153,49.0384493933854,120340
Nicaragua,NIC,2013,YR2013,81.9,48.3,54.3,25892.5190909858,4.92709413447304,0.775237326501605,49.7244889479807,120340
Nicaragua,NIC,2014,YR2014,81.9,49.7,53,26761.9673280703,4.78546013589983,0.809215605987777,50.4112680737909,120340
Nicaragua,NIC,2015,YR2015,83.2,51.1,50,27666.2922192461,4.79226768332697,0.893922139285724,51.100357320924,120340
Nicaragua,NIC,2016,YR2016,83.9,52.3,49.5,28542.3479936194,4.56314739524967,0.918114335021321,51.7921389396709,120340
Nicaragua,NIC,2017,YR2017,84.6,53.6,48.9,29469.0939897543,4.63120757580209,0.899666272497,52.4865464517201,120340
Nicaragua,NIC,2018,YR2018,85.2,54.6,51.3,28104.8468144148,-3.3633566598573,0.809411757353033,53.1833139438258,120340
Nicaragua,NIC,2019,YR2019,85.7,55.8,50.5,26938.8978318872,-2.89686986728901,0.821126102136495,53.8778211733422,120340
Nicaragua,NIC,2020,YR2020,86,56.8,52.2,26009.0217351404,-2.23654176262323,0.72292566319085,54.5559830480306,120340
Nicaragua,NIC,2021,YR2021,86.3,57.7,50.4,28384.5054908837,10.454389484408,0.781445055571015,55.2163952135616,120340
Nicaragua,NIC,2022,YR2022,86.5,58.6,..,29017.0650727255,3.55029945613975,0.781677382316785,55.9303141100216,120340
Nicaragua,NIC,2023,YR2023,88.3,59.6,..,29889.0599745326,4.42774384760374,0.811432301333619,56.702783779292,120340
Nicaragua,NIC,2024,YR2024,..,..,..,30547.2138215826,3.5878302292345,0.829841501184187,..,..
Nicaragua,NIC,2025,YR2025,..,..,..,..,..,..,..,..
Niger,NER,2011,YR2011,14.3,1.5,77.2,257168.968262807,2.35775693603874,0.0858043617469507,13.5598665824584,1266700
Niger,NER,2012,YR2012,14.4,1.6,72.7,273770.193110647,10.5489445763446,0.11521705528619,14.0812891766006,1266700
Niger,NER,2013,YR2013,15.2,1.7,78.7,277686.349071685,5.31513063394726,0.109995206237097,14.6205873529644,1266700
Niger,NER,2014,YR2014,15.7,1.9,78.1,285404.637428289,6.64213665495603,0.114592549329829,15.1700552617036,1266700
Niger,NER,2015,YR2015,16.6,2.2,78.9,287129.395133218,4.39264883207291,0.108819188928427,15.741294702771,1266700
Niger,NER,2016,YR2016,17,2.3,80.2,292660.099596084,5.74089315058157,0.104777428213515,16.3304278834768,1266700
Niger,NER,2017,YR2017,17.6,2.6,82,296560.836485511,5.00536078615544,0.0920857909837752,16.9222752032841,1266700
Niger,NER,2018,YR2018,17.6,3,82,307162.260208403,7.21141802762897,0.0913914590764974,17.5164356201153,1266700
Niger,NER,2019,YR2019,18.5,3.4,80.7,314634.603238129,5.93985257123522,0.103413157111608,18.1161735217494,1266700
Niger,NER,2020,YR2020,18.7,3.8,81.9,315230.724559002,3.55064109436891,0.101595383987419,18.7239385805637,1266700
Niger,NER,2021,YR2021,18.6,4.1,79.6,309359.312864101,1.38359636198477,0.116675523035947,19.3432857030078,1266700
Niger,NER,2022,YR2022,19.5,4.5,..,335097.586118633,11.9000000000277,0.127125609686768,19.9826107207705,1266700
Niger,NER,2023,YR2023,20.1,5.1,..,329643.474777605,1.66763406484279,0.120906578003627,20.6519831057077,1266700
Niger,NER,2024,YR2024,..,..,..,351860.673468575,10.3000000007793,0.118901709547783,..,..
Niger,NER,2025,YR2025,..,..,..,..,..,..,..,..
Nigeria,NGA,2011,YR2011,55.9,2.2,84.1,954635.917293242,5.30792420289453,0.606966647220167,188.170007795602,910770
Nigeria,NGA,2012,YR2012,53,2.7,83.9,967792.914426314,4.23006117493223,0.580337328542393,193.463360672837,910770
Nigeria,NGA,2013,YR2013,55.6,3.4,81.4,1004709.29846745,6.67133539306167,0.63302873569183,198.787227291193,910770
Nigeria,NGA,2014,YR2014,54.2,4.3,79.9,1040251.62013535,6.30971865525431,0.660183629190404,204.109616039176,910770
Nigeria,NGA,2015,YR2015,52.5,5.7,81.3,1041104.41402186,2.65269329543001,0.621244733321397,209.352391932101,910770
Nigeria,NGA,2016,YR2016,59.3,7.4,81.1,999263.204882925,-1.61686894906509,0.631791150085677,214.591719094832,910770
Nigeria,NGA,2017,YR2017,54.4,9.7,81.6,983116.55669955,0.805886619102438,0.579461406473008,219.873929751749,910770
Nigeria,NGA,2018,YR2018,56.5,12.5,80.8,979116.876247804,1.92275734200614,0.592412108680957,225.017024056568,910770
Nigeria,NGA,2019,YR2019,55.4,15.7,80.1,979018.91796011,2.20842927714892,0.60197968413501,230.009377779242,910770
Nigeria,NGA,2020,YR2020,55.4,18.9,81.8,897345.013881346,-6.36889840510109,0.555700571123744,234.961824609945,910770
Nigeria,NGA,2021,YR2021,59.5,21.85,80.3,888478.105309876,1.10925253938163,0.599006670437755,239.939047179859,910770
Nigeria,NGA,2022,YR2022,60.5,24.4,..,907654.253559439,4.31882949523192,0.578271036832404,245.013445765671,910770
Nigeria,NGA,2023,YR2023,61.2,26.2,..,918375.79753939,3.32684556421316,0.552339272252252,250.20910328623,910770
Nigeria,NGA,2024,YR2024,..,..,..,935982.783750271,4.06236408888319,0.566917637661195,..,..
Nigeria,NGA,2025,YR2025,..,..,..,..,..,..,..,..
North Macedonia,MKD,2011,YR2011,99.7,69.3,18.6,198119.849406266,2.33988604520331,5.28745255234082,76.8199048374306,25220
North Macedonia,MKD,2012,YR2012,99.6,70.7,18.3,197990.383564071,-0.456183223607937,4.98507374518155,76.5194686756542,25220
North Macedonia,MKD,2013,YR2013,99.7,71.7,21.2,204535.147156418,2.92525766450484,4.57514266277495,76.2377478191911,25220
North Macedonia,MKD,2014,YR2014,99.8,72.7,21.2,212528.232537546,3.62912351276373,4.35528122501704,76.0331879460745,25220
North Macedonia,MKD,2015,YR2015,99.9,73.6,23.9,221314.767076442,3.85586514041738,4.14802110404041,75.8298969072165,25220
North Macedonia,MKD,2016,YR2016,100,75,21.4,228348.6499856,2.84820519363306,3.99771705905588,75.5873513084853,25220
North Macedonia,MKD,2017,YR2017,100,75.9,19,231749.599848735,1.08177273813243,4.20312884317705,75.2837827121332,25220
North Macedonia,MKD,2018,YR2018,99.8,76.45,20.9,239637.786380569,2.88059670964267,3.99285143704431,74.9028945281523,25220
North Macedonia,MKD,2019,YR2019,100,77.6,17,250705.924865504,3.91041953840173,4.62504703500897,74.3957969865186,25220
North Macedonia,MKD,2020,YR2020,100,78.9,20,241544.207175814,-4.68845000956652,4.08399438830595,73.5973037272006,25220
North Macedonia,MKD,2021,YR2021,100,79.6,19.5,255051.673439972,4.51067949038222,4.15543074626833,72.8435368754956,25220
North Macedonia,MKD,2022,YR2022,100,80.55,..,262861.192152478,2.75888415332967,4.47897922817561,72.6293417922284,25220
North Macedonia,MKD,2023,YR2023,100,81.3,..,270151.809591337,2.554965253403,4.38791431960329,72.474861221253,25220
North Macedonia,MKD,2024,YR2024,..,..,..,278766.679145936,2.99373536567732,3.99992545326879,..,..
North Macedonia,MKD,2025,YR2025,..,..,..,..,..,..,..,..
Northern Mariana Islands,MNP,2011,YR2011,100,..,0,13803.9098641994,-7.38423028785982,0.00186539322489181,116.539130434783,460
Northern Mariana Islands,MNP,2012,YR2012,100,..,0,14013.6003306158,0.810810810810807,0.00187849870383589,115.726086956522,460
Northern Mariana Islands,MNP,2013,YR2013,100,..,0,14519.125061602,2.68096514745308,0.00189544713597938,114.691304347826,460
Northern Mariana Islands,MNP,2014,YR2014,100,..,0,15293.8019855111,4.177545691906,0.00191651653953774,113.430434782609,460
Northern Mariana Islands,MNP,2015,YR2015,100,..,0,16015.0638661335,3.38345864661653,0.00194121986256163,111.986956521739,460
Northern Mariana Islands,MNP,2016,YR2016,100,..,0,20995.410946763,29.2121212121212,0.00196955074547496,110.376086956522,460
Northern Mariana Islands,MNP,2017,YR2017,100,..,0,26281.5508717148,23.1707317073171,0.00200164134590364,108.60652173913,460
Northern Mariana Islands,MNP,2018,YR2018,100,..,0,21537.5837968906,-19.4973343488195,0.00203761436110602,106.689130434783,460
Northern Mariana Islands,MNP,2019,YR2019,100,..,0,19447.7342142991,-11.4474929044465,0.00207774938186956,104.628260869565,460
Northern Mariana Islands,MNP,2020,YR2020,100,..,0.3,13970.7120013466,-29.0598290598291,0.00210402289176906,103.321739130435,460
Northern Mariana Islands,MNP,2021,YR2021,100,..,0.5,14836.4162710999,4.96987951807229,0.00212861065582494,102.128260869565,460
Northern Mariana Islands,MNP,2022,YR2022,100,..,0.5,17643.9949650592,16.6427546628408,0.00217023308303312,100.169565217391,460
Northern Mariana Islands,MNP,2023,YR2023,100,..,..,..,..,0.00221518286334537,98.1369565217391,460
Northern Mariana Islands,MNP,2024,YR2024,..,..,..,..,..,0.00225845792492886,..,..
Northern Mariana Islands,MNP,2025,YR2025,..,..,..,..,..,..,..,..
Norway,NOR,2011,YR2011,100,100,56,621029.31726632,1.10565603382983,9.47669413505272,13.5610386481366,365244
Norway,NOR,2012,YR2012,100,100,56.9,629584.871038042,2.71795924894734,9.2436037096601,13.7403297521657,365244
Norway,NOR,2013,YR2013,100,100,56.6,628339.028309778,1.01619084044641,9.22857857758341,13.9120886837683,365122.96
Norway,NOR,2014,YR2014,100,100,55.8,634017.721800378,2.04813200438943,9.1470465028638,14.0704449094514,365108
Norway,NOR,2015,YR2015,100,100,56.5,639399.258606404,1.85733971623901,9.24221086700149,14.2079384825517,365190.7
Norway,NOR,2016,YR2016,100,100,57.7,641173.001951087,1.16472423928819,9.04975223129384,14.3354243797401,365145.73
Norway,NOR,2017,YR2017,100,100,58.9,651685.079007491,2.46374626574153,8.98402264330578,14.452576255125,365123
Norway,NOR,2018,YR2018,100,100,58.9,652764.013964076,0.828931500516902,8.78033462878555,14.5488896436123,365108
Norway,NOR,2019,YR2019,100,100,59.8,655658.360222413,1.12374694968757,8.47933467666537,14.6479975020132,365094
Norway,NOR,2020,YR2020,100,100,60.9,643478.220458316,-1.27817177234034,8.12493784244745,14.7672152298338,364285
Norway,NOR,2021,YR2021,100,100,61.4,665063.665611502,3.90868676830634,8.21471362641264,14.8470090866665,364270
Norway,NOR,2022,YR2022,100,100,..,680511.921016315,3.24622860260932,7.9798582660803,14.9809948664452,364270
Norway,NOR,2023,YR2023,100,100,..,673294.731448886,0.0721204806030329,7.53753758650308,15.1524995195871,364270
Norway,NOR,2024,YR2024,..,..,..,680916.737478507,2.09723059960317,7.17830173255862,..,..
Norway,NOR,2025,YR2025,..,..,..,..,..,..,..,..
Oman,OMN,2011,YR2011,100,100,0,8793.26746974011,2.89460973541192,19.4168676625401,9.94107592891761,309500
Oman,OMN,2012,YR2012,100,100,0,8303.30415837587,8.86312225557018,19.0117803076649,11.4607625201939,309500
Oman,OMN,2013,YR2013,100,100,0,8083.7515092283,5.22770408145942,18.4231097575767,12.3874410339257,309500
Oman,OMN,2014,YR2014,100,100,0,7843.44246095943,1.29225229411081,18.7456448430569,12.9319515347334,309500
Oman,OMN,2015,YR2015,100,100,0,7877.83206030259,5.01705799719045,18.9549319636454,13.5214701130856,309500
Oman,OMN,2016,YR2016,100,100,0,7887.17151493882,5.04642394571691,18.3626186750392,14.1870016155089,309500
Oman,OMN,2017,YR2017,100,100,0,7655.69062078778,0.304057565922449,17.9309674535791,14.6604071082391,309500
Oman,OMN,2018,YR2018,100,100,0,7652.22732143552,1.28710391543288,18.3513173579893,14.8558222940226,309500
Oman,OMN,2019,YR2019,100,100,0,7576.79677455398,-1.12863801728058,18.6062766036459,14.8343812600969,309500
Oman,OMN,2020,YR2020,100,100,0.1,7432.00050768414,-3.37972052697999,18.1682818142278,14.612268174475,309500
Oman,OMN,2021,YR2021,100,100,0.1,7661.30035747743,2.5821749892893,19.4931188705775,14.5409499192246,309500
Oman,OMN,2022,YR2022,100,100,..,7871.18839564959,7.98570728354278,19.6830764534295,15.2834442649435,309500
Oman,OMN,2023,YR2023,100,100,..,7478.10678079968,1.41401395818599,18.9600910547646,16.3142778675283,309500
Oman,OMN,2024,YR2024,..,..,..,7265.88738147254,1.63163221127449,18.6519911434889,..,..
Oman,OMN,2025,YR2025,..,..,..,..,..,..,..,..
Pakistan,PAK,2011,YR2011,87.8,36.6,46.8,129170.267981863,2.68011685421705,0.761925389822866,264.303218399751,770880
Pakistan,PAK,2012,YR2012,88.6,38,47.2,130568.2415847,3.02758391088629,0.756547286914094,269.389691002491,770880
Pakistan,PAK,2013,YR2013,89.3,39.2,48.1,134070.506183856,4.36686504978387,0.761812998094914,273.809124636779,770880
Pakistan,PAK,2014,YR2014,90.1,40.3,47.2,137510.760911015,4.11642817161422,0.78969023760602,277.948120330012,770880
Pakistan,PAK,2015,YR2015,91,41.8,45.9,141314.977419922,4.21794209572506,0.820485873767654,281.873810450394,770880
Pakistan,PAK,2016,YR2016,91.8,43.4,43.7,148656.387436968,6.57383828511043,0.893970251114536,285.568271326276,770880
Pakistan,PAK,2017,YR2017,92.7,44.5,42.1,153065.887882934,4.43262590683975,0.955309760765795,289.635179275633,770880
Pakistan,PAK,2018,YR2018,93.4,46.1,43.4,159865.104351719,6.15170261099519,0.891523323526385,294.376416562889,770880
Pakistan,PAK,2019,YR2019,93.9,47.9,45.9,161109.008505205,2.49763692943365,0.861524807145574,299.399256693649,770880
Pakistan,PAK,2020,YR2020,94.5,49.5,42.7,156213.077667942,-1.27408744338709,0.947225728271823,304.848674242424,770880
Pakistan,PAK,2021,YR2021,94.9,51.3,41.6,163278.666484832,6.51388575852702,0.956817705203498,310.65509677252,770880
Pakistan,PAK,2022,YR2022,95,53,..,168115.801669103,4.7781068690358,0.965826244537936,316.133077781237,770880
Pakistan,PAK,2023,YR2023,95.6,54.9,..,164845.224326128,-0.414935997088406,0.843982651709012,321.067474833956,770880
Pakistan,PAK,2024,YR2024,..,..,..,167326.210390066,3.04898287335465,0.811831809174961,..,..
Pakistan,PAK,2025,YR2025,..,..,..,..,..,..,..,..
Palau,PLW,2011,YR2011,98.9,100,0,14346.3864027366,5.09200624133297,131.081978094922,39.3,460
Palau,PLW,2012,YR2012,97.6,100,0,14840.7918649293,1.65514876664869,202.865184351252,38.6195652173913,460
Palau,PLW,2013,YR2013,99.2,100,0,14557.8911816761,-2.55228103983089,103.371486854034,38.3652173913043,460
Palau,PLW,2014,YR2014,99.8,100,0.3,15252.3616798308,5.16816298235885,71.5608241603161,38.5108695652174,460
Palau,PLW,2015,YR2015,99.5,100,0.4,16409.4185386405,7.92010724472276,67.2706809229038,38.6304347826087,460
Palau,PLW,2016,YR2016,100,100,0.6,16601.922599534,1.32685546630708,64.3029724110805,38.6891304347826,460
Palau,PLW,2017,YR2017,100,100,0.6,16092.0447026803,-2.98950254798218,67.1682012126656,38.7217391304348,460
Palau,PLW,2018,YR2018,100,100,0.6,15890.0904096015,-1.24390713667657,69.0748849219715,38.7260869565217,460
Palau,PLW,2019,YR2019,100,100,0.9,15846.7968470167,-0.362028649856498,71.2608158220025,38.6913043478261,460
Palau,PLW,2020,YR2020,100,100,0.9,14762.7291919516,-6.87233152299699,71.7401079136691,38.6782608695652,460
Palau,PLW,2021,YR2021,100,100,0.9,12811.6673092696,-13.2600319305925,74.7342968003149,38.6586956521739,460
Palau,PLW,2022,YR2022,100,100,0.9,13023.0426600377,1.51267904038146,78.7262796328622,38.6065217391304,460
Palau,PLW,2023,YR2023,100,100,..,13335.662599061,2.21599800170485,78.8571106222147,38.5369565217391,460
Palau,PLW,2024,YR2024,..,..,..,..,..,82.8426109070359,..,..
Palau,PLW,2025,YR2025,..,..,..,..,..,..,..,..
Panama,PAN,2011,YR2011,88.6,100,19.7,12354.853179016,11.9088772241134,2.7068055952273,49.6839521119182,74340
Panama,PAN,2012,YR2012,89.3,100,21.2,13307.3956998912,9.62729355007232,2.77914034053547,50.5684153887544,74340
Panama,PAN,2013,YR2013,89.1,100,20.7,13904.6138136692,6.32435373509259,2.68272349907681,51.4572101156847,74340
Panama,PAN,2014,YR2014,90.8,100,19.8,14298.2363513271,4.62581384604574,2.76763115859532,52.5108067997841,74120
Panama,PAN,2015,YR2015,91.6,100,22,14793.1088839328,5.26691726402875,2.68464798922232,53.4273475445224,74120
Panama,PAN,2016,YR2016,92.4,100,22.1,15204.3275752491,4.57196696307969,2.64685340546218,54.3589584457636,74120
Panama,PAN,2017,YR2017,93.7,100,23.6,15804.5764127975,5.74405946988693,2.47597596022355,55.298259579061,74120
Panama,PAN,2018,YR2018,93.8,100,24.5,16151.3273433486,3.9181980847881,2.38158191493956,56.1857643569695,74180
Panama,PAN,2019,YR2019,93.9,100,19,16389.6727069016,3.10306793272473,3.10862634897395,57.0868158533297,74180
Panama,PAN,2020,YR2020,95.3,100,28.5,13285.1136993884,-17.8212299459324,2.2623129597758,57.87626044756,74180
Panama,PAN,2021,YR2021,95.3,100,28,15287.1195428172,16.4671248604202,2.47873328262843,58.5791992450795,74180
Panama,PAN,2022,YR2022,95,100,..,16761.0308811764,11.0385475261766,2.60024772920576,59.3255998921542,74180
Panama,PAN,2023,YR2023,97,100,..,17728.5840515614,7.16632946099945,2.85705058290883,60.1072930709086,74180
Panama,PAN,2024,YR2024,..,..,..,17986.5425846097,2.74788545546916,2.73829900364892,..,..
Panama,PAN,2025,YR2025,..,..,..,..,..,..,..,..
Papua New Guinea,PNG,2011,YR2011,17.3,8,54.7,5587.98505626295,1.10754362619616,0.568647823877457,17.3549132182131,452860
Papua New Guinea,PNG,2012,YR2012,17.5,8.2,55.5,5687.53859175216,4.65711959686239,0.527248406524125,17.8452281058164,452860
Papua New Guinea,PNG,2013,YR2013,17.8,8.5,58.3,5747.68417446955,3.82494632800675,0.551230455449542,18.3339177670803,452860
Papua New Guinea,PNG,2014,YR2014,18.1,8.7,56.9,6357.12119084299,13.5437706216546,0.64972585602458,18.8213598021464,452860
Papua New Guinea,PNG,2015,YR2015,18.4,9,55.3,6604.98400708387,6.57835632304275,0.683258826298608,19.306730556905,452860
Papua New Guinea,PNG,2016,YR2016,13.5,9,54.8,6797.71151022605,5.48957315278187,0.738809232783268,19.7891577971117,452860
Papua New Guinea,PNG,2017,YR2017,19.2,9.3,54.7,6871.59762249919,3.53461081750459,0.629630686826063,20.268325751888,452860
Papua New Guinea,PNG,2018,YR2018,16.6,9.5,53.4,6695.00357283023,-0.279252284959952,0.522006835266501,20.744850505675,452860
Papua New Guinea,PNG,2019,YR2019,23.6,9.6,53.2,6838.82896364974,4.48051456942582,0.52413307926623,21.2185001987369,452860
Papua New Guinea,PNG,2020,YR2020,20.5,9.8,53.6,6482.73882596392,-3.16743204434815,0.557716143021631,21.6750121450338,452860
Papua New Guinea,PNG,2021,YR2021,20.9,9.9,54.5,6322.59923602522,-0.511353418578196,0.537976225859132,22.1103564015369,452860
Papua New Guinea,PNG,2022,YR2022,19,10.2,54.6,6558.83079070826,5.70758404238197,0.541939469982316,22.5305149494325,452860
Papua New Guinea,PNG,2023,YR2023,20.5,10.5,..,6686.58107816107,3.81088622906051,0.529181246501922,22.9422669257607,452860
Papua New Guinea,PNG,2024,YR2024,..,..,..,6818.02906102604,3.79979560086888,0.516966762734976,..,..
Papua New Guinea,PNG,2025,YR2025,..,..,..,..,..,..,..,..
Paraguay,PRY,2011,YR2011,98.2,59,62.5,27366687.9305955,4.28637120706239,0.937463561714889,14.6353536370501,397300
Paraguay,PRY,2012,YR2012,97.8,60.7,63.4,26793310.6112705,-0.708043112304196,0.91780441878322,14.842708280896,397300
Paraguay,PRY,2013,YR2013,99,62.2,62.5,28600924.5904825,8.29307648937821,0.942925509553368,15.0577523282155,397300
Paraguay,PRY,2014,YR2014,99,63.6,62.5,29683636.1076557,5.30123864475758,0.980244689661672,15.2776516486282,397300
Paraguay,PRY,2015,YR2015,99.3,64.9,60.5,30118359.9695612,2.95715168364671,1.08148865183778,15.5023986911654,397300
Paraguay,PRY,2016,YR2016,98.4,66,62.5,30951425.5260816,4.26802583314358,1.20212010447541,15.7289856531588,397300
Paraguay,PRY,2017,YR2017,99.3,67.2,60.1,31981993.2972212,4.81007885552178,1.33605525458062,15.9543418071986,397300
Paraguay,PRY,2018,YR2018,99.6,68.1,59.2,32551159.0042781,3.20425034080199,1.3602583446884,16.1776541656179,397300
Paraguay,PRY,2019,YR2019,99.7,68.8,60.1,31984055.6003015,-0.401855100701937,1.30801598389454,16.3983337528316,397300
Paraguay,PRY,2020,YR2020,99.7,69.35,61.5,31295865.1296249,-0.819785390945569,1.1894625150994,16.621542914674,397300
Paraguay,PRY,2021,YR2021,100,70.2,58.8,32161168.7215676,4.01673731776404,1.19342950266764,16.8240171155298,397300
Paraguay,PRY,2022,YR2022,100,70.7,..,31854253.8927386,0.176038366149214,1.18410511467852,17.0713596633508,396012.042
Paraguay,PRY,2023,YR2023,99.8,71.3,..,33037774.3013755,4.9992279112746,1.1312441318464,17.282671943072,396012.03
Paraguay,PRY,2024,YR2024,..,..,..,34019332.959535,4.24996010464072,1.1581935050359,..,..
Paraguay,PRY,2025,YR2025,..,..,..,..,..,..,..,..
Peru,PER,2011,YR2011,89.7,67.4,30.6,13863.4591776724,6.32719240161117,1.67824036552445,22.8938171875,1280000
Peru,PER,2012,YR2012,91.1,69.4,30.8,14592.0020076909,6.13972470560435,1.6622975160443,23.0862234375,1280000
Peru,PER,2013,YR2013,92.1,71.3,28.4,15307.4062613156,5.85251821084928,1.68769322902782,23.29524921875,1280000
Peru,PER,2014,YR2014,92.9,73.4,28.6,15517.024171942,2.38215737180541,1.76825633140529,23.5279890625,1280000
Peru,PER,2015,YR2015,93.9,75.8,27.4,15841.8916789241,3.25224477218451,1.80255174406388,23.795,1280000
Peru,PER,2016,YR2016,94.2,78.1,27.2,16250.015307861,3.95331871520767,1.86289055051085,24.1144484375,1280000
Peru,PER,2017,YR2017,94.8,80,27.6,16415.6730690925,2.51883544233135,1.76274029927306,24.47237265625,1280000
Peru,PER,2018,YR2018,95.2,82.2,27.9,16760.7051367903,3.969351341365,1.73514081818861,24.9199875,1280000
Peru,PER,2019,YR2019,95.6,84.4,27.1,16844.8918610055,2.24063176875049,1.79270106356368,25.35101796875,1280000
Peru,PER,2020,YR2020,96.2,86.5,31.6,14825.3369915915,-10.9333065010382,1.44746823545562,25.65513984375,1280000
Peru,PER,2021,YR2021,95.6,88.4,30.6,16645.5532686478,13.3626240903125,1.79843805693361,25.9030328125,1280000
Peru,PER,2022,YR2022,96.2,90.1,..,16949.7707543065,2.8090335533015,1.90408262918024,26.1526859375,1280000
Peru,PER,2023,YR2023,96.2,91.8,..,16696.7852883285,-0.403242151494268,1.92281618030482,26.44188828125,1280000
Peru,PER,2024,YR2024,..,..,..,17060.8040575784,3.30394098171516,2.02424185179617,..,..
Peru,PER,2025,YR2025,..,..,..,..,..,..,..,..
Philippines,PHL,2011,YR2011,87.2,40.7,33.8,118224.165410618,3.85823282795663,0.860953621187979,329.505362712547,298170
Philippines,PHL,2012,YR2012,87.1,41.6,34.1,123947.119833039,6.89695171050985,0.893452882976031,335.96777677164,298170
Philippines,PHL,2013,YR2013,87.5,42.4,33.1,129850.307586471,6.75053130142255,0.955039177738511,342.342744072174,298170
Philippines,PHL,2014,YR2014,89.8,44,32.4,135843.081958613,6.34798748260867,1.00237329489598,348.013314552101,298170
Philippines,PHL,2015,YR2015,89.1,45.1,30.8,142346.230656897,6.34830971672761,1.07477147738809,353.197813327967,298170
Philippines,PHL,2016,YR2016,92,46.6,28.6,150490.16435632,7.14945675000752,1.13642556715245,357.969342992253,298170
Philippines,PHL,2017,YR2017,93,48.5,27.8,158860.773736196,6.9309883258402,1.25459105770861,362.61090317604,298170
Philippines,PHL,2018,YR2018,94.2,50.2,27.6,166858.286848506,6.34148557153473,1.29114721089618,367.123744843546,298170
Philippines,PHL,2019,YR2019,95.3,51.8,26.9,174927.178947843,6.11852566221303,1.33500133744347,371.615799711574,298170
Philippines,PHL,2020,YR2020,96.4,54,29.1,156474.353103298,-9.51829474045297,1.21683584867494,375.897186168964,298170
Philippines,PHL,2021,YR2021,97.5,55.6,28,163925.097179997,5.71473313185116,1.28744630350143,379.317000368917,298170
Philippines,PHL,2022,YR2022,94.8,57.6,..,175016.194022906,7.58098212785563,1.33112167071071,382.21262367106,298170
Philippines,PHL,2023,YR2023,98,59.5,..,183185.42029577,5.51894967862863,1.41396992471112,385.321122178623,298170
Philippines,PHL,2024,YR2024,..,..,..,192020.475844731,5.69201612823412,1.5030109111702,..,..
Philippines,PHL,2025,YR2025,..,..,..,..,..,..,..,..
Poland,POL,2011,YR2011,100,100,10.4,42860.3964637286,5.25546256612796,8.58934161043243,124.296296901022,306230
Poland,POL,2012,YR2012,100,100,10.9,43508.4561020729,1.51178167644575,8.39990338165267,124.300058781268,306220
Poland,POL,2013,YR2013,100,100,11.4,43832.6080128504,0.684240607051805,8.28307772126095,124.229110740995,306210
Poland,POL,2014,YR2014,100,100,11.6,45585.1752097083,3.92050862390032,7.95991816737647,124.144273163722,306190
Poland,POL,2015,YR2015,100,100,11.9,47637.1393012849,4.43176700264478,8.05009433373176,124.061569613639,306190
Poland,POL,2016,YR2016,100,100,11.3,49102.2077457974,3.03117767594847,8.34151367627891,124.008253045495,306190
Poland,POL,2017,YR2017,100,100,11.1,51625.7349013265,5.15245773325907,8.69581601242887,124.0237303635,306190
Poland,POL,2018,YR2018,100,100,15.1,54850.3150119487,6.2458584723942,8.68031784277711,124.031583760656,306170
Poland,POL,2019,YR2019,100,100,15.6,57376.7245108879,4.58045817256199,8.21985501300853,124.025595374212,306110
Poland,POL,2020,YR2020,100,100,16.1,56882.5950105007,-2.03556882399977,7.91347409626485,122.548420605625,306130
Poland,POL,2021,YR2021,100,100,15.2,61701.528050778,6.92718266052501,8.76145594619199,120.815285854296,306100
Poland,POL,2022,YR2022,100,100,..,65226.0896135053,5.25545697386036,8.36357881859441,120.297131562612,306090
Poland,POL,2023,YR2023,100,100,..,65628.4387701669,0.249610834017872,7.64977784033642,119.787615502661,306270
Poland,POL,2024,YR2024,..,..,..,67852.897789185,3.02841630700273,7.55108565871718,..,..
Poland,POL,2025,YR2025,..,..,..,..,..,..,..,..
Portugal,PRT,2011,YR2011,100,100,27.2,19139.2217519957,-1.71352745905065,4.86833131897901,115.269789278305,91590
Portugal,PRT,2012,YR2012,100,100,25.5,18438.5129251561,-4.05090267621935,4.73413585593852,114.803406485424,91590
Portugal,PRT,2013,YR2013,100,100,30.2,18357.5312736229,-0.984106574148328,4.60337018320703,114.156128691384,91605.2
Portugal,PRT,2014,YR2014,100,100,30.5,18593.6176517359,0.741391420706506,4.58326274759251,113.541770372117,91605.6
Portugal,PRT,2015,YR2015,100,100,27.2,18967.6088493655,1.58979803702681,4.99335011637296,113.072519583956,91605.6
Portugal,PRT,2016,YR2016,100,100,29,19408.8771125952,2.00414129666575,4.89305456071076,112.716384151187,91605.6
Portugal,PRT,2017,YR2017,100,100,24.4,20101.1920041164,3.31472008175986,5.35359164296186,112.441815784188,91605.6
Portugal,PRT,2018,YR2018,100,100,27.5,20726.5876441658,2.94628343449202,4.96972818082616,112.261935951514,91605.6
Portugal,PRT,2019,YR2019,100,100,28.2,21290.620704526,2.74568432648596,4.51358282400518,112.288582794065,91605.6
Portugal,PRT,2020,YR2020,100,100,31.3,19523.2712066653,-8.20463159324387,3.94717687468905,112.406676011074,91605.6
Portugal,PRT,2021,YR2021,100,100,32.3,20479.7418525741,5.55875672070374,3.76014625214405,113.113510527741,91605.6
Portugal,PRT,2022,YR2022,100,100,..,21758.1836575643,6.98584137580278,3.8017191709062,113.904957775507,91605.6
Portugal,PRT,2023,YR2023,100,100,..,22127.6432019364,3.09997909018263,3.53665954067309,115.475189289738,91605.6
Portugal,PRT,2024,YR2024,..,..,..,22354.887537085,2.13967177177636,3.32476489948602,..,..
Portugal,PRT,2025,YR2025,..,..,..,..,..,..,..,..
Puerto Rico (US),PRI,2011,YR2011,100,..,0.7,29957.4444748886,-0.358510636850312,3.15890448641167,416.399549041714,8870
Puerto Rico (US),PRI,2012,YR2012,100,..,0.5,30231.5690465427,0.0292751500944064,3.09679340188389,412.744644870349,8870
Puerto Rico (US),PRI,2013,YR2013,100,..,1.4,30384.6233450376,-0.306826666941774,3.01209414370714,409.405524239008,8870
Puerto Rico (US),PRI,2014,YR2014,100,..,1.6,30411.5991639649,-1.19036347346942,3.21103079845925,404.173280721533,8870
Puerto Rico (US),PRI,2015,YR2015,100,..,1.9,30516.8327267142,-1.04929003238674,3.42193169375025,398.55321307779,8870
Puerto Rico (US),PRI,2016,YR2016,100,..,1.9,30605.0513269617,-1.26369434781117,3.26088830352094,392.382412626832,8870
Puerto Rico (US),PRI,2017,YR2017,100,..,2.3,30328.479490518,-2.88521838398481,3.40966161678204,384.536302142052,8870
Puerto Rico (US),PRI,2018,YR2018,100,..,1.4,30064.7584549137,-4.36142703162535,4.16800123986155,370.990980834273,8870
Puerto Rico (US),PRI,2019,YR2019,100,..,2.4,30457.4057942448,1.67546379498209,3.8228523346568,372.34396843292,8870
Puerto Rico (US),PRI,2020,YR2020,100,..,2.5,29371.6765348505,-4.1808743093346,3.79870733394483,369.965050732807,8870
Puerto Rico (US),PRI,2021,YR2021,100,..,2.6,29655.4307139063,0.385222719529239,3.88232362596626,367.836640360767,8870
Puerto Rico (US),PRI,2022,YR2022,100,..,2.5,30936.0440254561,2.95709565499587,4.32211424544981,363.03686583991,8870
Puerto Rico (US),PRI,2023,YR2023,100,..,..,31321.3217337455,0.731492105366186,4.56646374046755,361.194137542277,8870
Puerto Rico (US),PRI,2024,YR2024,..,..,..,32321.4377695467,3.17707554784896,4.81694630060609,..,..
Puerto Rico (US),PRI,2025,YR2025,..,..,..,..,..,..,..,..
Qatar,QAT,2011,YR2011,100,100,0.1,327627.263332884,13.3752345495477,51.1981146765586,139.94496124031,11610
Qatar,QAT,2012,YR2012,100,100,0,323666.221948192,4.73008513739958,53.5992587251326,148.358139534884,11610
Qatar,QAT,2013,YR2013,100,100,0,307066.382944084,5.55610364218512,53.2936831372565,165.066838931955,11610
Qatar,QAT,2014,YR2014,100,100,0,288073.633260447,5.33434159770252,51.4766852020105,187.271105308964,11490
Qatar,QAT,2015,YR2015,100,100,0,276949.973918314,4.75332372902957,48.6591283555913,204.051958224543,11490
Qatar,QAT,2016,YR2016,100,100,0.1,270161.676112474,3.06410503214877,46.043357731359,215.588598781549,11490
Qatar,QAT,2017,YR2017,100,100,0.1,258933.86021007,-1.49756209084892,44.8208042988114,221.568320278503,11490
Qatar,QAT,2018,YR2018,100,100,0,258584.960712727,1.23483197031548,44.520899868022,224.606962576153,11490
Qatar,QAT,2019,YR2019,100,100,0.1,254649.240124806,0.688255893930972,44.592192164423,229.648128807659,11490
Qatar,QAT,2020,YR2020,100,100,0,231923.291106985,-3.55750284254954,41.2780926421936,243.180852915579,11490
Qatar,QAT,2021,YR2021,100,100,0,262912.040751963,1.62693587314129,47.2839742745248,218.007832898172,11490
Qatar,QAT,2022,YR2022,100,100,..,258203.243628104,4.18497018544697,45.1959539884538,231.273542210618,11490
Qatar,QAT,2023,YR2023,100,100,..,262307.457139071,1.53979117720789,48.6426368357008,231.160313315927,11490
Qatar,QAT,2024,YR2024,..,..,..,249538.63466654,2.35970586926597,47.3321641445828,..,..
Qatar,QAT,2025,YR2025,..,..,..,..,..,..,..,..
Romania,ROU,2011,YR2011,97.4,100,21.1,17104.9718853846,4.49558909946313,4.45806056206995,87.5332493374462,230170
Romania,ROU,2012,YR2012,97.8,100,21.5,17508.3551305001,1.90361696799603,4.36901221879411,87.201265107382,230020
Romania,ROU,2013,YR2013,98.1,100,23.1,17622.4784878351,0.278771877470234,3.9798049339529,86.8742903099596,230030
Romania,ROU,2014,YR2014,98.4,100,24.3,18416.6752097132,4.11600109267832,3.96756659394738,86.5306806328234,230080
Romania,ROU,2015,YR2015,98.8,100,23.7,19087.6074707948,3.1570360543854,4.0525613738175,86.1248956884562,230080
Romania,ROU,2016,YR2016,99.1,100,24.4,19746.4535426304,2.85993252302089,3.99479410161277,85.6322453059805,230080
Romania,ROU,2017,YR2017,100,100,23.4,21488.6172982761,8.19547826641261,4.17578692629915,85.1387126216968,230080
Romania,ROU,2018,YR2018,99.8,100,23,22781.2716153922,5.39452228185675,4.26219717910626,84.6399947844228,230080
Romania,ROU,2019,YR2019,100,100,23.5,23808.5732303209,3.96028958497598,4.18922540818417,84.1952712100139,230080
Romania,ROU,2020,YR2020,100,100,24.1,23078.6935025499,-3.59802546034757,3.92941176470588,83.7328320584145,230080
Romania,ROU,2021,YR2021,100,100,23.6,24550.6563911344,5.58735072538869,4.22268857135102,83.1104789638387,230080
Romania,ROU,2022,YR2022,100,100,..,25677.5414675653,4.18771305104109,3.97277959180202,82.7907771210014,230080
Romania,ROU,2023,YR2023,100,100,..,26239.9702597893,2.25773416555121,3.68569180458046,82.8453668289291,230080
Romania,ROU,2024,YR2024,..,..,..,26493.1971796477,0.916003764382594,3.72055055783694,..,..
Romania,ROU,2025,YR2025,..,..,..,..,..,..,..,..
Russian Federation,RUS,2011,YR2011,99.2,100,3.2,571609.5625,4.30002918567749,12.8138402250147,8.73293828429975,16376870
Russian Federation,RUS,2012,YR2012,100,100,3.2,593117.625,4.02408615746921,12.6922981666833,8.75493589434367,16376870
Russian Federation,RUS,2013,YR2013,100,100,3.6,601736.5,1.75542214874298,12.2682756012668,8.78102091547408,16376870
Russian Federation,RUS,2014,YR2014,100,100,3.3,594985.375,0.736267221765672,12.1341694161707,8.80737424184231,16376870
Russian Federation,RUS,2015,YR2015,95.5,100,3.2,581442.25,-1.97271922580408,12.1481277789029,8.8320122221157,16376870
Russian Federation,RUS,2016,YR2016,99.4,100,3.4,580916.125,0.193690071260534,11.961746699283,8.85489473873823,16376870
Russian Federation,RUS,2017,YR2017,100,100,3.2,590291.375,1.82579006401834,12.1357322425004,8.87185768709161,16376870
Russian Federation,RUS,2018,YR2018,100,100,3.2,606327.1875,2.80724541059601,12.5939247104085,8.87825976514438,16376870
Russian Federation,RUS,2019,YR2019,99.8,100,3.2,619314.875,2.19807571335009,12.7738739166789,8.88162945666663,16376870
Russian Federation,RUS,2020,YR2020,99.9,100,3.7,603666,-2.65365450102773,12.2840530273686,8.86891988517952,16376870
Russian Federation,RUS,2021,YR2021,100,100,3.5,641205.4375,5.86649177292595,13.3920757412176,8.83848757424343,16376870
Russian Federation,RUS,2022,YR2022,100,100,..,634170.3125,-1.43588213859842,13.1413838368291,8.80735653394086,16376870
Russian Federation,RUS,2023,YR2023,100,100,..,661931.1875,4.08252481259281,13.5462339145189,8.78227219242749,16376870
Russian Federation,RUS,2024,YR2024,..,..,..,692090.5,4.34437475491529,13.9977718566194,..,..
Russian Federation,RUS,2025,YR2025,..,..,..,..,..,..,..,..
Rwanda,RWA,2011,YR2011,10.8,0.4,89.7,502560.991628973,7.95838869847094,0.0720464570081352,428.606931495744,24670
Rwanda,RWA,2012,YR2012,17.5,0.5,88.8,533075.121970182,8.64150815836322,0.0782278619167433,438.990717470612,24670
Rwanda,RWA,2013,YR2013,15.2,0.6,88.5,544978.768504346,4.71984856978263,0.0850149729477326,449.669233887313,24670
Rwanda,RWA,2014,YR2014,19.8,0.8,88,564770.466548471,6.16716615166932,0.0844012766836986,460.671139035266,24670
Rwanda,RWA,2015,YR2015,22.8,1,86.3,600252.691936493,8.8568555974538,0.0951200951338408,471.829023104986,24670
Rwanda,RWA,2016,YR2016,29.4,1.3,85.5,621194.23758323,5.97074525431094,0.101567364138968,483.144831779489,24670
Rwanda,RWA,2017,YR2017,34.1,1.7,84.5,630568.459727292,3.91817093628465,0.107481851425087,494.611268747467,24670
Rwanda,RWA,2018,YR2018,38,2.4,82.8,668602.961748226,8.51646722592409,0.116840203984691,506.201702472639,24670
Rwanda,RWA,2019,YR2019,46.6,3.3,81.8,715266.743528915,9.44738518613097,0.118588586832777,517.880137819214,24670
Rwanda,RWA,2020,YR2020,45.2,4.3,81.7,675809.990435362,-3.37368746369782,0.111389725740494,529.624523713012,24670
Rwanda,RWA,2021,YR2021,48.7,5.7,79.4,732956.546109922,10.8584320184896,0.127784857801346,541.35630320227,24670
Rwanda,RWA,2022,YR2022,50.6,7.3,79.9,775597.999074063,8.16120720872912,0.161247905835677,553.345358735306,24670
Rwanda,RWA,2023,YR2023,63.9,9.3,..,821327.264107683,8.24990302014558,0.163983285357073,565.645358735306,24670
Rwanda,RWA,2024,YR2024,..,..,..,875397.433400341,8.89065529573114,0.162128792997641,..,..
Rwanda,RWA,2025,YR2025,..,..,..,..,..,..,..,..
Samoa,WSM,2011,YR2011,96.7,27.5,40.6,9824.13141392717,3.84907794660396,1.37484400117095,68.8031802120141,2830
Samoa,WSM,2012,YR2012,96.8,28.5,40.2,9371.56968518763,-3.73213020890266,1.36439047725677,69.4339222614841,2830
Samoa,WSM,2013,YR2013,97,29.7,42.6,9297.87207214477,0.107293276488932,1.4061774971251,70.0593639575972,2830
Samoa,WSM,2014,YR2014,97.9,30.7,41.4,9276.46385418698,0.659923768782861,1.43223503651824,70.6844522968198,2830
Samoa,WSM,2015,YR2015,98.2,31.8,37.1,9550.33005917277,3.8503618166494,1.62948132142609,71.3010600706714,2830
Samoa,WSM,2016,YR2016,98.9,32.8,36.8,10225.8020923936,7.9838628784713,1.74054909360734,71.9077738515901,2830
Samoa,WSM,2017,YR2017,96.8,33.7,35.8,10272.8836745126,1.40628239971301,1.54078329235937,73.8902877697842,2780
Samoa,WSM,2018,YR2018,99.8,34.5,36.6,10103.667948088,-0.609647103380141,1.66054860247998,74.6697841726619,2780
Samoa,WSM,2019,YR2019,99.2,35.6,34.2,10442.893507484,4.45185891688691,1.78043664791687,75.4604316546763,2780
Samoa,WSM,2020,YR2020,100,36.6,35.6,10014.9511191636,-3.10864485863991,1.47774883931605,76.2388489208633,2780
Samoa,WSM,2021,YR2021,98.3,37.8,36,9428.21752595311,-5.04350521486909,1.60679954532484,76.8989208633094,2780
Samoa,WSM,2022,YR2022,98.3,38.6,35.9,9575.57831332759,2.26705055249026,1.54417195869201,77.4320143884892,2780
Samoa,WSM,2023,YR2023,100,39.7,..,10962.8831129471,15.2336106467304,1.53833372564766,77.9363309352518,2780
Samoa,WSM,2024,YR2024,..,..,..,11412.0200532981,4.74838445564714,1.60444731881166,..,..
Samoa,WSM,2025,YR2025,..,..,..,..,..,..,..,..
San Marino,SMR,2011,YR2011,100,100,..,37860.2084610668,-8.3147735708983,..,543.666666666667,60
San Marino,SMR,2012,YR2012,100,100,..,34300.3973826526,-7.04453441295546,..,557.816666666667,60
San Marino,SMR,2013,YR2013,100,100,..,34472.3222662752,-0.78397212543554,..,550.683333333333,60
San Marino,SMR,2014,YR2014,100,100,..,34634.8185576481,-0.702370500438988,..,544.25,60
San Marino,SMR,2015,YR2015,100,100,..,35167.8550596778,2.29150556129265,..,548.283333333333,60
San Marino,SMR,2016,YR2016,100,100,..,35770.5131614637,2.34440586055426,..,551.683333333333,60
San Marino,SMR,2017,YR2017,100,100,..,35095.2763327527,0.258265466328027,..,563.75,60
San Marino,SMR,2018,YR2018,100,100,..,34900.4066379575,1.49390531817373,..,575.366666666667,60
San Marino,SMR,2019,YR2019,100,100,..,35476.4408817035,2.06568514732739,..,577.716666666667,60
San Marino,SMR,2020,YR2020,100,100,..,33016.0825423431,-6.64791081780605,..,579.5,60
San Marino,SMR,2021,YR2021,100,100,..,38173.2900746076,13.8977895076234,..,570.866666666667,60
San Marino,SMR,2022,YR2022,100,100,..,41794.8323067412,7.89844145767604,..,562.583333333333,60
San Marino,SMR,2023,YR2023,100,100,..,41832.6934435913,0.401934896977224,..,564.333333333333,60
San Marino,SMR,2024,YR2024,..,..,..,..,..,..,..,..
San Marino,SMR,2025,YR2025,..,..,..,..,..,..,..,..
Sao Tome and Principe,STP,2011,YR2011,62.6,1.3,42.4,15909.0148613782,1.99943210333259,0.685702589294852,193.384375,960
Sao Tome and Principe,STP,2012,YR2012,57.9,1.5,40.1,16049.5584330576,2.94294277416023,0.701017213984449,197.332291666667,960
Sao Tome and Principe,STP,2013,YR2013,65,1.7,42.8,16547.2673804544,5.11967735428513,0.690662082962288,201.195833333333,960
Sao Tome and Principe,STP,2014,YR2014,68.6,1.9,38.4,17039.8369645317,4.90621048664867,0.668811335234058,204.965625,960
Sao Tome and Principe,STP,2015,YR2015,67.3,2.1,39.2,16997.7782326715,1.5397042826735,0.702477894663265,208.636458333333,960
Sao Tome and Principe,STP,2016,YR2016,69.4,2.3,38.1,17579.4819553339,5.17682468684113,0.718742789252242,212.176041666667,960
Sao Tome and Principe,STP,2017,YR2017,74.3,2.6,39.2,18012.3810214041,4.11297966281954,0.720394260037687,215.59375,960
Sao Tome and Principe,STP,2018,YR2018,71,2.9,40.6,18513.2291721182,4.37812808264972,0.725544396180544,218.944791666667,960
Sao Tome and Principe,STP,2019,YR2019,75.1,3.2,38.6,18602.4874409537,2.01431672129407,0.745576216540451,222.283333333333,960
Sao Tome and Principe,STP,2020,YR2020,76.8,3.5,41.6,18735.8015038977,2.62485949543812,0.708717547772898,226.494791666667,960
Sao Tome and Principe,STP,2021,YR2021,78.5,3.9,40.8,18702.353116088,1.89929891337832,0.713188352908844,231.209375,960
Sao Tome and Principe,STP,2022,YR2022,78,4.2,42.5,18374.3001701244,0.168698492216564,0.62393672256468,235.734375,960
Sao Tome and Principe,STP,2023,YR2023,81.3,4.6,..,18077.9526228933,0.372252775001456,0.63065521438379,240.490625,960
Sao Tome and Principe,STP,2024,YR2024,..,..,..,17914.8215134841,1.09999940100751,0.627080361388493,..,..
Sao Tome and Principe,STP,2025,YR2025,..,..,..,..,..,..,..,..
Saudi Arabia,SAU,2011,YR2011,100,100,0,123315.813845179,11.758820686671,20.2940259487267,11.6723187994548,2149690
Saudi Arabia,SAU,2012,YR2012,100,100,0,125053.20732148,5.76157382270968,20.6100945700312,12.1733184784783,2149690
Saudi Arabia,SAU,2013,YR2013,100,100,0,121955.383441155,2.94563789152025,19.8087286694572,12.8502267768841,2149690
Saudi Arabia,SAU,2014,YR2014,100,100,0,123792.758648376,4.02467158380668,20.6973806780556,13.1690025073383,2149690
Saudi Arabia,SAU,2015,YR2015,100,100,0,123006.909423149,4.65512316652699,20.5071259148746,13.8700845238151,2149690
Saudi Arabia,SAU,2016,YR2016,99.9,100,0,120504.462754939,1.70404739202878,19.6907023725829,14.399377584675,2149690
Saudi Arabia,SAU,2017,YR2017,100,100,0,121837.807004504,1.18210705878283,19.4764691820848,14.4101498355577,2149690
Saudi Arabia,SAU,2018,YR2018,99.9,100,0,129022.676666706,3.2269508901591,19.2090840590601,14.0468072140634,2149690
Saudi Arabia,SAU,2019,YR2019,100,100,0,131731.555283482,1.65158925617395,19.2859458646594,13.9851787932213,2149690
Saudi Arabia,SAU,2020,YR2020,100,100,0.1,120740.568658405,-3.80478901996312,18.2902881577409,14.6777023663877,2149690
Saudi Arabia,SAU,2021,YR2021,100,100,0.1,131821.482340575,6.51959698325419,19.1759893319934,14.320382473752,2149690
Saudi Arabia,SAU,2022,YR2022,100,100,..,141258.752386619,12.0005874752929,19.282874301046,14.9673785522564,2149690
Saudi Arabia,SAU,2023,YR2023,100,100,..,135588.210937565,0.542592439393161,18.8540744665469,15.6779493787476,2149690
Saudi Arabia,SAU,2024,YR2024,..,..,..,132036.54475262,1.99650173436159,18.4845842582552,..,..
Saudi Arabia,SAU,2025,YR2025,..,..,..,..,..,..,..,..
Senegal,SEN,2011,YR2011,56.5,32.1,48,666698.035627569,1.33409107961258,0.577132451936303,67.3084558250662,192530
Senegal,SEN,2012,YR2012,56.5,31.1,49.6,675070.07263817,4.00299555090457,0.553255156926921,69.1346543395834,192530
Senegal,SEN,2013,YR2013,57,30.1,42.7,671167.927777485,2.41238527605579,0.571875600117834,71.2140913104451,192530
Senegal,SEN,2014,YR2014,61,29.2,42.5,690712.870780609,6.22407443790986,0.592328969929697,73.5059575131148,192530
Senegal,SEN,2015,YR2015,60.5,28.5,39.1,712477.500852958,6.36704365066983,0.631685802233911,75.7976990598868,192530
Senegal,SEN,2016,YR2016,64.5,28.3,36.7,735526.40253055,6.35606857181878,0.684897111121798,78.0892380408248,192530
Senegal,SEN,2017,YR2017,61.7,28.4,36.8,767523.534898412,7.4074861863013,0.659314939022302,80.3770944787825,192530
Senegal,SEN,2018,YR2018,66,28.8,34.2,792668.822195962,6.20924103389086,0.674573586926839,82.6598348309354,192530
Senegal,SEN,2019,YR2019,70.4,29.7,36.2,807007.590062498,4.61362809749708,0.674423812453823,84.9370072196541,192530
Senegal,SEN,2020,YR2020,64.3,30.7,38.7,796585.281256978,1.3420737726679,0.644157420306448,87.2031319794318,192530
Senegal,SEN,2021,YR2021,68,32.1,35.4,827440.475209523,6.54400109964304,0.762104486376905,89.4451098530099,192530
Senegal,SEN,2022,YR2022,67.9,33.5,..,838355.526745269,3.85043193735768,0.823959839790182,91.6797538046019,192530
Senegal,SEN,2023,YR2023,74.2,34.8,..,853428.173123682,4.2574308328029,0.758785485197598,93.8948371682335,192530
Senegal,SEN,2024,YR2024,..,..,..,884387.67017094,6.06055141198976,0.767609570951958,..,..
Senegal,SEN,2025,YR2025,..,..,..,..,..,..,..,..
Serbia,SRB,2011,YR2011,99.7,68.6,17.4,739406.902683459,0.0542724836581954,..,82.740898696547,87460
Serbia,SRB,2012,YR2012,99.8,69.7,19.5,739704.147623751,-0.443956070983248,..,82.3404642122113,87460
Serbia,SRB,2013,YR2013,99.9,70.8,20,746667.568076312,0.451578805330726,..,81.9409215641436,87460
Serbia,SRB,2014,YR2014,99.7,71.8,23.2,736769.844640621,-1.80427041681132,..,81.5434141321747,87460
Serbia,SRB,2015,YR2015,99.9,73.2,21.2,750145.552396537,1.2957386351958,..,81.1271781385776,87460
Serbia,SRB,2016,YR2016,99.9,74.3,20.9,776519.83006726,2.97519807160826,..,80.7034301394923,87460
Serbia,SRB,2017,YR2017,100,75.7,20,799113.641096288,2.3634031250553,..,80.275074319689,87460
Serbia,SRB,2018,YR2018,100,76.9,21,840848.700570733,4.64935035491007,..,79.8376857992225,87460
Serbia,SRB,2019,YR2019,99.8,78.5,21.4,885529.877678725,4.75020793899014,..,79.4104161902584,87460
Serbia,SRB,2020,YR2020,100,79.5,26,882979.177362466,-0.950023991851594,..,82.0445475086217,84090
Serbia,SRB,2021,YR2021,100,81.1,27.2,962205.197703475,7.94905650472278,..,81.2739445831847,84090
Serbia,SRB,2022,YR2022,100,82,..,1013407.90513964,2.70347705543654,..,79.2537638244738,84090
Serbia,SRB,2023,YR2023,100,83.1,..,1057940.47967571,3.74793303561771,..,78.7630277084077,84090
Serbia,SRB,2024,YR2024,..,..,..,1105857.22926797,3.94992622592932,..,..,..
Serbia,SRB,2025,YR2025,..,..,..,..,..,..,..,..
Seychelles,SYC,2011,YR2011,98.1,100,0.8,186181.889502636,9.5097833517957,8.9397422261868,190.089130434783,460
Seychelles,SYC,2012,YR2012,98.3,100,0.8,190099.395264034,3.1106784939243,10.0404289774979,191.963043478261,460
Seychelles,SYC,2013,YR2013,98,100,1.5,188960.446475225,1.25373496242949,8.91949882711314,195.541304347826,460
Seychelles,SYC,2014,YR2014,100,100,1.4,193604.361912893,4.0636918123521,10.1369323219387,198.60652173913,460
Seychelles,SYC,2015,YR2015,100,100,1.4,206212.508162151,8.9140088750469,10.5631616694677,203.084782608696,460
Seychelles,SYC,2016,YR2016,100,100,1.2,228128.340568459,12.1175272453913,11.6216187669656,205.819565217391,460
Seychelles,SYC,2017,YR2017,100,100,1.2,241024.405538224,6.95416218794271,12.0280041317571,208.354347826087,460
Seychelles,SYC,2018,YR2018,100,100,1.2,250527.532502429,4.93947272254312,10.3894090655423,210.352173913043,460
Seychelles,SYC,2019,YR2019,100,100,1.2,262005.579513444,5.5142920737342,9.16568501920615,212.228260869565,460
Seychelles,SYC,2020,YR2020,100,100,1.3,229280.722512238,-11.7398608281732,8.51902256708172,214.047826086957,460
Seychelles,SYC,2021,YR2021,100,100,1.7,228698.125088154,0.552281631207279,7.9409216385581,215.778260869565,460
Seychelles,SYC,2022,YR2022,100,100,1.9,213428.73588148,12.7104688902836,7.02714426333439,260.604347826087,460
Seychelles,SYC,2023,YR2023,100,100,..,218441.962712798,2.25925322283285,7.00909219941055,260.376086956522,460
Seychelles,SYC,2024,YR2024,..,..,..,223067.97303756,3.46568066415341,7.23667946668425,..,..
Seychelles,SYC,2025,YR2025,..,..,..,..,..,..,..,..
Sierra Leone,SLE,2011,YR2011,14.2,0.5,81,6280.707960279,8.10065518714917,0.135958333248529,88.4905929620393,72180
Sierra Leone,SLE,2012,YR2012,17.2,0.5,79.1,6771.41939954939,10.578331663387,0.148738833902196,90.7603214186755,72180
Sierra Leone,SLE,2013,YR2013,13.5,0.5,74.6,7575.8698883878,14.6633238075229,0.167216483759209,93.0181629260183,72180
Sierra Leone,SLE,2014,YR2014,18.8,0.5,73,6818.94437266093,-7.81501512457241,0.175528275394702,95.2671792740371,72180
Sierra Leone,SLE,2015,YR2015,19.7,0.6,74,6371.97103296482,-4.36333262093788,0.145275663555545,97.5014546965918,72180
Sierra Leone,SLE,2016,YR2016,20.3,0.6,73.6,6624.33697674832,6.43743652764257,0.146932936293809,99.8244389027431,72180
Sierra Leone,SLE,2017,YR2017,23.4,0.7,74.6,6675.65434060878,3.20786087715987,0.14155816155437,102.234677195899,72180
Sierra Leone,SLE,2018,YR2018,26.1,0.7,75.9,6709.48283838522,2.8938564123677,0.160273995994209,104.662829038515,72180
Sierra Leone,SLE,2019,YR2019,22.7,0.7,75.4,6916.24973438277,5.50270937378153,0.156143482319108,107.120961485176,72180
Sierra Leone,SLE,2020,YR2020,26.3,0.8,75.1,6673.71221797047,-1.2533490322766,0.155537564463982,109.622582432807,72180
Sierra Leone,SLE,2021,YR2021,27.5,0.8,71.1,6908.31186017546,5.8968527047094,0.181898998863687,112.144666112497,72180
Sierra Leone,SLE,2022,YR2022,29.4,0.8,71.6,7115.228928257,5.3135546141915,0.177218098718503,114.66898032696,72180
Sierra Leone,SLE,2023,YR2023,35.5,0.9,..,7358.19381853013,5.7100218981806,0.16670385905723,117.214075921308,72180
Sierra Leone,SLE,2024,YR2024,..,..,..,7512.91701342909,4.29322336690163,0.16915022896262,..,..
Sierra Leone,SLE,2025,YR2025,..,..,..,..,..,..,..,..
Singapore,SGP,2011,YR2011,100,100,0.5,69722.2325109073,6.21493416858989,9.90350885315629,7363.19318181818,704
Singapore,SGP,2012,YR2012,100,100,0.5,71050.0660996074,4.43549759378537,9.44039430491129,7524.69830028329,706
Singapore,SGP,2013,YR2013,100,100,0.6,73276.7603565146,4.81763099120676,9.74704963473961,7636.72135785007,707
Singapore,SGP,2014,YR2014,100,100,0.6,75178.0894246218,3.93554027709007,9.84749870377372,7714.7023977433,709
Singapore,SGP,2015,YR2015,100,100,0.7,76502.9714533075,2.97679931634806,9.9683071478565,7806.77291960508,709
Singapore,SGP,2016,YR2016,100,100,0.7,78346.8571142209,3.74757848792792,9.44707088976961,7908.72073342736,709
Singapore,SGP,2017,YR2017,100,100,0.7,81781.8797548863,4.47689915845876,10.1364104576184,7882.37780898876,712
Singapore,SGP,2018,YR2018,100,100,0.8,84208.5092315998,3.4519759658687,9.61426051080076,7897.30532212885,714
Singapore,SGP,2019,YR2019,100,100,0.9,84339.3671576516,1.30804118153127,9.79870673958709,7965.87849162011,716
Singapore,SGP,2020,YR2020,100,100,0.9,81375.4846057912,-3.81470885510713,9.4756645802434,7918.95125348189,718
Singapore,SGP,2021,YR2021,100,100,1.1,93118.6310021736,9.7568044629903,10.2167829269876,7595.49582172702,718
Singapore,SGP,2022,YR2022,100,100,..,93788.9190427144,4.10800021897151,9.99582758413928,7851.00557103064,718
Singapore,SGP,2023,YR2023,100,100,..,90968.5402038107,1.82140694115385,9.48033745839563,8241.8495821727,718
Singapore,SGP,2024,YR2024,..,..,..,93085.0475247065,4.38802362461865,9.75144363129176,..,..
Singapore,SGP,2025,YR2025,..,..,..,..,..,..,..,..
Sint Maarten (Dutch part),SXM,2011,YR2011,100,..,..,72419.8354101614,4.60000341415395,..,1007.85294117647,34
Sint Maarten (Dutch part),SXM,2012,YR2012,100,..,0,71841.8867601291,1.39054456773131,..,1030.08823529412,34
Sint Maarten (Dutch part),SXM,2013,YR2013,100,..,0,71093.8054331455,1.30673103459678,..,1054.52941176471,34
Sint Maarten (Dutch part),SXM,2014,YR2014,100,..,0,70606.489965096,1.58038221539113,..,1078.58823529412,34
Sint Maarten (Dutch part),SXM,2015,YR2015,100,..,0,69174.0546022257,0.105813149997005,..,1102.08823529412,34
Sint Maarten (Dutch part),SXM,2016,YR2016,100,..,0,68422.8476561479,0.96775836306881,..,1124.97058823529,34
Sint Maarten (Dutch part),SXM,2017,YR2017,100,..,0,62055.1082162273,-7.53521399882428,..,1146.94117647059,34
Sint Maarten (Dutch part),SXM,2018,YR2018,100,..,0,56757.8767123288,-6.85698299227944,..,1168,34
Sint Maarten (Dutch part),SXM,2019,YR2019,100,..,0,61931.8187445834,10.9650009352392,..,1187.79411764706,34
Sint Maarten (Dutch part),SXM,2020,YR2020,100,..,0,52868.9060671089,-13.3167887221567,..,1206.11764705882,34
Sint Maarten (Dutch part),SXM,2021,YR2021,100,..,0,54540.2468066681,4.57759677933345,..,1222.67647058824,34
Sint Maarten (Dutch part),SXM,2022,YR2022,100,..,0,61283.9951446404,13.9,..,1239.38235294118,34
Sint Maarten (Dutch part),SXM,2023,YR2023,100,..,..,62705.0744979579,3.8,..,1257.32352941176,34
Sint Maarten (Dutch part),SXM,2024,YR2024,..,..,..,63690.8098409366,3.00000000000014,..,..,..
Sint Maarten (Dutch part),SXM,2025,YR2025,..,..,..,..,..,..,..,..
Slovak Republic,SVK,2011,YR2011,100,100,10.4,14542.4125071503,2.56242473215553,7.01956363237591,112.260522375645,48088
Slovak Republic,SVK,2012,YR2012,100,100,10.5,14745.4920214758,1.56917104702706,6.67699907851554,112.451734320413,48088
Slovak Republic,SVK,2013,YR2013,100,100,10.7,14833.2524536829,0.703323545247201,6.72042469482633,112.572637664282,48088
Slovak Republic,SVK,2014,YR2014,100,100,12.2,15220.1521080255,2.70795151449488,6.27281818770694,112.700686356073,48080
Slovak Republic,SVK,2015,YR2015,100,100,13.4,15992.8751073279,5.17687909722133,6.36564652722325,112.803148787488,48082
Slovak Republic,SVK,2016,YR2016,100,100,13.1,16283.3808217503,1.94781841524558,6.5265914880281,112.953369384359,48080
Slovak Republic,SVK,2017,YR2017,100,100,12.4,16725.5099617005,2.87473327453695,6.93642043582623,113.128785357737,48080
Slovak Republic,SVK,2018,YR2018,100,100,12.4,17380.8296695418,4.06211981896483,6.83757404157436,113.285586522463,48080
Slovak Republic,SVK,2019,YR2019,100,100,17.6,17752.3596265374,2.27589910019393,6.3818228588265,113.43899750416,48080
Slovak Republic,SVK,2020,YR2020,100,100,17.6,17278.5440901498,-2.58551241733207,5.98002098252976,113.536335274542,48080
Slovak Republic,SVK,2021,YR2021,100,100,17.9,18294.6031270475,5.6558588065555,6.72785720933896,113.295486688852,48080
Slovak Republic,SVK,2022,YR2022,100,100,..,18446.7066979494,0.544591632137454,6.11012800289851,112.973211314476,48080
Slovak Republic,SVK,2023,YR2023,100,100,..,18853.8153661314,2.11263633214959,5.73978115774848,112.868968386023,48080
Slovak Republic,SVK,2024,YR2024,..,..,..,19235.8865222851,1.93867445549446,5.51311685631444,..,..
Slovak Republic,SVK,2025,YR2025,..,..,..,..,..,..,..,..
Slovenia,SVN,2011,YR2011,100,100,19.1,20012.4929183576,0.655438128379743,7.83269836027402,101.898292465005,20146
Slovenia,SVN,2012,YR2012,100,100,20.2,19388.2582726955,-2.91553782040462,7.54292692008736,102.114049151928,20145.7
Slovenia,SVN,2013,YR2013,100,100,22.5,19202.4619008298,-0.823776417691676,7.52978344651553,102.281678252234,20140
Slovenia,SVN,2014,YR2014,100,100,22.9,19713.5956701811,2.76283327639742,6.85069690297675,102.382323733863,20140
Slovenia,SVN,2015,YR2015,100,100,21.4,20170.2305417268,2.39330621338168,6.92739774687175,102.446109241111,20142.6
Slovenia,SVN,2016,YR2016,100,100,21,20767.0725341179,3.03441486663654,7.27283028626052,102.52417833383,20142
Slovenia,SVN,2017,YR2017,100,100,19.7,21827.4172130307,5.17440215579958,7.42566255708028,102.610871929328,20138.1
Slovenia,SVN,2018,YR2018,100,100,20.6,22700.7990765198,4.37908347331195,7.44975394113682,102.992292564709,20136.4
Slovenia,SVN,2019,YR2019,100,100,20.9,23333.4806561051,3.50525332381912,7.0993135844205,103.711934605987,20136.4
Slovenia,SVN,2020,YR2020,100,100,22.7,22230.9154359811,-4.08500094942896,6.44048593548669,104.408881428657,20136.4
Slovenia,SVN,2021,YR2021,100,100,23.4,24037.3496439175,8.41686457725321,6.57475360268757,104.689964442502,20136.4
Slovenia,SVN,2022,YR2022,100,100,..,24632.0842621194,2.66850555542486,6.3394025593776,104.888460698039,20136.4
Slovenia,SVN,2023,YR2023,100,100,..,25117.583865018,2.3758326648385,5.95087577654104,105.31480791676,20134.5
Slovenia,SVN,2024,YR2024,..,..,..,25469.1238131052,1.73139722479493,6.26652251574692,..,..
Slovenia,SVN,2025,YR2025,..,..,..,..,..,..,..,..
Solomon Islands,SLB,2011,YR2011,39.1,8.1,43.6,15386.2007975477,7.43023752099302,0.674208103880133,19.7550911039657,27990
Solomon Islands,SLB,2012,YR2012,42.9,8.2,43.8,15197.7425271005,2.46591837712438,0.648354445385857,20.4932475884244,27990
Solomon Islands,SLB,2013,YR2013,44.7,8.3,41.8,15420.0667288573,5.23744704670068,0.660733345099127,21.2556270096463,27990
Solomon Islands,SLB,2014,YR2014,50.5,8.3,45.9,15047.9703618692,1.18945509547778,0.607059723654094,22.0403001071811,27990
Solomon Islands,SLB,2015,YR2015,55.1,8.4,48.6,14761.5869192934,1.67578612030815,0.521726890986292,22.8444087173991,27990
Solomon Islands,SLB,2016,YR2016,58.2,8.6,48.7,15041.3871816588,5.55494348257992,0.48854205824762,23.6648445873526,27990
Solomon Islands,SLB,2017,YR2017,62.9,8.5,49,14977.2927872219,3.07546176144591,0.425713752348061,24.497034655234,27990
Solomon Islands,SLB,2018,YR2018,65.8,8.5,48.6,14880.1029754577,2.74585244829055,0.458608858258556,25.3340836012862,27990
Solomon Islands,SLB,2019,YR2019,69.4,8.6,48.4,14744.3692001752,1.74925244485951,0.438510355738608,26.014540907467,27990
Solomon Islands,SLB,2020,YR2020,72.9,8.6,49,13932.9506593705,-3.38125925839405,0.413298625382472,26.5987138263666,27990
Solomon Islands,SLB,2021,YR2021,76.3,8.6,49.1,13571.3716789209,-0.227975292792024,0.436144669947587,27.2451232583065,27990
Solomon Islands,SLB,2022,YR2022,76,8.6,50.1,12907.9068862298,-2.58448361755723,0.382810159448753,27.9051804215791,27990
Solomon Islands,SLB,2023,YR2023,81.3,8.7,..,12960.3773726414,2.84111851154807,0.374747657827139,28.581814933905,27990
Solomon Islands,SLB,2024,YR2024,..,..,..,13036.1215481483,2.99755987604104,0.383912070097827,..,..
Solomon Islands,SLB,2025,YR2025,..,..,..,..,..,..,..,..
"Somalia, Fed. Rep.",SOM,2011,YR2011,52,1.25,93.7,11685976.2796895,6.69435192565855,0.0638360071358987,19.6844294959671,627340
"Somalia, Fed. Rep.",SOM,2012,YR2012,51.8,1.4,93.9,12355882.5053182,6.69435192553358,0.062458069714216,19.8634871042816,627340
"Somalia, Fed. Rep.",SOM,2013,YR2013,51.5,1.6,94.4,13274895.124915,10.9592986164747,0.060817769387286,20.5145439474607,627340
"Somalia, Fed. Rep.",SOM,2014,YR2014,51.4,1.8,94.6,13957111.3579906,8.97800590573206,0.057963231130783,21.2635747760385,627340
"Somalia, Fed. Rep.",SOM,2015,YR2015,51.2,2.1,94.5,14895335.2629191,10.4621881235166,0.0595713916231977,22.0087400771511,627340
"Somalia, Fed. Rep.",SOM,2016,YR2016,51.1,2.3,94.8,15341222.6863068,7.03487260042048,0.0583884020478453,22.8723499218924,627340
"Somalia, Fed. Rep.",SOM,2017,YR2017,52.1,2.6,94.9,16931755.3027457,14.7357956045282,0.0560917617512643,23.7775831287659,627340
"Somalia, Fed. Rep.",SOM,2018,YR2018,50.7,3,94.9,16680369.1289305,2.05431507259452,0.0554085565643899,24.6317578984283,627340
"Somalia, Fed. Rep.",SOM,2019,YR2019,49.2,3.5,95,16528701.5365445,2.80033312513012,0.0528040378839186,25.5538798737527,627340
"Somalia, Fed. Rep.",SOM,2020,YR2020,49.9,3.7,95.5,15473118.8321604,-2.76455696202532,0.0474200313959524,26.5425303663085,627340
"Somalia, Fed. Rep.",SOM,2021,YR2021,49.3,4.3,95.4,15431693.0172144,3.44719850031242,0.0473151298233482,27.5312127395033,627340
"Somalia, Fed. Rep.",SOM,2022,YR2022,48.9,4.8,95.4,15378821.7941043,2.71821202053759,0.0467871485830976,28.3767924889215,627340
"Somalia, Fed. Rep.",SOM,2023,YR2023,50.3,5.4,..,15535096.4699679,4.17524257571303,0.0462780008186892,29.2642187649441,627340
"Somalia, Fed. Rep.",SOM,2024,YR2024,..,..,..,15620301.312773,4.11139335779471,0.0455149206821494,..,..
"Somalia, Fed. Rep.",SOM,2025,YR2025,..,..,..,..,..,..,..,..
South Africa,ZAF,2011,YR2011,83.6,79.2,9,77360.0883985636,3.16855627858818,8.37758623633968,43.6861279872062,1213090
South Africa,ZAF,2012,YR2012,85.2,80.5,8.3,78054.14739501,2.39623238465745,8.57667504044573,44.3351828800831,1213090
South Africa,ZAF,2013,YR2013,85.2,81.8,7.8,78682.9975099486,2.48546800826588,8.68872722515024,45.0739771987239,1213090
South Africa,ZAF,2014,YR2014,85.9,83,7.6,78480.6335221266,1.41382645223793,8.75262375978144,45.8291124318888,1213090
South Africa,ZAF,2015,YR2015,85.3,83.9,7.6,77935.7697211301,1.32186223678229,8.14948651738695,46.7595454582925,1213090
South Africa,ZAF,2016,YR2016,83.9,85,7.8,77719.2785898723,0.664552307858116,8.03701551903542,47.2014038529705,1213090
South Africa,ZAF,2017,YR2017,84.4,85.8,7.9,78106.8614936833,1.15794695181735,8.14751418587147,47.5110354549127,1213090
South Africa,ZAF,2018,YR2018,84.7,86.6,8,77999.4762441869,1.55678384721676,8.077016906198,48.3171083761304,1213090
South Africa,ZAF,2019,YR2019,85,87.3,8.7,76922.8018514166,0.25993557687633,8.01412233375962,49.1207453692636,1213090
South Africa,ZAF,2020,YR2020,90,88.1,9.8,71016.1052072903,-6.1689177146757,7.4445834618028,49.9240625180325,1213090
South Africa,ZAF,2021,YR2021,89.3,88.7,9.7,73328.12003583,4.85864865060148,7.29340675223128,50.6991261983859,1213090
South Africa,ZAF,2022,YR2022,86.5,89.2,..,73786.580106803,2.05813661692193,6.88263936192025,51.4210899438624,1213090
South Africa,ZAF,2023,YR2023,87.7,89.8,..,73400.0482611129,0.80610455095804,6.75922774879049,52.1085690262058,1213090
South Africa,ZAF,2024,YR2024,..,..,..,72876.3109664544,0.534843531905139,6.87684962627712,..,..
South Africa,ZAF,2025,YR2025,..,..,..,..,..,..,..,..
South Sudan,SSD,2011,YR2011,2.8,0,..,2762.50961182468,-4.64031673600859,..,..,..
South Sudan,SSD,2012,YR2012,3.3,0,30.6,1424.66140584442,-46.0821223743007,..,17.0212523539,631930
South Sudan,SSD,2013,YR2013,3.8,0,30.1,1552.53206642323,13.1297311406943,..,17.6701137784248,631930
South Sudan,SSD,2014,YR2014,4.3,0,29.4,1595.08137597326,3.37364847715736,..,17.7789834317092,631930
South Sudan,SSD,2015,YR2015,4.8,0,27.5,1439.25317178092,-10.7933646271143,..,17.5772015887836,631930
South Sudan,SSD,2016,YR2016,5.3,0,28.7,..,..,..,17.1381355529885,631930
South Sudan,SSD,2017,YR2017,4.2,0,35.1,..,..,..,16.234636747741,631930
South Sudan,SSD,2018,YR2018,6.3,0,31.5,..,..,..,16.0191429430475,631930
South Sudan,SSD,2019,YR2019,6.8,0,31.4,..,..,..,16.4945231275616,631930
South Sudan,SSD,2020,YR2020,7.3,0,32.8,..,..,..,16.9298292532401,631930
South Sudan,SSD,2021,YR2021,7.7,0,32.4,..,..,..,17.1945943379805,631930
South Sudan,SSD,2022,YR2022,8.4,0,..,..,..,..,17.4405029038026,631930
South Sudan,SSD,2023,YR2023,5.4,0,..,..,..,..,18.1719082809805,631930
South Sudan,SSD,2024,YR2024,..,..,..,..,..,..,..,..
South Sudan,SSD,2025,YR2025,..,..,..,..,..,..,..,..
Spain,ESP,2011,YR2011,100,100,14.7,24255.703516637,-0.639920636520344,6.19393014485236,93.5078358806114,499880
Spain,ESP,2012,YR2012,100,100,15.8,23545.4579565094,-2.86511368637748,6.09265740713323,93.5068371284061,500210
Spain,ESP,2013,YR2013,100,100,16.9,23293.4814862275,-1.42732224757626,5.5007234648845,93.169262909578,500210
Spain,ESP,2014,YR2014,100,100,17.3,23720.6761245028,1.52048593647231,5.49369292128904,92.8824553687451,500210
Spain,ESP,2015,YR2015,100,100,16.3,24704.3753947321,4.06086672473866,5.84933711711804,92.907597351004,499661
Spain,ESP,2016,YR2016,100,100,16.7,25404.9349673692,2.91515598595787,5.66204126256542,92.9973717081295,499564
Spain,ESP,2017,YR2017,100,100,15.2,26077.1928902375,2.89604207865007,5.97761510797052,93.2268622784207,499547.35
Spain,ESP,2018,YR2018,100,100,16.9,26581.5422086066,2.39541124478878,5.80969253331158,93.638281089712,499603.479
Spain,ESP,2019,YR2019,100,100,16.7,26909.3025688572,1.96117850841711,5.3981216422823,94.3181087826492,499570.036
Spain,ESP,2020,YR2020,100,100,19.3,23843.4910019176,-10.9400706350371,4.52823497177668,94.802910688937,499556.645
Spain,ESP,2021,YR2021,100,100,19,25391.7364708041,6.68314420473001,4.91513320564969,94.9382927184248,499733.244
Spain,ESP,2022,YR2022,100,100,..,26815.8093330149,6.37031712129601,4.99422196018416,95.626963633201,499713.681
Spain,ESP,2023,YR2023,100,100,..,27153.843952068,2.46085796805582,4.57046216901007,96.7636173412149,499697.4
Spain,ESP,2024,YR2024,..,..,..,27806.6582543209,3.45525405630191,4.50540688376633,..,..
Spain,ESP,2025,YR2025,..,..,..,..,..,..,..,..
Sri Lanka,LKA,2011,YR2011,87.8,22.7,56.4,439401.70652379,8.6694830119314,0.757197565544141,335.019103811194,62710
Sri Lanka,LKA,2012,YR2012,87,23.4,52.9,473714.71351369,8.63218137662685,0.845279080834285,337.577069047999,62710
Sri Lanka,LKA,2013,YR2013,90.2,24.2,56.9,506903.29607965,4.05174633027869,0.720767549186301,328.257056290863,62710
Sri Lanka,LKA,2014,YR2014,92.7,25.4,54.2,534224.71908958,6.3779788972687,0.860549619790163,331.334715356403,62710
Sri Lanka,LKA,2015,YR2015,94.3,26.3,51.3,551596.917934526,4.20595547449241,0.939966618979494,338.810527846445,61893
Sri Lanka,LKA,2016,YR2016,97.5,27.4,45.1,572942.596152006,5.05362488994436,1.10736008298364,342.672030762768,61893
Sri Lanka,LKA,2017,YR2017,97.5,28.6,45.8,603021.104729809,6.46068127065753,1.09125530228872,346.614318258931,61893
Sri Lanka,LKA,2018,YR2018,99.6,30,47.9,610773.345234001,2.31008425545845,1.01443931702815,350.284495021337,61864
Sri Lanka,LKA,2019,YR2019,99.8,31,46.1,605709.138105761,-0.220483886831275,1.09952758794661,352.431694638296,61864.47
Sri Lanka,LKA,2020,YR2020,100,32.1,49.3,574640.727358474,-4.62451503749502,1.03172589990419,354.332363401229,61860
Sri Lanka,LKA,2021,YR2021,100,33.2,48.8,592413.112158485,4.2074764951157,1.02995125473912,358.163595215002,61860
Sri Lanka,LKA,2022,YR2022,100,34.2,..,548256.896577638,-7.34919301306745,0.937608764257698,358.567733591982,61860
Sri Lanka,LKA,2023,YR2023,100,35.4,..,538982.440234814,-2.3298481898334,0.979275763488678,356.239896540576,61860
Sri Lanka,LKA,2024,YR2024,..,..,..,569103.370966764,5.00871930957159,1.06473352801606,..,..
Sri Lanka,LKA,2025,YR2025,..,..,..,..,..,..,..,..
St. Kitts and Nevis,KNA,2011,YR2011,100,100,0.9,40769.3128012626,1.61660730423688,1.65934394062193,180.330769230769,260
St. Kitts and Nevis,KNA,2012,YR2012,100,100,1.3,40342.1002274998,-0.737636737448398,1.69668105372823,180.896153846154,260
St. Kitts and Nevis,KNA,2013,YR2013,100,100,1.4,42619.9834285836,5.72728087234704,1.93333191697295,181.034615384615,260
St. Kitts and Nevis,KNA,2014,YR2014,100,100,1.6,45829.8116332902,7.57696602328922,2.06629998513453,181.111538461538,260
St. Kitts and Nevis,KNA,2015,YR2015,100,100,1.6,46149.8927517149,0.694135527876625,2.16407925754455,181.103846153846,260
St. Kitts and Nevis,KNA,2016,YR2016,100,100,1.7,47977.0578863516,3.93270319273282,2.36856080722252,181.057692307692,260
St. Kitts and Nevis,KNA,2017,YR2017,100,100,1.3,48108.6078639745,0.220941147299996,2.21041445270988,180.961538461538,260
St. Kitts and Nevis,KNA,2018,YR2018,100,100,1.3,49116.3206262764,2.00352549800972,2.36342750170184,180.8,260
St. Kitts and Nevis,KNA,2019,YR2019,100,100,1.3,50619.7819049242,2.93824658056356,2.77304481172261,180.584615384615,260
St. Kitts and Nevis,KNA,2020,YR2020,100,100,1.6,42949.0078941754,-15.3018891740649,2.55173885214423,180.269230769231,260
St. Kitts and Nevis,KNA,2021,YR2021,100,100,1.6,43205.5257361589,0.367606879216311,2.48487051728931,179.857692307692,260
St. Kitts and Nevis,KNA,2022,YR2022,100,100,1.5,47788.8629600291,10.4804941546807,2.78533045023443,179.65,260
St. Kitts and Nevis,KNA,2023,YR2023,100,100,..,49181.1026990034,3.02127526129283,2.7909662517644,179.838461538462,260
St. Kitts and Nevis,KNA,2024,YR2024,..,..,..,49245.1380142177,0.312226855858171,2.88410221377794,..,..
St. Kitts and Nevis,KNA,2025,YR2025,..,..,..,..,..,..,..,..
St. Lucia,LCA,2011,YR2011,95.4,95.6,12.9,29596.8591568152,4.32694280532142,0.821881129911933,281.640983606557,610
St. Lucia,LCA,2012,YR2012,95.3,95.8,12.4,29430.0265952824,-0.108756148262358,0.845370740554039,282.929508196721,610
St. Lucia,LCA,2013,YR2013,97.2,95.7,12.1,28764.4273197631,-1.81877603735991,0.96153291534242,284.211475409836,610
St. Lucia,LCA,2014,YR2014,98.1,95.5,11.7,29017.7330622839,1.32809022110105,1.02102929860226,285.472131147541,610
St. Lucia,LCA,2015,YR2015,99,95.4,11.5,28919.9279608931,0.101917836412952,1.04285183385266,286.729508196721,610
St. Lucia,LCA,2016,YR2016,99.8,95.1,11.2,29785.0790795122,3.42787214525211,1.11815811347825,287.944262295082,610
St. Lucia,LCA,2017,YR2017,99.9,94.6,10.2,30670.2317088385,3.37982617272246,1.11317780222522,289.085245901639,610
St. Lucia,LCA,2018,YR2018,100,94.3,10.2,31435.2858764977,2.88677902171601,1.46426614392968,290.191803278688,610
St. Lucia,LCA,2019,YR2019,100,94,10,31101.986367295,-0.700322396299441,1.65877710921361,291.247540983607,610
St. Lucia,LCA,2020,YR2020,100,93.5,10,23447.3492286115,-24.3614732129122,1.55736325385694,292.213114754098,610
St. Lucia,LCA,2021,YR2021,100,93,9.7,26127.0879779523,11.598783583643,1.58075755369086,292.659016393443,610
St. Lucia,LCA,2022,YR2022,100,92.7,9.7,31408.4270699907,20.3884431828414,1.65621626459187,293.083606557377,610
St. Lucia,LCA,2023,YR2023,100,92.1,..,32012.270965223,2.20988276526516,1.65658030510082,293.909836065574,610
St. Lucia,LCA,2024,YR2024,..,..,..,33173.1796332562,3.89175024218898,1.71076642335766,..,..
St. Lucia,LCA,2025,YR2025,..,..,..,..,..,..,..,..
St. Martin (French part),MAF,2011,YR2011,100,..,..,..,..,..,741.38,50
St. Martin (French part),MAF,2012,YR2012,100,..,..,..,..,..,745.52,50
St. Martin (French part),MAF,2013,YR2013,100,..,..,..,..,..,748.38,50
St. Martin (French part),MAF,2014,YR2014,100,..,..,15540.7209612817,..,..,749,50
St. Martin (French part),MAF,2015,YR2015,100,..,..,15730.1506596377,1,..,747.38,50
St. Martin (French part),MAF,2016,YR2016,100,..,..,16602.8513786147,5,..,743.5,50
St. Martin (French part),MAF,2017,YR2017,100,..,..,15414.7759046611,-8.00000324038295,..,736.74,50
St. Martin (French part),MAF,2018,YR2018,100,..,..,14506.4811729424,-7.99999506898229,..,720.24,50
St. Martin (French part),MAF,2019,YR2019,100,..,..,16236.1426445268,6.50000363700821,..,685.34,50
St. Martin (French part),MAF,2020,YR2020,100,..,..,15315.4973887875,-12.500002246731,..,635.72,50
St. Martin (French part),MAF,2021,YR2021,100,..,..,17044.5746136644,4.89999967133534,..,599.22,50
St. Martin (French part),MAF,2022,YR2022,100,..,..,..,..,..,577.4,50
St. Martin (French part),MAF,2023,YR2023,100,..,..,..,..,..,550.3,50
St. Martin (French part),MAF,2024,YR2024,..,..,..,..,..,..,..,..
St. Martin (French part),MAF,2025,YR2025,..,..,..,..,..,..,..,..
St. Vincent and the Grenadines,VCT,2011,YR2011,94.1,95.3,6.1,18568.0289714584,-0.60627665148327,0.631007142269248,280.382051282051,390
St. Vincent and the Grenadines,VCT,2012,YR2012,95.4,95.1,5,18891.0112566215,1.16911218376478,0.80562095350206,278.810256410256,390
St. Vincent and the Grenadines,VCT,2013,YR2013,96.8,94.8,5.4,19463.7786100707,2.4624841721544,0.762935219864059,277.269230769231,390
St. Vincent and the Grenadines,VCT,2014,YR2014,98.1,94.5,3.3,19796.6243548612,1.1457271877622,0.857395266657367,275.730769230769,390
St. Vincent and the Grenadines,VCT,2015,YR2015,99.4,94.1,4.3,20457.3672400898,2.78509791763551,0.889117427075542,274.25641025641,390
St. Vincent and the Grenadines,VCT,2016,YR2016,99.7,93.9,4.1,21428.6923243284,4.1496810046981,0.951583935909129,272.689743589744,390
St. Vincent and the Grenadines,VCT,2017,YR2017,100,93.3,5.3,21901.7063683598,1.54810173239956,1.03252794261,270.930769230769,390
St. Vincent and the Grenadines,VCT,2018,YR2018,100,92.7,4.9,22755.9422831329,3.1756114423991,1.05026399557784,269.041025641026,390
St. Vincent and the Grenadines,VCT,2019,YR2019,100,92.4,5.4,23074.9661601083,0.668428481084234,1.11839642113145,267.094871794872,390
St. Vincent and the Grenadines,VCT,2020,YR2020,100,91.9,5.2,22226.6870158221,-4.26892434422649,1.19583486273979,265.451282051282,390
St. Vincent and the Grenadines,VCT,2021,YR2021,100,90.8,5,22843.1267685067,2.09340124465459,1.14156805165255,263.694871794872,390
St. Vincent and the Grenadines,VCT,2022,YR2022,100,90.4,5.1,23737.2361484037,3.1108330034352,1.24551672775023,261.65641025641,390
St. Vincent and the Grenadines,VCT,2023,YR2023,100,89.5,..,25179.9690099977,5.32636472098717,1.25835200300031,259.802564102564,390
St. Vincent and the Grenadines,VCT,2024,YR2024,..,..,..,26386.8569611195,4.06183490050209,1.31191858153773,..,..
St. Vincent and the Grenadines,VCT,2025,YR2025,..,..,..,..,..,..,..,..
Sudan,SDN,2011,YR2011,38.3,35.8,63.7,563.389221191406,-3.21353209253371,0.449334195811792,..,..
Sudan,SDN,2012,YR2012,40.7,39.2,63.7,522.822021484375,-17.0046884048945,0.474625992378013,19.7661552462527,1868000
Sudan,SDN,2013,YR2013,43.1,41.8,64.3,520.874267578125,1.95514463302422,0.466404764386795,20.2279705567452,1868000
Sudan,SDN,2014,YR2014,44.9,45.75,63.7,530.586120605469,4.66137954229873,0.4769298698272,20.7833608137045,1868000
Sudan,SDN,2015,YR2015,48,48.4,61.9,524.494445800781,1.91017689052751,0.538628519166206,21.4263549250535,1868000
Sudan,SDN,2016,YR2016,50.5,51.85,58.9,526.432312011719,3.46764218409288,0.580134819548243,22.0877366167024,1868000
Sudan,SDN,2017,YR2017,53,55.2,59.4,512.114013671875,0.70925628476644,0.553975991088325,22.8663308351178,1868000
Sudan,SDN,2018,YR2018,55.3,57.6,59.8,481.299255371094,-2.6809305497999,0.53463218085508,23.6780492505353,1868000
Sudan,SDN,2019,YR2019,57.6,60.8,59.4,457.195983886719,-2.17825104530091,0.515296167190014,24.3833913276231,1868000
Sudan,SDN,2020,YR2020,59.7,63.4,62.6,428.914031982422,-3.62980082410752,0.463108701230845,25.0477682012848,1868000
Sudan,SDN,2021,YR2021,61.8,65.7,61,409.711517333984,-1.8685204827207,0.491048688699115,25.7317580299786,1868000
Sudan,SDN,2022,YR2022,63.2,68.2,..,394.970062255859,-0.957816591119183,0.434223310830335,26.4364807280514,1868000
Sudan,SDN,2023,YR2023,66,70.55,..,275.044616699219,-29.4332718325149,0.433700830155536,26.7895026766595,1868000
Sudan,SDN,2024,YR2024,..,..,..,234.731262207031,-13.9643375197179,0.433463815698253,..,..
Sudan,SDN,2025,YR2025,..,..,..,..,..,..,..,..
Suriname,SUR,2011,YR2011,94.6,88.3,21.2,30761.2300883206,5.84936767173009,3.51736300243228,3.46568614410245,160507.61
Suriname,SUR,2012,YR2012,94.6,89.2,15.8,31231.5104162038,2.69034974668847,4.34546142867553,3.50533535450438,160507.61
Suriname,SUR,2013,YR2013,94.6,90.1,17.6,31786.8250676602,2.9334416518612,4.02147551931391,3.54512786029273,160507.61
Suriname,SUR,2014,YR2014,94.6,91,12.8,31516.1693371083,0.255503031645475,4.55565346305788,3.58470853811854,160507.61
Suriname,SUR,2015,YR2015,95,91.6,11.6,30113.194538768,-3.41304268067621,4.68702450195744,3.62367242275927,160507.61
Suriname,SUR,2016,YR2016,95.8,92.4,11.1,28335.4974930116,-4.91166050905851,5.03728581709788,3.66186375836012,160507.61
Suriname,SUR,2017,YR2017,96.6,93.2,15.5,28490.5349891277,1.56603782534897,4.12724666631857,3.69897103321145,160507.61
Suriname,SUR,2018,YR2018,97.4,93.7,18.3,29611.0526377243,4.94827108468886,3.58824579283518,3.73510639152873,160507.61
Suriname,SUR,2019,YR2019,97.9,94.2,14.9,29647.4623948442,1.16758977233877,4.39326606885805,3.77407650640365,160507.61
Suriname,SUR,2020,YR2020,98.4,94.6,14.6,24644.7869322589,-15.9751917148622,4.25335243019547,3.81487831013121,160507.61
Suriname,SUR,2021,YR2021,98.8,95.1,14.5,23827.4920051271,-2.43538583612838,4.40057873816953,3.84963678669192,160507.61
Suriname,SUR,2022,YR2022,99,95.4,..,24194.5587357421,2.40622235601218,4.59397526172885,3.88245766041872,160507.61
Suriname,SUR,2023,YR2023,99.6,95.7,..,24553.7854441062,2.41659223498058,3.96892282544054,3.91810706046897,160507.61
Suriname,SUR,2024,YR2024,..,..,..,24758.0494873589,1.72095737011739,4.06111933370217,..,..
Suriname,SUR,2025,YR2025,..,..,..,..,..,..,..,..
Sweden,SWE,2011,YR2011,100,100,45.4,462901.93691263,3.16388567406926,5.12869166987769,23.1973780115221,407339.7
Sweden,SWE,2012,YR2012,100,100,48.3,457586.076563438,-0.414397702454409,4.80375075083719,23.3696200002111,407339.7
Sweden,SWE,2013,YR2013,100,100,47.3,458886.987690798,1.13766671801426,4.579871273832,23.5684835040631,407339.7
Sweden,SWE,2014,YR2014,100,100,48.6,464787.321926009,2.29577238758284,4.41199615103377,23.8034986523533,407339.7
Sweden,SWE,2015,YR2015,100,100,51.9,480079.773973063,4.38824673608589,4.37800649972355,24.0582617728817,407310.64
Sweden,SWE,2016,YR2016,100,100,50.9,484189.140776281,2.13117914731151,4.2819344992006,24.362449750883,407310.64
Sweden,SWE,2017,YR2017,100,100,51.8,486703.120336284,1.88282184966646,4.15961982553065,24.6929419766692,407310.64
Sweden,SWE,2018,YR2018,100,100,51.6,489598.449723023,1.7702553546772,3.89655686848453,24.9814588688378,407310.64
Sweden,SWE,2019,YR2019,100,100,52.9,497301.410162404,2.60823012869524,3.8423518032643,25.2378879395011,407280
Sweden,SWE,2020,YR2020,100,100,57.8,484172.799731722,-1.93379704032216,3.67402454179006,25.4209438224317,407280
Sweden,SWE,2021,YR2021,100,100,57.9,506424.319719319,5.2258643028773,3.88625523254982,25.5740792575133,407280
Sweden,SWE,2022,YR2022,100,100,..,509304.095445946,1.25543620445816,3.59996303974629,25.7487256923983,407280
Sweden,SWE,2023,YR2023,100,100,..,505867.814307266,-0.204061304891439,3.4800778844701,25.8713678886243,407270
Sweden,SWE,2024,YR2024,..,..,..,508420.241276274,0.820071806703865,3.57381645984766,..,..
Sweden,SWE,2025,YR2025,..,..,..,..,..,..,..,..
Switzerland,CHE,2011,YR2011,100,100,20.6,78012.0661271084,1.81310830459596,5.34446068056738,200.249864435738,39512.626
Switzerland,CHE,2012,YR2012,100,100,21.9,78098.3448380558,1.17925385250513,5.45216429296445,202.390548012367,39512.028
Switzerland,CHE,2013,YR2013,100,100,21.8,78589.0840866493,1.79214400716117,5.51425294455201,204.734336607627,39511.428
Switzerland,CHE,2014,YR2014,100,100,22.2,79460.3963364408,2.34988141500179,4.9941693678652,207.250751433234,39510.829
Switzerland,CHE,2015,YR2015,100,100,23.9,79853.0337115009,1.64462750849488,4.85628796304837,209.626620751132,39510.23
Switzerland,CHE,2016,YR2016,100,100,24.1,80619.7279985592,2.06868969039562,4.87123534246438,211.931572125581,39509.63
Switzerland,CHE,2017,YR2017,100,100,25,80959.4000832955,1.36279965488859,4.71119898152355,213.918480127503,39509.63
Switzerland,CHE,2018,YR2018,100,100,24.2,82664.0202651319,2.86044579439036,4.52389143055195,215.500094533915,39509.63
Switzerland,CHE,2019,YR2019,100,100,24.8,83013.7631657509,1.14198218965691,4.47745146514166,217.042781721823,39509.63
Switzerland,CHE,2020,YR2020,100,100,26.4,80644.419006949,-2.14173712008038,4.16061648264036,218.63446962171,39509.63
Switzerland,CHE,2021,YR2021,100,100,27.7,84478.7749987191,5.55962020605844,4.32303993798183,220.31454103721,39509.63
Switzerland,CHE,2022,YR2022,100,100,..,86330.8955088521,3.04406102969423,3.92846693573085,222.150599739861,39509.63
Switzerland,CHE,2023,YR2023,100,100,..,85828.2094072758,0.683328174376044,3.78746475067225,224.978619136651,39509.63
Switzerland,CHE,2024,YR2024,..,..,..,85818.6987803787,1.30233332541106,3.74568795220564,..,..
Switzerland,CHE,2025,YR2025,..,..,..,..,..,..,..,..
Syrian Arab Republic,SYR,2011,YR2011,91.5,98,1.6,67190.5068332166,2.8500028435797,2.56219288858715,124.58801938681,183630
Syrian Arab Republic,SYR,2012,YR2012,90.7,97.7,2,49750.5180524068,-26.3390170772532,2.0319939183901,123.943598540543,183630
Syrian Arab Republic,SYR,2013,YR2013,90.4,97.3,3.1,38515.4693397312,-26.3000876615061,1.43975259608924,117.99225072156,183630
Syrian Arab Republic,SYR,2014,YR2014,90.2,96.7,2.7,36918.3731214972,-10.310339909053,1.52845127759128,110.404939280074,183630
Syrian Arab Republic,SYR,2015,YR2015,90,96.2,0.6,36921.4982760536,-4.179791613232,1.44845576885991,105.781288460491,183630
Syrian Arab Republic,SYR,2016,YR2016,89.8,95.6,1.3,34971.9602659896,-6.4055907393619,1.34820380336727,104.524500353973,183630
Syrian Arab Republic,SYR,2017,YR2017,89.6,95.05,1.1,34663.3294265472,-0.723281777470547,1.61670932366686,104.692414093558,183630
Syrian Arab Republic,SYR,2018,YR2018,86,94.3,0.9,34512.2254262407,1.39317607830837,1.73689698738549,106.615721831945,183630
Syrian Arab Republic,SYR,2019,YR2019,89.2,93.2,1,33602.174443023,1.22070522070523,1.63691966220706,110.839917224854,183630
Syrian Arab Republic,SYR,2020,YR2020,89,92.4,1.1,32264.7706975804,-0.697154504235129,1.50831644886899,114.629575777378,183630
Syrian Arab Republic,SYR,2021,YR2021,88.8,91.1,1.1,31982.669065131,1.85421590064124,1.48118445007612,117.784888090181,183630
Syrian Arab Republic,SYR,2022,YR2022,89,90.1,..,31021.7982917325,0.732781301861365,1.38747039300249,122.323002777324,183630
Syrian Arab Republic,SYR,2023,YR2023,88.4,88.8,..,..,..,1.32899347448781,128.490023416653,183630
Syrian Arab Republic,SYR,2024,YR2024,..,..,..,..,..,1.27467701221914,..,..
Syrian Arab Republic,SYR,2025,YR2025,..,..,..,..,..,..,..,..
Tajikistan,TJK,2011,YR2011,98.9,71,60,535.685555577565,7.40000059956709,0.393927756481488,55.9072949414118,139960
Tajikistan,TJK,2012,YR2012,99.1,72.8,55.8,562.259654378467,7.49999946321525,0.436993173518022,57.2598170905973,139960
Tajikistan,TJK,2013,YR2013,99,74.9,55.1,588.974364965891,7.39999974700379,0.437388428770396,58.7076593312375,139960
Tajikistan,TJK,2014,YR2014,99.1,76.6,45.9,612.85982212204,6.70000069016253,0.565921378207624,60.7089475883735,138786
Tajikistan,TJK,2015,YR2015,98,78.1,48.1,633.341200207315,6.01930331771186,0.589055327261958,62.2799913538439,138790
Tajikistan,TJK,2016,YR2016,99.3,79.7,43.7,660.104227211802,6.89999999999999,0.644680564756192,63.8780243533396,138790
Tajikistan,TJK,2017,YR2017,99.3,81.2,44.2,689.829061277714,7.10000041864309,0.763156637734805,65.4654225808776,138790
Tajikistan,TJK,2018,YR2018,99.3,82.35,41.6,724.600538091846,7.5999988895536,0.881498491565736,67.060544707832,138790
Tajikistan,TJK,2019,YR2019,99.4,83.8,40.1,760.040675905874,7.40000016310556,0.948639271115973,68.6646444268319,138790
Tajikistan,TJK,2020,YR2020,99.5,84.8,38.8,775.630377944696,4.40000111553493,0.96295019852687,70.2450464730888,138790
Tajikistan,TJK,2021,YR2021,99.6,85.8,34.9,830.014273232983,9.39999955037523,0.945809874035157,71.8128683622739,138790
Tajikistan,TJK,2022,YR2022,100,86.9,..,877.459752890872,8.00000033846364,0.938950260561987,73.3642337344189,138790
Tajikistan,TJK,2023,YR2023,100,87.9,..,931.30315610533,8.29999921651935,0.897072214775281,74.8598530153469,138790
Tajikistan,TJK,2024,YR2024,..,..,..,990.360994840206,8.39999980983981,0.922478268427306,..,..
Tajikistan,TJK,2025,YR2025,..,..,..,..,..,..,..,..
Tanzania,TZA,2011,YR2011,14.2,1.7,87.6,1669530.875,7.67215543486064,0.193059357083924,51.9636114247008,885800
Tanzania,TZA,2012,YR2012,15.3,2,85.2,1695223.625,4.50015356010131,0.223794524706032,53.4818920749605,885800
Tanzania,TZA,2013,YR2013,16.4,2.4,84.5,1756713.25,6.78158560065316,0.23745636583617,55.1186814179273,885800
Tanzania,TZA,2014,YR2014,23.5,2.8,84.7,1818399.875,6.73246186832483,0.223568261465515,56.8429803567397,885800
Tanzania,TZA,2015,YR2015,26.2,3.4,82.8,1868776.5,6.16062877406682,0.253809224058563,58.7276608715286,885800
Tanzania,TZA,2016,YR2016,32.8,4,81.7,1930521,6.86711619644551,0.262646711236488,60.7631666290359,885800
Tanzania,TZA,2017,YR2017,32.1,4.6,82,1993009.75,6.72726996832338,0.255108045601944,62.8278279521337,885800
Tanzania,TZA,2018,YR2018,34.9,5.4,81.3,2037695.625,5.50267599385063,0.259781366222155,64.842114472793,885800
Tanzania,TZA,2019,YR2019,37.7,6,80.4,2092918.375,5.79999999996723,0.287346536895184,66.8038959132987,885800
Tanzania,TZA,2020,YR2020,39.9,6.9,80.8,2072010.375,1.99196460647855,0.273515412561516,68.8335944908557,885800
Tanzania,TZA,2021,YR2021,42.7,7.8,78.3,2097993.75,4.32138429480482,0.30147502454703,70.9306976744186,885800
Tanzania,TZA,2022,YR2022,45.8,8.7,..,2130365.75,4.56600576430955,0.323161976851185,73.0546635809438,885800
Tanzania,TZA,2023,YR2023,48.3,9.8,..,2174698.5,5.06952353203394,0.323839316591473,75.2061481146986,885800
Tanzania,TZA,2024,YR2024,..,..,..,2230237,5.5263138305945,0.311205530057348,..,..
Tanzania,TZA,2025,YR2025,..,..,..,..,..,..,..,..
Thailand,THA,2011,YR2011,99.3,74.3,23,120299.882296354,0.840132083053334,3.57565835731247,135.072536162383,510890
Thailand,THA,2012,YR2012,99.1,75.5,23.6,128216.075736283,7.24279620249642,3.81363739650232,135.912031944254,510890
Thailand,THA,2013,YR2013,99.4,76.7,23.2,130890.859452245,2.68749556320556,3.95099362283237,136.712626984282,510890
Thailand,THA,2014,YR2014,99.5,77.7,24.4,131480.570619668,0.984468863619426,3.88118627669814,137.439305917125,510890
Thailand,THA,2015,YR2015,99.6,78.9,22.6,134977.582829907,3.13404724911635,3.99014074054595,138.07433106931,510890
Thailand,THA,2016,YR2016,99.9,80,22.4,138985.663261649,3.43515771692182,3.91990436444812,138.698821664155,510890
Thailand,THA,2017,YR2017,99.9,81.1,22.2,144180.916781458,4.1776810321001,3.94997556709625,139.286709467791,510890
Thailand,THA,2018,YR2018,99.8,82,23.7,149814.968121182,4.22287028746071,3.87600024932723,139.709289670966,510890
Thailand,THA,2019,YR2019,99.9,83.2,23.9,152670.194155328,2.11455779628278,4.00533143026177,139.995441288731,510890
Thailand,THA,2020,YR2020,100,84.4,20.9,143194.912042861,-6.05003846851622,3.84739936431244,140.228785061364,510890
Thailand,THA,2021,YR2021,100,85.2,19,145243.489608675,1.55216608426647,3.74441224162639,140.396821233534,510890
Thailand,THA,2022,YR2022,99.9,86,..,148974.712306679,2.58037874709827,3.963374866518,140.412474309538,510890
Thailand,THA,2023,YR2023,100,86.8,..,152050.373184676,2.01775095328327,3.83577489383729,140.348088629646,510890
Thailand,THA,2024,YR2024,..,..,..,155990.111125032,2.54182067735289,3.96005269352319,..,..
Thailand,THA,2025,YR2025,..,..,..,..,..,..,..,..
Timor-Leste,TLS,2011,YR2011,52.7,5.2,32.8,1237.48388824704,5.95855501570803,0.333991769102519,74.660860793544,14870
Timor-Leste,TLS,2012,YR2012,56,5.9,25.6,1269.41634321422,4.86062134121768,0.554064949312045,76.3204438466712,14870
Timor-Leste,TLS,2013,YR2013,59.2,6.8,22.6,1281.92872889708,3.10436980963603,0.654615753067028,77.9216543375925,14870
Timor-Leste,TLS,2014,YR2014,62.4,7.8,18.1,1312.9650404934,4.47249922937381,0.629577892602016,79.4823806321453,14870
Timor-Leste,TLS,2015,YR2015,67.3,8.9,18,1319.59304109595,2.48003785368208,0.57686674726648,81.0444519166106,14870
Timor-Leste,TLS,2016,YR2016,76.5,9.9,12.7,1333.65865321075,3.00993358093274,0.538055477761351,82.6033624747814,14870
Timor-Leste,TLS,2017,YR2017,79.5,11.2,13.2,1267.08670341773,-3.18241515376397,0.496763209802964,84.1763954270343,14870
Timor-Leste,TLS,2018,YR2018,85.2,12.4,12.7,1237.20074439086,-0.466502371512661,0.522430579665961,85.8075991930061,14870
Timor-Leste,TLS,2019,YR2019,90.6,13.6,11.7,1507.24753951522,24.2128789232326,0.559823820376726,87.4878950907868,14870
Timor-Leste,TLS,2020,YR2020,96,14.9,11.4,1947.8400638546,31.7257429812373,0.512347545686334,89.1763954270343,14870
Timor-Leste,TLS,2021,YR2021,100,16.3,12.1,2015.82049668108,5.36980163959615,0.526390245745068,90.7961667787492,14870
Timor-Leste,TLS,2022,YR2022,99.7,17.8,11.4,1579.71096177903,-20.5224785561874,0.50726833881669,92.0843981170141,14870
Timor-Leste,TLS,2023,YR2023,100,19.1,..,1279.21131585332,-18.135905003556,0.47995862126757,93.0925353059852,14870
Timor-Leste,TLS,2024,YR2024,..,..,..,1149.21896228709,-9.10069369772735,0.499343870436187,..,..
Timor-Leste,TLS,2025,YR2025,..,..,..,..,..,..,..,..
Togo,TGO,2011,YR2011,39.7,3.9,69.1,398265.214327416,5.82325622135289,0.335011741531885,127.164441993013,54390
Togo,TGO,2012,YR2012,39.1,4.65,72.7,412380.491261751,6.30271426865185,0.316333405438535,130.55223386652,54390
Togo,TGO,2013,YR2013,41,5.2,76.2,425334.660546333,5.82425069283059,0.265104025260238,133.948189005332,54390
Togo,TGO,2014,YR2014,45.7,6,81.4,438050.572436082,5.63323739145223,0.232146083279246,137.386468100754,54390
Togo,TGO,2015,YR2015,44.7,6.8,81,450503.608481841,5.4680413807304,0.201743528645689,140.893454679169,54390
Togo,TGO,2016,YR2016,46.8,7.5,80.7,457836.050570296,4.21490387414525,0.270784136343166,144.480400808972,54390
Togo,TGO,2017,YR2017,48,8.1,78.4,464433.409373549,4.00791259566937,0.205457519665787,148.136422136422,54390
Togo,TGO,2018,YR2018,50,9,76.7,474820.972303651,4.79518333086139,0.234453571702739,151.843684500827,54390
Togo,TGO,2019,YR2019,52.5,9.7,78.6,486169.672747519,4.92283321360694,0.24876321447494,155.599705828277,54390
Togo,TGO,2020,YR2020,54.1,10.6,76.2,484843.109120018,2.16228657424364,0.27934004789082,159.399154256297,54390
Togo,TGO,2021,YR2021,55.7,11.4,75.1,497731.061041661,5.12890113701732,0.285412460990908,163.235502849789,54390
Togo,TGO,2022,YR2022,57.2,12.3,..,516758.458824666,6.29443692019429,0.286520909623578,167.121492921493,54390
Togo,TGO,2023,YR2023,59.2,13.2,..,536099.992938777,6.19211576941919,0.272055924027687,171.067052767053,54390
Togo,TGO,2024,YR2024,..,..,..,558459.821700691,6.53204505563791,0.276146592685668,..,..
Togo,TGO,2025,YR2025,..,..,..,..,..,..,..,..
Tonga,TON,2011,YR2011,92.2,62,1.1,8223.27414706703,6.70369746238768,1.11555266338198,149.402777777778,720
Tonga,TON,2012,YR2012,92.8,64.9,1.1,8307.40368509213,0.919761024923076,1.0999441652708,149.25,720
Tonga,TON,2013,YR2013,95.1,68,1.6,8369.88176843049,0.393922530137331,1.11507499206186,148.719444444444,720
Tonga,TON,2014,YR2014,95.9,70.65,1.7,8574.04146984771,1.99053625497055,1.23629337110375,148.068055555556,720
Tonga,TON,2015,YR2015,100,73.2,1.9,8711.53576714637,1.11374405685874,1.26961685282059,147.354166666667,720
Tonga,TON,2016,YR2016,97,75.95,2,9336.6337309506,6.59870436118344,1.35703726166559,146.561111111111,720
Tonga,TON,2017,YR2017,98.2,78.5,2,9650.98719566176,3.2023165092282,1.47025323664528,146.327777777778,720
Tonga,TON,2018,YR2018,99,81,1.8,9682.53619708024,0.527827266310538,1.39626966760446,146.620833333333,720
Tonga,TON,2019,YR2019,98.4,83.2,1.8,9645.60106613378,-0.285208794735084,1.56621147167097,146.7625,720
Tonga,TON,2020,YR2020,99.9,85.2,1.9,9816.56722020255,1.80618735341196,1.76436085673201,146.811111111111,720
Tonga,TON,2021,YR2021,100,87,1.8,9744.51753449038,-0.934926303735025,1.95753151957531,146.513888888889,720
Tonga,TON,2022,YR2022,100,88.6,2.3,9577.7765015013,-2.12854452405193,1.53652824584452,145.891666666667,720
Tonga,TON,2023,YR2023,100,90.1,..,9886.8950751511,2.79014366862668,1.54688949013834,145.273611111111,720
Tonga,TON,2024,YR2024,..,..,..,..,..,1.62994960403168,..,..
Tonga,TON,2025,YR2025,..,..,..,..,..,..,..,..
Trinidad and Tobago,TTO,2011,YR2011,97.5,100,0.4,123168.358509931,-0.294354409043763,31.0660464948167,258.873099415205,5130
Trinidad and Tobago,TTO,2012,YR2012,100,100,0.4,130727.581609863,6.71074625448722,28.5171293459977,260.271734892788,5130
Trinidad and Tobago,TTO,2013,YR2013,100,100,0.4,134590.137979959,3.36819291689019,27.8473798577755,261.317153996101,5130
Trinidad and Tobago,TTO,2014,YR2014,100,100,0.3,139034.390263301,3.67086851032413,27.651535705021,262.250097465887,5130
Trinidad and Tobago,TTO,2015,YR2015,100,100,0.4,138025.894609559,-0.406283288730492,27.2353106358828,263.09298245614,5130
Trinidad and Tobago,TTO,2016,YR2016,100,100,0.4,127225.21325509,-7.53636305379372,24.9048855339594,263.917153996101,5130
Trinidad and Tobago,TTO,2017,YR2017,100,100,0.4,120781.58912543,-4.87274946918724,23.9896125186399,264.450877192982,5130
Trinidad and Tobago,TTO,2018,YR2018,100,100,0.5,119414.322174996,-0.945449700943314,24.00159506413,264.949902534113,5130
Trinidad and Tobago,TTO,2019,YR2019,100,100,0.4,119551.371312734,0.467734528855885,24.3573792966931,265.884015594542,5130
Trinidad and Tobago,TTO,2020,YR2020,100,100,0.5,108825.631491339,-8.78879817831519,21.8051912418372,266.418128654971,5130
Trinidad and Tobago,TTO,2021,YR2021,100,100,0.5,107979.821769899,-0.716740625909793,20.9747593886329,266.580506822612,5130
Trinidad and Tobago,TTO,2022,YR2022,100,100,..,109049.594561449,0.86126082651883,20.8660094230143,266.238791423002,5130
Trinidad and Tobago,TTO,2023,YR2023,98.7,100,..,110510.806721706,1.46645947294053,19.7069856893185,266.571150097466,5130
Trinidad and Tobago,TTO,2024,YR2024,..,..,..,113215.617031819,2.50920813979569,19.5810522730943,..,..
Trinidad and Tobago,TTO,2025,YR2025,..,..,..,..,..,..,..,..
Tunisia,TUN,2011,YR2011,99.5,99.5,13.2,7424.25140099219,-2.04663389535644,2.41262314515799,70.069741246138,155360
Tunisia,TUN,2012,YR2012,99.5,99.6,13,7650.43664887712,4.21667711535632,2.56515036313153,70.865390061792,155360
Tunisia,TUN,2013,YR2013,99.7,99.7,13.2,7743.69521820539,2.42993096446429,2.53281443802063,71.713188722966,155360
Tunisia,TUN,2014,YR2014,99.8,99.8,12.9,7888.87899617253,3.09032803070775,2.67906940110098,72.5687950566426,155360
Tunisia,TUN,2015,YR2015,99.9,99.8,12.5,7875.83062451457,0.967834205635981,2.69429825515354,73.3925334706488,155360
Tunisia,TUN,2016,YR2016,100,99.8,12.4,7876.49993399067,1.117231963992,2.59021982927091,74.2061920700309,155360
Tunisia,TUN,2017,YR2017,100,99.9,11.8,7969.71082266183,2.25261437620587,2.60042961253673,74.9903321318229,155360
Tunisia,TUN,2018,YR2018,99.8,99.9,11.9,8097.53828009554,2.60696965356362,2.56581225435625,75.7306513903193,155360
Tunisia,TUN,2019,YR2019,100,99.9,12.2,8147.18653287502,1.55009304966742,2.54693841667269,76.4358972708548,155360
Tunisia,TUN,2020,YR2020,99.9,99.9,12.9,7354.6668434934,-8.97512622934723,2.39839346012801,77.0729724510814,155360
Tunisia,TUN,2021,YR2021,99.9,99.9,11.6,7655.31527173813,4.73603648206102,2.57438568493559,77.5529222451081,155360
Tunisia,TUN,2022,YR2022,100,99.9,..,7820.11618790273,2.75228761004381,2.50498913554161,78.0080715756952,155360
Tunisia,TUN,2023,YR2023,100,99.9,..,7782.42998136705,0.184015548469745,2.55804077741188,78.530065653965,155360
Tunisia,TUN,2024,YR2024,..,..,..,7858.68236569375,1.61444564976986,2.62113010481539,..,..
Tunisia,TUN,2025,YR2025,..,..,..,..,..,..,..,..
Turkiye,TUR,2011,YR2011,100,94.4,12.7,16448.6077796061,10.9799625273598,4.48332295905392,96.4406649948677,769630
Turkiye,TUR,2012,YR2012,100,94.5,13,17021.036489562,4.80762696633448,4.57803809727294,97.6778802801346,769630
Turkiye,TUR,2013,YR2013,100,94.7,13.8,18230.1646759195,8.48825689298511,4.38456228128668,98.9405610488157,769630
Turkiye,TUR,2014,YR2014,100,94.9,11.5,18813.3682419569,4.60079447270559,4.60446003106117,100.284401595572,769630
Turkiye,TUR,2015,YR2015,100,95,13.3,19641.7921984906,5.80557386628684,4.70276339686943,101.631276067721,769630
Turkiye,TUR,2016,YR2016,100,95,13.2,20023.3991383381,3.32366508200445,4.93533246982308,103.007889505347,769630
Turkiye,TUR,2017,YR2017,100,95.1,11.4,21312.2344862577,7.82585730002594,5.39416444458135,104.352348531112,769630
Turkiye,TUR,2018,YR2018,100,95.2,11.8,21754.898410465,3.46815306092219,5.27401972926131,105.774468250978,769630
Turkiye,TUR,2019,YR2019,100,95.1,14.1,21725.2294130355,1.30162365464503,5.01913672458907,107.297584553617,769630
Turkiye,TUR,2020,YR2020,100,95.3,13.7,21903.3670489591,1.80306247087255,5.07395962903497,108.343853540013,769630
Turkiye,TUR,2021,YR2021,100,95.3,12,24268.4348145237,11.811094450607,5.47500634541911,109.334768655068,769630
Turkiye,TUR,2022,YR2022,100,95.3,..,25338.2260982075,5.44122511322401,5.22956172007378,110.416580694619,769630
Turkiye,TUR,2023,YR2023,100,95.3,..,26508.6235297778,5.04512369812289,5.23215412799609,110.866214934449,769630
Turkiye,TUR,2024,YR2024,..,..,..,27329.0120983068,3.3276230893799,5.37926453268486,..,..
Turkiye,TUR,2025,YR2025,..,..,..,..,..,..,..,..
Turkmenistan,TKM,2011,YR2011,99.8,99.9,0.1,5903.83987309043,14.6999999278723,11.6373653384927,12.0941778562765,469930
Turkmenistan,TKM,2012,YR2012,99.9,99.9,0,6417.86707034773,11.0999999615545,11.7581405053864,12.3604494286383,469930
Turkmenistan,TKM,2013,YR2013,99.9,99.9,0.1,6916.74054411087,10.200000101399,10.99020918314,12.6387781158896,469930
Turkmenistan,TKM,2014,YR2014,100,99.9,0.1,7458.45278318722,10.2999999705459,10.4055728761936,12.9280594982231,469930
Turkmenistan,TKM,2015,YR2015,100,99.9,0.1,7763.72116407139,6.49999990951666,10.9255651351321,13.2270125337816,469930
Turkmenistan,TKM,2016,YR2016,100,99.9,0.1,8058.04088369871,6.1999999664301,10.5800733045589,13.5340178324431,469930
Turkmenistan,TKM,2017,YR2017,100,99.9,0.1,8387.91675688917,6.50000004682975,11.091151596704,13.8468729385228,469930
Turkmenistan,TKM,2018,YR2018,100,99.9,0.1,8709.25993205043,6.19999994137119,11.1534118125034,14.1627987147022,469930
Turkmenistan,TKM,2019,YR2019,99.9,99.9,0.1,9055.99221569137,6.30000004226711,10.7659028351791,14.4786329878918,469930
Turkmenistan,TKM,2020,YR2020,100,99.9,0.1,9388.87216125902,5.900000048526,11.0541399660888,14.7892494626859,469930
Turkmenistan,TKM,2021,YR2021,100,99.9,0.1,9771.15467292006,6.20000001747076,13.4562494897451,15.0917008916222,469930
Turkmenistan,TKM,2022,YR2022,100,99.8,..,10178.689683664,6.19999993621698,14.0053384467054,15.3856808460835,469930
Turkmenistan,TKM,2023,YR2023,100,99.8,..,10622.7280343728,6.30015758549871,12.8629910388274,15.6713510522844,469930
Turkmenistan,TKM,2024,YR2024,..,..,..,11095.9386472583,6.2994265836889,10.8623686336296,..,..
Turkmenistan,TKM,2025,YR2025,..,..,..,..,..,..,..,..
Turks and Caicos Islands,TCA,2011,YR2011,100,..,0.4,17905.82247293,4.62049892978239,1.81222848991766,32.4694736842105,950
Turks and Caicos Islands,TCA,2012,YR2012,93.1,..,0.4,16733.4329380272,-2.66655562053364,1.80533507641548,33.8178947368421,950
Turks and Caicos Islands,TCA,2013,YR2013,100,..,0.4,16145.7225210234,1.07088049554032,1.99387870323597,35.4242105263158,950
Turks and Caicos Islands,TCA,2014,YR2014,100,..,0.4,16852.6390870185,8.71129580824217,2.16833095577746,36.8947368421053,950
Turks and Caicos Islands,TCA,2015,YR2015,100,..,0.4,17962.5734189318,11.3148293929929,2.18549378500205,38.5315789473684,950
Turks and Caicos Islands,TCA,2016,YR2016,100,..,0.4,18405.2720866501,7.25118627570265,2.29936056374788,40.3315789473684,950
Turks and Caicos Islands,TCA,2017,YR2017,100,..,0.3,30846.8669355849,74.5879880544188,2.21231177811741,42.0136842105263,950
Turks and Caicos Islands,TCA,2018,YR2018,100,..,0.4,31625.616593277,6.75264845178367,4.56459491325585,43.7463157894737,950
Turks and Caicos Islands,TCA,2019,YR2019,100,..,0.5,31965.0882639114,4.98170549382992,5.12208682759579,45.4378947368421,950
Turks and Caicos Islands,TCA,2020,YR2020,99.4,..,0.5,20573.9422340378,-33.8170973434652,4.84161672599468,46.7221052631579,950
Turks and Caicos Islands,TCA,2021,YR2021,100,..,0.8,26164.6884600933,29.6293781722414,4.75211634949053,47.6242105263158,950
Turks and Caicos Islands,TCA,2022,YR2022,99.9,..,0.8,29457.2818286911,14.0871234168153,4.8094749929112,48.26,950
Turks and Caicos Islands,TCA,2023,YR2023,100,..,..,33247.5648296463,13.7311481139228,4.78808606433179,48.6294736842105,950
Turks and Caicos Islands,TCA,2024,YR2024,..,..,..,34867.3256688514,5.63682517443362,4.92317610400774,..,..
Turks and Caicos Islands,TCA,2025,YR2025,..,..,..,..,..,..,..,..
Tuvalu,TUV,2011,YR2011,97,50.5,0.2,4359.92578849722,6.81818181818181,0,359.333333333333,30
Tuvalu,TUV,2012,YR2012,97.7,55.3,0.3,4207.06054508871,-2.12765957446808,0,364.466666666667,30
Tuvalu,TUV,2013,YR2013,97.6,60,0.7,4363.23970548132,4.34782608695652,0,366.7,30
Tuvalu,TUV,2014,YR2014,97.9,63.6,0.7,4369.99271667881,0,0,366.133333333333,30
Tuvalu,TUV,2015,YR2015,98.1,66.9,3,4834.44312688133,10.4166666666667,0,365.433333333333,30
Tuvalu,TUV,2016,YR2016,97.3,69.4,7.3,5123.51326623971,5.66037735849056,0,364.333333333333,30
Tuvalu,TUV,2017,YR2017,98.7,71.3,7,5278.41567761524,2.44839285714286,0,362.3,30
Tuvalu,TUV,2018,YR2018,99,73.5,6.4,5410.38042972747,1.38728384151602,0,358.366666666667,30
Tuvalu,TUV,2019,YR2019,99.7,73.95,6.3,6257.14960778754,13.8220984406966,0,352.7,30
Tuvalu,TUV,2020,YR2020,99.4,75,5,6094.48985479373,-4.27493206901397,0,346.633333333333,30
Tuvalu,TUV,2021,YR2021,99.7,76.4,5,6329.21326270355,1.8041359113616,0,339.8,30
Tuvalu,TUV,2022,YR2022,100,76.75,5.2,6500.90072057646,0.677309361438304,0,333.066666666667,30
Tuvalu,TUV,2023,YR2023,100,77,..,6872.41944467266,3.85280919517032,0,327.2,30
Tuvalu,TUV,2024,YR2024,..,..,..,..,..,0,..,..
Tuvalu,TUV,2025,YR2025,..,..,..,..,..,..,..,..
Uganda,UGA,2011,YR2011,14.6,0.9,93.3,2531746.26233074,9.3916554927176,0.127802680432468,166.340230400958,200520
Uganda,UGA,2012,YR2012,20.5,0.9,93.4,2553649.69721969,3.83745560605229,0.126072306268161,171.241960901656,200520
Uganda,UGA,2013,YR2013,13.9,0.9,93.1,2570418.73499202,3.58690582623025,0.124837840133874,176.227019748654,200520
Uganda,UGA,2014,YR2014,20.4,0.9,92.4,2623099.07093284,5.10630732539796,0.133324031827087,181.505779972073,200520
Uganda,UGA,2015,YR2015,18.5,1,91.7,2675673.83068587,5.18785986002466,0.149085649404502,187.170586475165,200520
Uganda,UGA,2016,YR2016,26.7,1.1,91.4,2711994.31369015,4.78100029254482,0.154688947840922,193.49267903451,200520
Uganda,UGA,2017,YR2017,32.4,1.1,91.3,2700973.01795727,3.13140551723596,0.155657206984187,200.365988430082,200520
Uganda,UGA,2018,YR2018,41.9,1.2,90.5,2775330.908457,6.30392378262997,0.164969635756831,207.290200478755,200520
Uganda,UGA,2019,YR2019,41.3,1.3,90.5,2855526.50688656,6.43874503276439,0.1642944102063,214.440639337722,200520
Uganda,UGA,2020,YR2020,42.1,1.4,91.6,2843421.28229447,2.95130642218098,0.160149709994918,221.709315778975,200520
Uganda,UGA,2021,YR2021,45.2,1.5,91,2850759.45818567,3.53658034070898,0.176657279649966,228.959355675244,200520
Uganda,UGA,2022,YR2022,47.1,1.6,90.9,2893214.98783023,4.58802192181773,0.168117583772769,235.950124675843,200520
Uganda,UGA,2023,YR2023,51.5,1.8,..,2963450.51857815,5.33697295511469,0.166813953979235,242.65210951526,200520
Uganda,UGA,2024,YR2024,..,..,..,3057538.27113224,6.05558075875589,0.165048181856788,..,..
Uganda,UGA,2025,YR2025,..,..,..,..,..,..,..,..
Ukraine,UKR,2011,YR2011,100,94.7,2.7,61854.359375,5.44528081048476,7.19759562163247,79.9348425740523,579320
Ukraine,UKR,2012,YR2012,99.9,94.8,2.9,62079.6796875,0.152314967200653,7.03131803172885,79.7660291376096,579320
Ukraine,UKR,2013,YR2013,100,95,3.5,62220.03125,0.045439094492707,6.83496373147307,79.6222640336947,579320
Ukraine,UKR,2014,YR2014,100,95.1,3.5,59053.984375,-10.0788949840953,5.85851548255714,79.3598715669181,579290
Ukraine,UKR,2015,YR2015,100,95.1,4.2,53575.625,-9.7729872128676,4.93846267555134,79.0362271055948,579290
Ukraine,UKR,2016,YR2016,100,95.1,5.5,55151.55859375,2.44098194492067,4.98162827265164,78.7461064406429,579290
Ukraine,UKR,2017,YR2017,100,95.1,6.5,56729.046875,2.35997228099491,4.52463056805499,78.432661833247,579300
Ukraine,UKR,2018,YR2018,100,95.1,6.9,59054.5859375,3.48836234022659,4.82875863377984,78.0271090783569,579400
Ukraine,UKR,2019,YR2019,100,95.1,7.4,61341.6796875,3.19950386354134,4.62458753784522,77.5931273731446,579400
Ukraine,UKR,2020,YR2020,100,95.3,8.7,59449.54296875,-3.75281793983162,4.45159215930416,77.1142802899551,579400
Ukraine,UKR,2021,YR2021,100,95.1,8.9,62071.5703125,3.44562065945944,4.38244379511425,76.4560579910252,579400
Ukraine,UKR,2022,YR2022,100,95.1,..,47952.96875,-28.7585842155085,2.90739555971061,70.8470245081118,579400
Ukraine,UKR,2023,YR2023,100,94.9,..,55360.75390625,5.53473354963334,3.22518031774765,65.1239834311357,579400
Ukraine,UKR,2024,YR2024,..,..,..,56762.03515625,2.9138222142611,3.12934781865114,..,..
Ukraine,UKR,2025,YR2025,..,..,..,..,..,..,..,..
United Arab Emirates,ARE,2011,YR2011,100,100,0.1,169792.180716044,6.73646786920814,24.9498559934509,100.035736412278,71020
United Arab Emirates,ARE,2012,YR2012,100,100,0.1,170844.603114302,4.6832657020049,25.0303188225095,104.075584342439,71020
United Arab Emirates,ARE,2013,YR2013,100,100,0.1,172220.676089827,4.91847806719888,25.3545579109196,108.322036046184,71020
United Arab Emirates,ARE,2014,YR2014,100,100,0.1,172006.988078576,4.63288144983127,24.5815838321273,113.481272880879,71020
United Arab Emirates,ARE,2015,YR2015,100,100,0.1,174543.637055616,7.08767348587587,24.3205333372838,119.75833568009,71020
United Arab Emirates,ARE,2016,YR2016,100,100,0.1,175546.986349893,5.65793329224303,23.7748451471417,125.8109687412,71020
United Arab Emirates,ARE,2017,YR2017,100,100,0.2,168257.957493176,-1.06137661464977,22.1639068763908,129.867994931005,71020
United Arab Emirates,ARE,2018,YR2018,100,100,0.3,168587.397842298,1.53716683173516,20.0375833141554,131.606603773585,71020
United Arab Emirates,ARE,2019,YR2019,100,100,0.7,168939.796957055,1.27134240761141,20.945786930361,133.001760067587,71020
United Arab Emirates,ARE,2020,YR2020,100,100,0.9,154987.353524153,-8.69342617885171,20.8141058466097,132.371698113208,71020
United Arab Emirates,ARE,2021,YR2021,100,100,1,159097.004413089,4.55278571242283,20.8269278649571,134.823317375387,71020
United Arab Emirates,ARE,2022,YR2022,100,100,..,162566.326454145,7.51448425801082,19.3731459635094,141.861123627147,71020
United Arab Emirates,ARE,2023,YR2023,100,100,..,162947.307695499,4.30118228020602,18.3804823292732,147.616882568291,71020
United Arab Emirates,ARE,2024,YR2024,..,..,..,161699.100706328,3.99180705485398,18.2552064370494,..,..
United Arab Emirates,ARE,2025,YR2025,..,..,..,..,..,..,..,..
United Kingdom,GBR,2011,YR2011,100,100,4,31692.1396086964,0.851437739020326,7.25917227971883,261.475674781962,241930
United Kingdom,GBR,2012,YR2012,100,100,4.2,31948.1048641522,1.52826034721852,7.55583494216069,263.344769148101,241930
United Kingdom,GBR,2013,YR2013,100,100,5.2,32280.269804643,1.71846961308464,7.33126023168431,265.113875914521,241930
United Kingdom,GBR,2014,YR2014,100,100,6.6,33052.5104147323,3.16017351468152,6.66445837202105,267.102054313231,241930
United Kingdom,GBR,2015,YR2015,100,100,7.7,33517.225064528,2.14040560033371,6.38957565142576,269.036498160625,241930
United Kingdom,GBR,2016,YR2016,100,100,7.7,33985.7928117426,2.20652020635357,5.97285960339598,271.18174678626,241930
United Kingdom,GBR,2017,YR2017,100,100,8.8,34822.7097747324,3.02322219840339,5.77133371736955,272.665647088001,241930
United Kingdom,GBR,2018,YR2018,100,100,10.2,35190.6157431851,1.55133095078786,5.64018313747379,274.000744016864,241930
United Kingdom,GBR,2019,YR2019,100,100,11.4,35449.8214194594,1.25629899760824,5.38807912233045,275.414376059191,241930
United Kingdom,GBR,2020,YR2020,100,100,13.6,31833.8727076591,-10.047896637362,4.78988972791562,275.881453312942,241930
United Kingdom,GBR,2021,YR2021,100,100,12.2,34429.6728472471,8.5431118453255,5.04470918428281,276.873475798785,241930
United Kingdom,GBR,2022,YR2022,100,100,..,35870.6821046092,5.14970388522993,4.80733240636649,279.436200553879,241930
United Kingdom,GBR,2023,YR2023,100,100,..,35501.7974507972,0.271650048355255,4.44995911931321,283.106683751498,241930
United Kingdom,GBR,2024,YR2024,..,..,..,35521.0337445468,1.1264226705118,4.22412677317771,..,..
United Kingdom,GBR,2025,YR2025,..,..,..,..,..,..,..,..
United States,USA,2011,YR2011,100,100,8.4,57614.8009407956,1.56440685763506,17.0203888981196,34.0904277927547,9147420
United States,USA,2012,YR2012,100,100,8.5,58465.0259972909,2.28911338669843,16.1854221004814,34.3636893244215,9147420
United States,USA,2013,YR2013,100,100,8.9,59253.2295693731,2.11783009790057,16.495975221911,34.6246572257533,9147420
United States,USA,2014,YR2014,100,100,9,60267.0199978976,2.52381981363968,16.4248953102317,34.9013776562134,9147420
United States,USA,2015,YR2015,100,100,8.9,61549.1474404647,2.94555045484053,15.9501022949136,35.1809713558577,9147420
United States,USA,2016,YR2016,100,100,9.3,62178.5895776501,1.81945147788167,15.5045482189269,35.4584505795077,9147420
United States,USA,2017,YR2017,100,100,9.7,63266.8025355082,2.45762229852507,15.1847127213968,35.7049975840182,9147420
United States,USA,2018,YR2018,100,100,9.9,64762.7097026944,2.96650506901305,15.5796456645972,35.9149986553586,9147420
United States,USA,2019,YR2019,100,100,10.2,66094.7270339009,2.58382533412825,15.0439662080505,36.1004771837305,9147420
United States,USA,2020,YR2020,100,100,11,64401.5074354212,-2.16302914036166,13.4715821678248,36.248222996211,9147420
United States,USA,2021,YR2021,100,100,10.9,68193.6878274167,6.05505293244555,14.3161154347115,36.3052926398919,9147420
United States,USA,2022,YR2022,100,100,..,69505.6400892456,2.51237531986017,14.4177148825165,36.5149212564854,9147420
United States,USA,2023,YR2023,100,100,..,70920.4968123051,2.88755600749487,13.7119419860139,36.8198061311277,9147420
United States,USA,2024,YR2024,..,..,..,72192.9469417789,2.79300127716779,13.6195685039144,..,..
United States,USA,2025,YR2025,..,..,..,..,..,..,..,..
Uruguay,URY,2011,YR2011,99.2,100,49.7,456505.558693349,5.16213302463606,2.34076033455321,19.0082561992915,175020
Uruguay,URY,2012,YR2012,99.6,100,47.9,471442.241757438,3.53817872056869,2.66279826623545,19.0572563135642,175020
Uruguay,URY,2013,YR2013,99.6,100,51.9,491840.388845728,4.63753862902416,2.28942554965314,19.1140269683465,175020
Uruguay,URY,2014,YR2014,99.7,100,56.7,506106.367870421,3.23879122952364,2.00617697761903,19.1768597874529,175020
Uruguay,URY,2015,YR2015,99.7,100,59.4,506220.61913583,0.370741257681345,2.04722838394224,19.2436121586104,175020
Uruguay,URY,2016,YR2016,99.7,100,60.3,513058.54792274,1.68979822971775,2.0209020670953,19.3079819449206,175020
Uruguay,URY,2017,YR2017,99.8,100,60.8,520577.373409223,1.74037643374211,1.89093027524777,19.3602902525426,175020
Uruguay,URY,2018,YR2018,99.8,100,60.8,520498.760360038,0.164777608940113,2.0241364499516,19.3951205576506,175020
Uruguay,URY,2019,YR2019,99.9,100,59.3,524917.628780828,0.928351141267498,2.10646631378845,19.4103873842989,175020
Uruguay,URY,2020,YR2020,100,100,61.2,486045.628849698,-7.35732706484723,2.03399973168326,19.4204548051651,175020
Uruguay,URY,2021,YR2021,100,100,57.8,514795.72349004,5.84427312558179,2.51768262973273,19.4074677179751,175020
Uruguay,URY,2022,YR2022,100,100,..,538807.81016794,4.48622703072073,2.38667285182486,19.3744314935436,175020
Uruguay,URY,2023,YR2023,100,100,..,543260.174417318,0.742128785315927,2.41753370123087,19.3582504856588,175020
Uruguay,URY,2024,YR2024,..,..,..,560393.028912876,3.10825478066172,2.56756948291319,..,..
Uruguay,URY,2025,YR2025,..,..,..,..,..,..,..,..
Uzbekistan,UZB,2011,YR2011,99.7,85.3,0.9,2944736.24298985,7.52513989422977,4.81134014423661,66.1372206631804,435809
Uzbekistan,UZB,2012,YR2012,99.7,85.2,1.3,3106600.12243906,7.10244488706317,4.20977063590157,67.1452569986232,435800
Uzbekistan,UZB,2013,YR2013,99.8,84.7,1.2,3281447.63680203,7.29655036969899,4.0848046860347,68.207469669955,435789
Uzbekistan,UZB,2014,YR2014,99.8,84.5,1.4,3449114.43370567,6.8738384408164,3.74415254822206,69.3523563008704,435789
Uzbekistan,UZB,2015,YR2015,99.9,84.2,1.7,3634795.98850005,7.21877350820803,3.49764512064744,69.7897094870631,440600
Uzbekistan,UZB,2016,YR2016,99.9,83.4,1.6,3784543.9335138,5.93215079993293,3.64421845300852,71.0059170523229,440591
Uzbekistan,UZB,2017,YR2017,100,83.2,1.7,3884504.22809791,4.39527463349263,3.71680877488413,72.2198017195203,440588
Uzbekistan,UZB,2018,YR2018,100,82.25,1.5,4030241.83222136,5.55919572919288,3.48417486035642,73.4780871882284,440587
Uzbekistan,UZB,2019,YR2019,100,81.95,1.6,4226307.51174415,6.77992399655236,3.49213238730726,74.8253929702307,440555
Uzbekistan,UZB,2020,YR2020,100,80.7,1,4212928.87498537,1.56334277260515,3.69033904584871,76.2200658118688,440650
Uzbekistan,UZB,2021,YR2021,99.9,79.8,1,4464057.60929837,8.03468312640049,3.9236623289729,77.7112512566577,440653
Uzbekistan,UZB,2022,YR2022,100,79,..,4637798.51323544,6.00134232203442,3.68952648984493,79.2892236957962,440652
Uzbekistan,UZB,2023,YR2023,100,78.1,..,4830947.80194729,6.29141635082311,3.72011269845735,80.9084466129581,440650
Uzbekistan,UZB,2024,YR2024,..,..,..,5044562.5553633,6.49999999997677,4.08501666540206,..,..
Uzbekistan,UZB,2025,YR2025,..,..,..,..,..,..,..,..
Vanuatu,VUT,2011,YR2011,42,12.9,35.8,233408.906084428,3.13980290023412,0.738066487592104,19.9732567678425,12190
Vanuatu,VUT,2012,YR2012,43.9,13,39,230642.510737977,1.01004768692042,0.593451541487366,20.4169811320755,12190
Vanuatu,VUT,2013,YR2013,31.7,13,40.9,226613.277166951,0.463390415135095,0.59336220243475,20.8762920426579,12190
Vanuatu,VUT,2014,YR2014,49.1,13.4,31.5,227305.564094682,2.5750403162878,0.673608976329542,21.3486464315012,12190
Vanuatu,VUT,2015,YR2015,52.3,13.7,35.6,231115.253230916,3.96591946444873,0.598269078282306,21.829450369155,12190
Vanuatu,VUT,2016,YR2016,57.8,14.3,33.1,233877.399508246,3.47154471544715,0.609731446191843,22.3205086136177,12190
Vanuatu,VUT,2017,YR2017,62.8,14.8,35.7,238568.509947685,4.41266598569969,0.597471517771546,22.8471698113208,12190
Vanuatu,VUT,2018,YR2018,61.6,15.5,29.7,239676.925180275,2.90023027256446,0.802078111470628,23.4010664479081,12190
Vanuatu,VUT,2019,YR2019,64.5,16.1,31.6,241745.295135024,3.24118765540442,0.750038529376509,23.9528301886792,12190
Vanuatu,VUT,2020,YR2020,67.3,17.2,26,224394.193898105,-4.99249142889525,0.841536783355306,24.5166529942576,12190
Vanuatu,VUT,2021,YR2021,70,18.1,24.6,215848.012868296,-1.55229489129462,0.95106385761178,25.0917145200984,12190
Vanuatu,VUT,2022,YR2022,71.6,19.3,25,221836.40742894,5.18622862422562,0.865368028979767,25.6805578342904,12190
Vanuatu,VUT,2023,YR2023,61.6,20.6,..,221276.555901988,2.093743250054,0.847978677253136,26.2845775225595,12190
Vanuatu,VUT,2024,YR2024,..,..,..,218340.518096145,0.942185362275907,0.869798674098549,..,..
Vanuatu,VUT,2025,YR2025,..,..,..,..,..,..,..,..
"Venezuela, RB",VEN,2011,YR2011,98.8,96.7,14.8,1748.39014025473,4.17642535923936,5.92634036716951,33.0879337906014,882050
"Venezuela, RB",VEN,2012,YR2012,99.3,96.5,13.8,1823.71993628749,5.62595697508632,6.55732695996789,33.5058398049997,882050
"Venezuela, RB",VEN,2013,YR2013,99.4,96.5,15.4,1826.07112899787,1.34309403607486,6.45112739625486,33.9121342327532,882050
"Venezuela, RB",VEN,2014,YR2014,100,96.3,12.1,1735.1252746999,-3.89438647450667,6.34368674716556,34.2997324414716,882050
"Venezuela, RB",VEN,2015,YR2015,100,96.1,15.4,1610.15167524212,-6.22137102671199,5.75436845431794,34.662402358143,882050
"Venezuela, RB",VEN,2016,YR2016,99.4,95.8,14.6,1327.45118731695,-17.0403345996548,5.29608278304555,34.8797913950456,882050
"Venezuela, RB",VEN,2017,YR2017,99.2,95.5,14.3,1126.76020092181,-15.6714088720003,4.97170927982669,34.6525967915651,882050
"Venezuela, RB",VEN,2018,YR2018,99.9,95.4,14.6,928.304816307667,-19.6553415972227,4.62269142706999,33.7935400487501,882050
"Venezuela, RB",VEN,2019,YR2019,99.8,94.9,15.8,691.732559062845,-27.6579678662627,4.15965140487118,32.8077750694405,882050
"Venezuela, RB",VEN,2020,YR2020,99.9,94.55,31.2,492.63273597639,-29.9985699155957,2.69531333359842,32.2476923076923,882050
"Venezuela, RB",VEN,2021,YR2021,100,94.4,33.7,500.972115421555,0.955433428579269,2.68692781094409,32.0138608922397,882050
"Venezuela, RB",VEN,2022,YR2022,100,93.9,..,541.530233068892,8.00091310654791,3.26104790565291,31.9857343688,882050
"Venezuela, RB",VEN,2023,YR2023,100,93.5,..,561.452573670604,4.00168591128376,3.40591488864612,32.0853171588912,882050
"Venezuela, RB",VEN,2024,YR2024,..,..,..,589.030649514107,5.29999999999984,3.39410515757435,..,..
"Venezuela, RB",VEN,2025,YR2025,..,..,..,..,..,..,..,..
Viet Nam,VNM,2011,YR2011,99,56.6,36.3,32955911.6499044,6.41316889681683,1.77200618969635,282.390144405715,313284
Viet Nam,VNM,2012,YR2012,97.9,62.3,37.9,34365206.9711353,5.5045447041189,1.74532095481779,285.558644407367,313457
Viet Nam,VNM,2013,YR2013,98.5,68.6,37.4,35848061.8043078,5.55351081026072,1.80141667663283,289.364162813695,313007.33
Viet Nam,VNM,2014,YR2014,99.2,74.5,36.7,37689878.2191166,6.42224312118567,1.95182181139621,292.559228518274,313371
Viet Nam,VNM,2015,YR2015,99.3,79.7,27.8,39826504.1430243,6.98715430598611,2.16344818077591,296.1974772084,313383
Viet Nam,VNM,2016,YR2016,99.2,84.4,26.8,41958923.0936808,6.69000892660424,2.38090235568537,299.948999160782,313387
Viet Nam,VNM,2017,YR2017,100,88.6,28.3,44316124.4761955,6.94019037359206,2.40871172027244,303.688787280275,313403
Viet Nam,VNM,2018,YR2018,100,91.7,24.3,47099601.7667533,7.46500685572751,2.93126723532271,307.046632570694,313429
Viet Nam,VNM,2019,YR2019,99.4,94.1,20.4,50078486.1956996,7.35926270105006,3.46316479458409,310.034412897339,313429
Viet Nam,VNM,2020,YR2020,99.8,95.9,18.9,51037897.0193586,2.86541320912272,3.5515331687432,312.923153250018,313429
Viet Nam,VNM,2021,YR2021,100,97.2,24.2,51888451.7605673,2.55372852648131,3.39788716841419,315.653937574379,313429
Viet Nam,VNM,2022,YR2022,100,98.1,..,55897197.4050532,8.53750046755788,3.45101965872917,318.032648542413,313429
Viet Nam,VNM,2023,YR2023,99.8,98.7,..,58335404.9705262,5.06502391455075,3.89354026267807,320.175197572656,313429
Viet Nam,VNM,2024,YR2024,..,..,..,62078954.4151145,7.09118746633975,4.26605675468195,..,..
Viet Nam,VNM,2025,YR2025,..,..,..,..,..,..,..,..
Virgin Islands (U.S.),VIR,2011,YR2011,100,..,1.2,44325.422476683,-8.20424555364315,0.00184689260319512,309.4,350
Virgin Islands (U.S.),VIR,2012,YR2012,100,..,2,37795.3192590675,-14.8125,0.00184863385957777,309.108571428571,350
Virgin Islands (U.S.),VIR,2013,YR2013,100,..,2.9,35468.0167714109,-6.28515529469308,0.00185114910080432,308.688571428571,350
Virgin Islands (U.S.),VIR,2014,YR2014,100,..,4.2,34889.972377227,-1.77453027139875,0.00185387738454979,308.234285714286,350
Virgin Islands (U.S.),VIR,2015,YR2015,100,..,5.6,34796.4943553179,-0.425079702444208,0.00185680332739156,307.748571428571,350
Virgin Islands (U.S.),VIR,2016,YR2016,100,..,5.7,35417.9843000112,1.6008537886873,0.00186018825105101,307.188571428571,350
Virgin Islands (U.S.),VIR,2017,YR2017,100,..,5.3,35234.5708932616,-0.735294117647058,0.00186426301022548,306.517142857143,350
Virgin Islands (U.S.),VIR,2018,YR2018,100,..,5.8,35990.3178474967,1.87830687830687,0.00186914140989337,305.717142857143,350
Virgin Islands (U.S.),VIR,2019,YR2019,100,..,6.2,37152.3122931686,2.90833549727343,0.0018749589852722,304.768571428571,350
Virgin Islands (U.S.),VIR,2020,YR2020,100,..,5.9,36682.6606454041,-1.61493817814787,0.00188164455734312,303.685714285714,350
Virgin Islands (U.S.),VIR,2021,YR2021,100,..,5.9,38178.8986492869,3.66760707873814,0.00188910928497214,302.485714285714,350
Virgin Islands (U.S.),VIR,2022,YR2022,100,..,5.9,37841.632436227,-1.31123206333498,0.00189729919459649,301.18,350
Virgin Islands (U.S.),VIR,2023,YR2023,100,..,..,..,..,0.00190626876483315,299.762857142857,350
Virgin Islands (U.S.),VIR,2024,YR2024,..,..,..,..,..,0.00191613094838901,..,..
Virgin Islands (U.S.),VIR,2025,YR2025,..,..,..,..,..,..,..,..
West Bank and Gaza,PSE,2011,YR2011,99.7,..,15.4,3128.10811061384,9.60080848913594,..,645.014285714286,6020
West Bank and Gaza,PSE,2012,YR2012,99.8,..,12.2,3237.91619995789,6.09645656326154,..,661.129235880399,6020
West Bank and Gaza,PSE,2013,YR2013,99.9,..,11.7,3309.63120243098,4.69856986552234,..,677.194019933555,6020
West Bank and Gaza,PSE,2014,YR2014,99.9,..,10.8,3227.84934482645,-0.157866650855297,..,693.255481727575,6020
West Bank and Gaza,PSE,2015,YR2015,99.9,..,11,3272.15432360708,3.72129967114788,..,709.317607973422,6020
West Bank and Gaza,PSE,2016,YR2016,100,..,12.3,3483.09903532972,8.86461881995935,..,725.429900332226,6020
West Bank and Gaza,PSE,2017,YR2017,99.9,..,10.5,3462.97986107136,1.41936756294787,..,740.000830564784,6020
West Bank and Gaza,PSE,2018,YR2018,100,..,12.7,3417.79440837962,1.22707737782703,..,758.984551495017,6020
West Bank and Gaza,PSE,2019,YR2019,100,..,13.9,3378.4346209191,1.36268746558062,..,778.290033222591,6020
West Bank and Gaza,PSE,2020,YR2020,100,..,15,2922.46801084844,-11.3184661065134,..,797.885215946844,6020
West Bank and Gaza,PSE,2021,YR2021,100,..,15.4,3051.48607007995,7.01198227592003,..,817.05377593361,6025
West Bank and Gaza,PSE,2022,YR2022,100,..,15.4,3099.9609010368,4.08276027347105,..,837.114024896266,6025
West Bank and Gaza,PSE,2023,YR2023,100,..,..,2888.76306072177,-4.55580428525744,..,857.390041493776,6025
West Bank and Gaza,PSE,2024,YR2024,..,..,..,2072.09019517685,-26.5575264529877,..,..,..
West Bank and Gaza,PSE,2025,YR2025,..,..,..,..,..,..,..,..
"Yemen, Rep.",YEM,2011,YR2011,62,59.1,0.9,12340.2732207571,-12.7148969035133,0.833886302805684,52.2433035967953,527970
"Yemen, Rep.",YEM,2012,YR2012,52.4,58.7,1.1,12257.5115636767,2.39299021364694,0.773829681433409,53.8546640907627,527970
"Yemen, Rep.",YEM,2013,YR2013,75.6,58.4,0.8,12463.3289509702,4.82351908493912,0.982094877377072,55.5201090971078,527970
"Yemen, Rep.",YEM,2014,YR2014,66.1,57.8,0.8,12063.9145222793,-0.188690241954504,0.938116526235472,57.2500501922458,527970
"Yemen, Rep.",YEM,2015,YR2015,67.4,57,2,8426.5531992791,-27.9945462502541,0.457400001457025,59.0173286360967,527970
"Yemen, Rep.",YEM,2016,YR2016,68.9,55.8,2.6,7410.70066626159,-9.37512379736752,0.331047266795208,60.8159743924844,527970
"Yemen, Rep.",YEM,2017,YR2017,79.2,55,3,6826.09924033242,-5.07179568062152,0.296939453573988,62.6757599863629,527970
"Yemen, Rep.",YEM,2018,YR2018,62,54.1,2.9,6676.84724992814,0.752447592962554,0.35186257770312,64.5589370608179,527970
"Yemen, Rep.",YEM,2019,YR2019,72.8,52.7,3,..,..,0.351518230200281,66.5026573479554,527970
"Yemen, Rep.",YEM,2020,YR2020,73.9,51.3,3.5,..,..,0.313196150764429,68.4411292308275,527970
"Yemen, Rep.",YEM,2021,YR2021,74.9,50.1,3.7,..,..,0.302074058238196,70.3453415913783,527970
"Yemen, Rep.",YEM,2022,YR2022,76,48.8,..,..,..,0.287369793942245,72.395924010834,527970
"Yemen, Rep.",YEM,2023,YR2023,83.6,47.3,..,..,..,0.269743195612762,74.6080250771824,527970
"Yemen, Rep.",YEM,2024,YR2024,..,..,..,..,..,0.260706631942251,..,..
"Yemen, Rep.",YEM,2025,YR2025,..,..,..,..,..,..,..,..
Zambia,ZMB,2011,YR2011,28.3,15.8,87.9,7108.43364873697,5.56925219263019,0.239454830917406,19.4215633785765,743390
Zambia,ZMB,2012,YR2012,29.2,15.4,85.4,7404.45640695501,7.59738104901994,0.289620990303567,20.0616486635548,743390
Zambia,ZMB,2013,YR2013,30.1,15.1,85.3,7533.75158784692,5.05753695047252,0.307539510527861,20.7145603249976,743390
Zambia,ZMB,2014,YR2014,27.9,14.5,84.6,7641.05649998128,4.69328316376705,0.346397664972352,21.3822018052435,743390
Zambia,ZMB,2015,YR2015,31.1,14,84,7622.61854911575,2.92037511217961,0.356605174836236,22.0598730141648,743390
Zambia,ZMB,2016,YR2016,35.4,13.3,84,7667.89535770744,3.75510031678988,0.374035815469437,22.7530946071376,743390
Zambia,ZMB,2017,YR2017,40.3,12.8,83.5,7698.44254907312,3.52586277149926,0.46088254788055,23.4618706197285,743390
Zambia,ZMB,2018,YR2018,40.2,12.1,83.8,7771.86519271715,4.03449389667165,0.506471474864007,24.1778460834824,743390
Zambia,ZMB,2019,YR2019,43,11.5,86.1,7653.81448439732,1.44130602603785,0.487959304388463,24.9046113076582,743390
Zambia,ZMB,2020,YR2020,44.6,10.9,85.4,7227.67037463676,-2.78505506545167,0.500068339000267,25.6384872005273,743390
Zambia,ZMB,2021,YR2021,46.7,10.2,83,7465.15388724126,6.23492204726448,0.49379688135964,26.3705551594721,743390
Zambia,ZMB,2022,YR2022,47.8,9.7,..,7640.08965342919,5.21122360356247,0.524548827570452,27.1095091405588,743390
Zambia,ZMB,2023,YR2023,51.1,9.2,..,7828.39038282491,5.36794285493059,0.548090097623693,27.8776483407095,743390
Zambia,ZMB,2024,YR2024,..,..,..,7902.09253070942,3.82004825518591,0.542961477377669,..,..
Zambia,ZMB,2025,YR2025,..,..,..,..,..,..,..,..
Zimbabwe,ZWE,2011,YR2011,36.9,30.3,77.2,3453.67350808625,14.1939156801139,1.16578931263931,35.1439162466072,386850
Zimbabwe,ZWE,2012,YR2012,44,30,77,3964.37365568267,16.6654290410337,0.922261124294909,35.7189789324027,386850
Zimbabwe,ZWE,2013,YR2013,40.6,30.1,79.3,3986.71744325311,1.98948554025198,0.907590570671441,36.2254310456249,386850
Zimbabwe,ZWE,2014,YR2014,32.3,29.8,80.8,4025.87793410443,2.37698561663417,0.886871374194176,36.7257567532635,386850
Zimbabwe,ZWE,2015,YR2015,33.7,29.9,80.8,4042.99361352059,1.77985356392176,0.881442359972868,37.2211787514541,386850
Zimbabwe,ZWE,2016,YR2016,42.5,29.9,81.7,4017.39197854509,0.75579405855224,0.771813225130946,37.7414863642239,386850
Zimbabwe,ZWE,2017,YR2017,44,29.9,82,4147.31830897752,4.73441117758482,0.714789054258429,38.2899883675843,386850
Zimbabwe,ZWE,2018,YR2018,45.4,30.1,79.7,4290.79667818953,5.00992154297603,0.816285156253118,38.8637766576192,386850
Zimbabwe,ZWE,2019,YR2019,46.7,30.1,81,3956.73311650927,-6.33244976028571,0.731473434469001,39.4762000775494,386850
Zimbabwe,ZWE,2020,YR2020,52.7,30.3,84.1,3587.41277711284,-7.81695060188729,0.584444223465771,40.13671448882,386850
Zimbabwe,ZWE,2021,YR2021,49,30.3,82.4,3824.60932025339,8.46801676808001,0.68892544949393,40.8354917926845,386850
Zimbabwe,ZWE,2022,YR2022,50.1,30.5,..,3990.7376201813,6.13926327570213,0.719220842842293,41.5382086079876,386850
Zimbabwe,ZWE,2023,YR2023,62,30.7,..,4134.35496696555,5.3508687909833,0.76899436270709,42.24071862479,386850
Zimbabwe,ZWE,2024,YR2024,..,..,..,4132.16050884515,1.74239524880791,0.772821434267465,..,..
Zimbabwe,ZWE,2025,YR2025,..,..,..,..,..,..,..,..
Africa Eastern and Southern,AFE,2011,YR2011,28.909756234127,16.1231984574132,62.8052791594478,..,4.07747696614018,1.06523535264226,44.1254633537399,12345207.089
Africa Eastern and Southern,AFE,2012,YR2012,31.6734274619175,16.5997340024117,61.4099642987411,..,1.89717291956102,1.0733508354952,37.6965165566856,14845137.22
Africa Eastern and Southern,AFE,2013,YR2013,31.7235735731483,17.0610493136786,60.8017990466951,..,4.35668249727492,1.08764447453486,38.7469753050245,14845099.378
Africa Eastern and Southern,AFE,2014,YR2014,31.8719561283579,17.6341502067647,61.2358816947099,..,3.92038970191821,1.09673469389234,39.809154639038,14845052.485
Africa Eastern and Southern,AFE,2015,YR2015,33.9222756622758,18.1458333903852,61.6702780479896,..,2.93402965863687,1.04629121620399,40.8971995109358,14845106.175
Africa Eastern and Southern,AFE,2016,YR2016,38.8595976583714,18.6851183805539,61.8228841937413,..,2.13011703002091,1.02549175379521,41.9915537679033,14845113.959
Africa Eastern and Southern,AFE,2017,YR2017,40.2237441730368,19.2056324304616,61.4269497576408,..,2.67752389715308,1.0130084445419,43.1158195866339,14845102.033
Africa Eastern and Southern,AFE,2018,YR2018,43.0350733507835,19.7427723256188,61.5875298317964,..,2.70519413363353,0.998509432404654,44.3109394118317,14845117.114
Africa Eastern and Southern,AFE,2019,YR2019,44.3908605333639,20.3326789734798,62.6907096127666,..,2.03007686221603,0.984697077678186,45.5334654681731,14845129.446
Africa Eastern and Southern,AFE,2020,YR2020,46.2823709455637,20.8628000665566,65.7823798017466,..,-2.81757208724623,0.897581461901748,46.7795135824364,14845090.229
Africa Eastern and Southern,AFE,2021,YR2021,48.1272110400485,21.4196207400075,..,..,4.57877206871177,0.899169592257325,48.0354728061518,14845090.229
Africa Eastern and Southern,AFE,2022,YR2022,48.8012579607658,21.9964562319101,..,..,3.72271692296214,0.858131540848484,49.2972007384894,14845090.229
Africa Eastern and Southern,AFE,2023,YR2023,50.6675157944854,22.5414402127635,..,..,1.9311603523693,0.838104192853686,..,..
Africa Eastern and Southern,AFE,2024,YR2024,..,..,..,..,2.76383869054277,0.837679788408201,..,..
Africa Eastern and Southern,AFE,2025,YR2025,..,..,..,..,..,..,..,..
Africa Western and Central,AFW,2011,YR2011,46.0619669218462,7.44953029220942,79.282287064176,..,4.92204702375463,0.472250947112022,41.4325954201849,9045780
Africa Western and Central,AFW,2012,YR2012,44.1865003474968,7.95470756255725,78.4812300030604,..,5.12970299383294,0.468177383760881,42.601118864266,9045780
Africa Western and Central,AFW,2013,YR2013,47.1945030733476,8.53206596157449,76.7014987422216,..,6.04669213138413,0.498386225371945,43.780658715998,9045780
Africa Western and Central,AFW,2014,YR2014,47.7673605462369,9.23632232818544,75.7410088804396,..,5.6915512073646,0.511575107019229,44.992476823447,9045780
Africa Western and Central,AFW,2015,YR2015,46.8624182524845,10.2293177427588,76.181670524591,..,2.93286367242145,0.501555690461132,46.2235257766605,9045780
Africa Western and Central,AFW,2016,YR2016,51.0451271925992,11.3670393876637,75.7968398295924,..,0.194316483405615,0.513155585290625,47.4757006029331,9045780
Africa Western and Central,AFW,2017,YR2017,48.9007280475057,12.7875838072298,76.1016805879549,..,2.29634886599959,0.490150552582322,48.7390701520488,9045780
Africa Western and Central,AFW,2018,YR2018,51.3358293517534,14.4886617182289,75.4765777368905,..,2.90466430784954,0.506406830322649,49.9897095662287,9045780
Africa Western and Central,AFW,2019,YR2019,51.2915769115352,16.4039349690026,75.0787881678252,..,3.28168276850104,0.516134318686947,51.2245254219844,9045773
Africa Western and Central,AFW,2020,YR2020,51.8560428463068,18.3176434655596,75.846980103796,..,-3.73062984236253,0.498326745083038,52.4631237583976,9045770
Africa Western and Central,AFW,2021,YR2021,54.368598708444,20.1306504282424,..,..,2.54969083217036,0.52634914230718,53.7180180179184,9045773
Africa Western and Central,AFW,2022,YR2022,55.6866829669796,21.777317719367,..,..,4.47279468511532,0.521524499284441,54.9855916127898,9045773
Africa Western and Central,AFW,2023,YR2023,57.0692665803595,23.0651743187298,..,..,3.66242752919044,0.494008435504324,..,..
Africa Western and Central,AFW,2024,YR2024,..,..,..,..,4.5856736208091,0.50201616410249,..,..
Africa Western and Central,AFW,2025,YR2025,..,..,..,..,..,..,..,..
Arab World,ARB,2011,YR2011,87.1726942320297,84.9244031500054,4.65946283874801,..,3.85320358755794,4.56520875403576,33.1221072734311,11232828
Arab World,ARB,2012,YR2012,86.8478669651407,85.4363986856634,4.44428218260031,..,5.49375422924652,4.77443109767095,29.0844280794096,13100831
Arab World,ARB,2013,YR2013,88.9616299190749,85.7756561671883,4.48323739439238,..,2.64732060879508,4.75135321426347,29.8423825738577,13100639
Arab World,ARB,2014,YR2014,88.4067767085653,86.1069557322926,4.35137245136187,..,2.6597523137165,4.81372596274567,30.550772641086,13100520
Arab World,ARB,2015,YR2015,88.6616431398725,86.3040919190782,4.21496941236506,..,3.35080366726505,4.80405395156763,31.3110035717644,13100528
Arab World,ARB,2016,YR2016,89.1861710572826,86.4793431723936,4.29077756155343,..,3.57286827951262,4.75246713161632,32.0451442075354,13100529
Arab World,ARB,2017,YR2017,90.3510669396465,86.6379522000933,4.3581617981618,..,1.32901000226768,4.73116992781887,32.6945464038478,13100530
Arab World,ARB,2018,YR2018,88.6898406472267,86.6601694019868,4.50425823426351,..,2.67255324455269,4.61885878026092,33.2809532562352,13100528
Arab World,ARB,2019,YR2019,89.9289963083413,86.744828031453,4.70633158020559,..,1.74778112240244,4.57737026452394,33.9131958947659,13100544
Arab World,ARB,2020,YR2020,90.2417769685806,86.7608769963874,5.17060073389405,..,-5.30102786914752,4.36164535072922,34.6339103040644,13100549
Arab World,ARB,2021,YR2021,90.4340947732985,86.6893216166095,..,..,4.43160883511413,4.49856109572882,35.1623623846891,13100559
Arab World,ARB,2022,YR2022,90.6545179070033,86.763430122317,..,..,7.00775934349392,4.51655911861293,35.9918336255039,13096083.709
Arab World,ARB,2023,YR2023,91.6454299444509,86.8229669353075,..,..,1.63495022269882,4.55256379383056,..,..
Arab World,ARB,2024,YR2024,..,..,..,..,1.70353102787844,4.57571631886073,..,..
Arab World,ARB,2025,YR2025,..,..,..,..,..,..,..,..
Caribbean small states,CSS,2011,YR2011,94.1276818467132,96.4731134912774,8.84632068164214,..,0.886353024582334,11.278360679697,10.5415707584225,398527.61
Caribbean small states,CSS,2012,YR2012,95.2543113839721,96.5608907293343,7.93956806787505,..,4.03485699947825,10.6508420944342,10.610168264126,398527.61
Caribbean small states,CSS,2013,YR2013,95.5637395418446,96.6247383905139,6.8601581027668,..,1.37522571423916,10.4297831543079,10.6835308098227,398527.61
Caribbean small states,CSS,2014,YR2014,95.8432196458407,96.7029961418821,6.01613766730402,..,2.59149738961506,10.4323620929298,10.7559574103285,398527.61
Caribbean small states,CSS,2015,YR2015,96.2001948453372,96.7431580335687,6.1973602484472,..,-0.100918343775831,10.3162562807256,10.8253252516181,398527.61
Caribbean small states,CSS,2016,YR2016,96.6656867832991,96.7846443707497,6.68268450932684,..,-3.08019901728429,9.75370928698628,10.8934309469801,398527.61
Caribbean small states,CSS,2017,YR2017,97.0542900594117,96.8152174002666,7.41293833131802,..,-0.745458058997372,9.31910108242063,10.9556775752626,398527.61
Caribbean small states,CSS,2018,YR2018,97.0878277080481,96.8253044814276,7.1973830973831,..,1.21087866602529,9.21371394967577,11.059856053637,398527.61
Caribbean small states,CSS,2019,YR2019,97.3685903913769,96.8535261146749,5.88822815533981,..,0.875117819991502,9.57560586739,11.1488737254616,398527.61
Caribbean small states,CSS,2020,YR2020,97.9333626877032,96.8179657488997,6.28843567906768,..,-9.0291630332097,8.74085226791099,11.1894430601684,398527.61
Caribbean small states,CSS,2021,YR2021,98.174699090255,96.8005600594932,..,..,6.53181248270917,8.53848494597321,11.2392890419813,398527.61
Caribbean small states,CSS,2022,YR2022,98.3064221501297,96.7487530990748,..,..,14.8851030062619,8.59213618807687,11.2848141186504,398527.61
Caribbean small states,CSS,2023,YR2023,99.168477538461,96.685309422501,..,..,8.83833676011841,8.14450926391357,..,..
Caribbean small states,CSS,2024,YR2024,..,..,..,..,13.3129250895082,8.13172771454883,..,..
Caribbean small states,CSS,2025,YR2025,..,..,..,..,..,..,..,..
Central Europe and the Baltics,CEB,2011,YR2011,99.0682987223746,100,14.7499600707318,..,3.60060363619606,7.29945689539269,94.3426815032299,1104209
Central Europe and the Baltics,CEB,2012,YR2012,99.2028356897417,100,15.6926044784711,..,0.837956413944042,7.05399470144635,94.1348819123649,1104048.7
Central Europe and the Baltics,CEB,2013,YR2013,99.3084773841306,100,16.6612114024685,..,0.667866777557364,6.8403502548835,93.7188941593356,1105114
Central Europe and the Baltics,CEB,2014,YR2014,99.410769462163,100,17.0702957655506,..,3.26201255415126,6.68351960958198,93.3954139880869,1105841
Central Europe and the Baltics,CEB,2015,YR2015,99.5384709863299,100,17.1594982078853,..,4.00166179134685,6.80725105793823,93.1179707001656,1105835.6
Central Europe and the Baltics,CEB,2016,YR2016,99.6459138297945,100,16.8577627377285,..,2.80726176295552,6.92630565139744,92.8247588904212,1105825
Central Europe and the Baltics,CEB,2017,YR2017,99.8736866830469,100,16.4703987047156,..,5.1071317914476,7.21192322255358,92.6047341774741,1105100.1
Central Europe and the Baltics,CEB,2018,YR2018,99.8763758983526,100,18.1476863313142,..,4.95337799401428,7.20834934578621,92.3692084301826,1105067.4
Central Europe and the Baltics,CEB,2019,YR2019,99.9480349626799,100,18.8601539560352,..,4.03229063844108,6.8563164746062,92.1854556712536,1104992.9
Central Europe and the Baltics,CEB,2020,YR2020,99.98058396497,100,19.6977838168354,..,-3.30111999071748,6.45697745715754,91.5975668995432,1105004.93
Central Europe and the Baltics,CEB,2021,YR2021,99.9870121182289,100,..,..,6.57225386036488,7.0248875583285,90.6877587931935,1104953.23
Central Europe and the Baltics,CEB,2022,YR2022,100,100,..,..,4.04227221314891,6.77183501445676,90.5708010536644,1104902.13
Central Europe and the Baltics,CEB,2023,YR2023,100,100,..,..,0.70736329484285,6.09126991078499,..,..
Central Europe and the Baltics,CEB,2024,YR2024,..,..,..,..,2.0701601704917,5.93471167460506,..,..
Central Europe and the Baltics,CEB,2025,YR2025,..,..,..,..,..,..,..,..
Early-demographic dividend,EAR,2011,YR2011,81.1499828644284,47.3647252842715,24.0855008274837,..,4.95235981152094,2.13572777035487,90.4444620157787,33318534.71
Early-demographic dividend,EAR,2012,YR2012,82.0524632421742,49.1346617365335,23.7687952198121,..,4.23032506652108,2.21417129401198,91.8072245321802,33318395.71
Early-demographic dividend,EAR,2013,YR2013,83.7993125754694,51.2121744745033,24.0275019293983,..,4.03077677401183,2.20096155382828,93.1523170525683,33318304.71
Early-demographic dividend,EAR,2014,YR2014,84.7520088398511,52.9684725401812,23.4924369677916,..,3.98571115342467,2.27180089363971,94.4506290925745,33316877.91
Early-demographic dividend,EAR,2015,YR2015,86.8271544642577,55.2571061801681,23.2788830905664,..,4.24282022448064,2.27042313979255,95.7429697331358,33321702.01
Early-demographic dividend,EAR,2016,YR2016,88.3494481253503,57.426478985939,23.2789953267586,..,4.13628805469052,2.27572767470134,97.0256299345761,33321440.11
Early-demographic dividend,EAR,2017,YR2017,90.5086728796454,59.5459658374306,22.9476250496601,..,4.4871113513677,2.34041885787167,98.2755925064534,33315092.41
Early-demographic dividend,EAR,2018,YR2018,91.9927109222765,61.7312098497205,23.0553629444334,..,3.60797948282917,2.34914194747078,99.4817619661395,33315104.01
Early-demographic dividend,EAR,2019,YR2019,92.7976553013368,63.8794312906402,23.4235915027361,..,2.26986665615696,2.34551136850619,100.705896897962,33314978.53
Early-demographic dividend,EAR,2020,YR2020,93.4557810564296,66.0584266650385,24.9895503831566,..,-4.30295004163716,2.20669817747014,101.937460447807,33315046.03
Early-demographic dividend,EAR,2021,YR2021,95.2423338887017,68.1126984948592,..,..,7.50999857340686,2.33798703980314,102.970775558914,33330098.5
Early-demographic dividend,EAR,2022,YR2022,95.1575744950744,69.9427819751172,..,..,6.02119005770159,2.41944100399443,104.215136704616,33302694.251
Early-demographic dividend,EAR,2023,YR2023,95.7044381043822,71.8113902892427,..,..,4.59507205032629,2.48578818948767,..,..
Early-demographic dividend,EAR,2024,YR2024,..,..,..,..,3.66894359356225,2.53315300809076,..,..
Early-demographic dividend,EAR,2025,YR2025,..,..,..,..,..,..,..,..
East Asia & Pacific,EAS,2011,YR2011,96.0189473952987,59.8871002149955,12.7263364615484,..,5.45100196166661,6.21926979429324,91.2047609541949,24459540.847
East Asia & Pacific,EAS,2012,YR2012,96.2092457835614,62.5357303539811,12.7952806131987,..,5.20891395964568,6.34131468170175,91.9505053157009,24459695.847
East Asia & Pacific,EAS,2013,YR2013,96.4756466990083,65.2330700808929,12.807588042962,..,5.27881586451304,6.51542193314512,92.6875501269335,24459294.683
East Asia & Pacific,EAS,2014,YR2014,96.6375595761929,68.0788185931607,13.1772220799983,..,4.79835612587867,6.52225101968073,93.3939861708619,24459664.221
East Asia & Pacific,EAS,2015,YR2015,96.9500599621312,70.5809942604462,12.9820393664344,..,4.7187640804806,6.42689753242251,94.0667650140412,24459693.8
East Asia & Pacific,EAS,2016,YR2016,97.0343965831866,73.0430431028612,13.3311956056945,..,4.65562872024383,6.41015459262032,94.6937276463779,24469160.9
East Asia & Pacific,EAS,2017,YR2017,97.6915359289014,75.523172177934,13.5844394239657,..,5.0621276153982,6.50728334868125,95.3640917843833,24469121.2
East Asia & Pacific,EAS,2018,YR2018,97.66096406877,77.8183135320775,13.7870493058758,..,4.79489718189352,6.7326608826646,95.9404015370252,24469110.9
East Asia & Pacific,EAS,2019,YR2019,97.8752477120245,79.7718190041413,14.2375892668268,..,4.04297018230737,6.8464646686446,96.4380766594786,24469195.9
East Asia & Pacific,EAS,2020,YR2020,97.7976042617313,81.7442101916121,14.8081424064458,..,-0.0574924656287692,6.80323279009124,96.83193149878,24469416.703
East Asia & Pacific,EAS,2021,YR2021,98.1534049450822,83.3660114813536,..,..,6.34482611371077,7.05688175402826,97.005135071124,24484453.47
East Asia & Pacific,EAS,2022,YR2022,98.2139059282726,84.8268678976187,..,..,2.9996184966993,7.06418419646893,97.3339735826834,24447960.259
East Asia & Pacific,EAS,2023,YR2023,98.4044624957692,86.205219816791,..,..,4.20566738267351,7.28175538742866,..,..
East Asia & Pacific,EAS,2024,YR2024,..,..,..,..,3.79010550023051,7.35284092689504,..,..
East Asia & Pacific,EAS,2025,YR2025,..,..,..,..,..,..,..,..
East Asia & Pacific (excluding high income),EAP,2011,YR2011,95.5816815305151,55.6500637929087,14.7055801193074,..,8.58482682972515,5.65774152841963,124.425348644058,15986345.947
East Asia & Pacific (excluding high income),EAP,2012,YR2012,95.7951654492221,58.6014785121759,14.7136828117177,..,7.57914812749358,5.78131370124571,125.517256762924,15986378.947
East Asia & Pacific (excluding high income),EAP,2013,YR2013,96.0928535168264,61.6035280955815,14.6049166091883,..,7.31754182442093,5.97762312203748,126.602516818691,15985860.383
East Asia & Pacific (excluding high income),EAP,2014,YR2014,96.2740993565598,64.7632419542567,14.8403680079479,..,7.02297626347401,6.02446626280268,127.633880213556,15986223.921
East Asia & Pacific (excluding high income),EAP,2015,YR2015,96.6218250728069,67.539475180093,14.5349935193322,..,6.6614246586106,5.93749878650864,128.613801730869,15986238.4
East Asia & Pacific (excluding high income),EAP,2016,YR2016,96.7165341917277,70.2677839723321,14.9330102136904,..,6.51009063718404,5.92120471537406,129.581742367703,15985941.4
East Asia & Pacific (excluding high income),EAP,2017,YR2017,97.4453072983769,73.0157947159141,15.1598217902853,..,6.66672230599954,6.03063050404931,130.567654797603,15985877.4
East Asia & Pacific (excluding high income),EAP,2018,YR2018,97.4123829747175,75.5547846027561,15.2617412584325,..,6.53713724894706,6.30349613208098,131.409868337961,15985853
East Asia & Pacific (excluding high income),EAP,2019,YR2019,97.650096061791,77.7140508600294,15.6869369882801,..,5.88586101772282,6.46382495043622,132.134925461608,15985856
East Asia & Pacific (excluding high income),EAP,2020,YR2020,97.5651849682476,79.894584845175,16.1762699381612,..,1.34522560098827,6.47851984777322,132.732163470285,15986074.803
East Asia & Pacific (excluding high income),EAP,2021,YR2021,97.9599209910295,81.692449244824,..,..,7.71979646853708,6.74065000258692,133.025368143379,16001111.47
East Asia & Pacific (excluding high income),EAP,2022,YR2022,98.0273720891056,83.3048333335027,..,..,3.54811147025219,6.77992863279642,133.338264665834,16001111.259
East Asia & Pacific (excluding high income),EAP,2023,YR2023,98.2376383007189,84.8209492500933,..,..,5.25527986417276,7.05574473677688,..,..
East Asia & Pacific (excluding high income),EAP,2024,YR2024,..,..,..,..,4.96144388249684,7.14637561812689,..,..
East Asia & Pacific (excluding high income),EAP,2025,YR2025,..,..,..,..,..,..,..,..
East Asia & Pacific (IDA & IBRD countries),TEA,2011,YR2011,96.4018892391827,56.2826084410723,14.7046669134649,..,8.58476796444963,5.70529464116961,123.785798668121,15866415.947
East Asia & Pacific (IDA & IBRD countries),TEA,2012,YR2012,96.5865908716016,59.2612022730177,14.7099408406947,..,7.57909022403884,5.83187286125212,124.878776695313,15866448.947
East Asia & Pacific (IDA & IBRD countries),TEA,2013,YR2013,96.8583126264425,62.292307844699,14.5828878425143,..,7.31729025308712,6.03524365552768,125.964807846466,15865930.383
East Asia & Pacific (IDA & IBRD countries),TEA,2014,YR2014,97.0127423122849,65.48072427121,14.8262934267536,..,7.02298938584751,6.08045545163767,126.996322772836,15866293.921
East Asia & Pacific (IDA & IBRD countries),TEA,2015,YR2015,97.3350470103173,68.2810508516685,14.5102816361425,..,6.66143007471555,5.99670790153029,127.975847866414,15866308.4
East Asia & Pacific (IDA & IBRD countries),TEA,2016,YR2016,97.4026392373466,71.0340454852691,14.9020380294471,..,6.50996577419185,5.97844881963991,128.943356299366,15866011.4
East Asia & Pacific (IDA & IBRD countries),TEA,2017,YR2017,98.1121893727336,73.8066416796618,15.1902273112057,..,6.66644763513351,6.07097834515506,129.92920605548,15865947.4
East Asia & Pacific (IDA & IBRD countries),TEA,2018,YR2018,98.051229750632,76.3656952569493,15.2801719188239,..,6.53695468640676,6.35078087847344,130.770644859426,15865923
East Asia & Pacific (IDA & IBRD countries),TEA,2019,YR2019,98.2647901194399,78.5419907167146,15.7206717226655,..,5.88576805304417,6.50982542987854,131.494477158156,15865926
East Asia & Pacific (IDA & IBRD countries),TEA,2020,YR2020,98.1521712499121,80.7403366094,16.2041019103429,..,1.34509522212088,6.52688671659682,132.090022057767,15866144.803
East Asia & Pacific (IDA & IBRD countries),TEA,2021,YR2021,98.5259377999818,82.5485831341568,..,..,7.71948799394286,6.79804477264612,132.37999364036,15881181.47
East Asia & Pacific (IDA & IBRD countries),TEA,2022,YR2022,98.5687468444318,84.1759836820185,..,..,3.54808390633295,6.83682797672911,132.689192865033,15881181.259
East Asia & Pacific (IDA & IBRD countries),TEA,2023,YR2023,98.7474424069608,85.7011387493324,..,..,5.25522126120326,7.11350044632207,..,..
East Asia & Pacific (IDA & IBRD countries),TEA,2024,YR2024,..,..,..,..,4.96151507087529,7.20519624032874,..,..
East Asia & Pacific (IDA & IBRD countries),TEA,2025,YR2025,..,..,..,..,..,..,..,..
Euro area,EMU,2011,YR2011,99.9961207318092,100,13.4342559883708,..,1.7775447306567,7.58047142633389,124.440506773543,2735181.46
Euro area,EMU,2012,YR2012,100,100,14.8828725196823,..,-0.920856755560266,7.45895568615715,124.694484115971,2735491.16
Euro area,EMU,2013,YR2013,100,100,15.7039596875564,..,-0.166724880410968,7.27448342994735,124.827568074068,2736891.66
Euro area,EMU,2014,YR2014,100,100,16.3222210722072,..,1.45587546223307,6.90178072599978,125.043363443323,2736879.06
Euro area,EMU,2015,YR2015,100,100,16.3384695385984,..,2.14365367393994,7.03213884990114,125.417955535534,2736294.66
Euro area,EMU,2016,YR2016,100,100,16.3515161082474,..,1.80158112775391,7.00635992812743,125.74801921269,2736687.06
Euro area,EMU,2017,YR2017,100,100,16.5781248896323,..,2.62262590499378,7.00817593902876,126.028700924669,2735965.51
Euro area,EMU,2018,YR2018,100,100,17.5470865076425,..,1.77991130879937,6.81157336036356,126.404243914838,2736178.939
Euro area,EMU,2019,YR2019,100,100,18.1354055105348,..,1.62263181033828,6.4810670393849,126.636297354644,2736155.496
Euro area,EMU,2020,YR2020,100,100,19.8074872686191,..,-6.05674425052126,5.81024558611911,126.815416504565,2736151.105
Euro area,EMU,2021,YR2021,100,100,..,..,6.43713755486188,6.18401448949253,126.88812174621,2736325.404
Euro area,EMU,2022,YR2022,100,100,..,..,3.6592192433758,6.04271643704466,127.254378609524,2736252.841
Euro area,EMU,2023,YR2023,100,100,..,..,0.473405522226571,5.51904385053362,..,..
Euro area,EMU,2024,YR2024,..,..,..,..,0.911910157337687,5.40358907236461,..,..
Euro area,EMU,2025,YR2025,..,..,..,..,..,..,..,..
Europe & Central Asia,ECS,2011,YR2011,99.6639027646677,97.2571693494436,10.7258330443851,..,2.329134382958,7.92228942818556,32.5449107135017,27439300.813
Europe & Central Asia,ECS,2012,YR2012,99.8281916228155,97.3335924753934,11.5800703095476,..,0.315139388356499,7.81794464786281,32.6724784754048,27439439.915
Europe & Central Asia,ECS,2013,YR2013,99.8495213726873,97.4117318285191,12.2761565609349,..,0.864284116119563,7.61127328943691,32.7945810832271,27440727.775
Europe & Central Asia,ECS,2014,YR2014,99.8761371074327,97.4794369712531,12.4321725847963,..,1.93001148495546,7.27216695620345,32.9282209173702,27440324.616
Europe & Central Asia,ECS,2015,YR2015,99.1677802593579,97.5305786695354,12.8744480605886,..,2.07593452180194,7.22572544584635,33.0676117815085,27444603.257
Europe & Central Asia,ECS,2016,YR2016,99.8289902167753,97.5471890079039,12.8866548739741,..,1.90557078805695,7.20080051889222,33.2148080937239,27444958.087
Europe & Central Asia,ECS,2017,YR2017,99.9641487037409,97.5986226882698,12.8819075023182,..,2.9545404517369,7.26693038972036,33.3427486883178,27444222.807
Europe & Central Asia,ECS,2018,YR2018,99.9707833919463,97.608840942813,13.4797382823169,..,2.15902408385477,7.24714310074158,33.4737570087959,27445059.536
Europe & Central Asia,ECS,2019,YR2019,99.9534523781205,97.6207110840802,14.0059727126658,..,1.82337861520314,7.04136821125575,33.5921361078478,27444880.553
Europe & Central Asia,ECS,2020,YR2020,99.9760274293182,97.6307515638654,15.106449203531,..,-5.38089471565053,6.61671651844625,33.6602835989001,27440780.892
Europe & Central Asia,ECS,2021,YR2021,99.9881931172392,97.6097133151123,..,..,6.79965905280595,7.09224433105547,33.6861718876024,27440964.948
Europe & Central Asia,ECS,2022,YR2022,99.9977315530878,97.6024998094723,..,..,3.39087777130349,6.85506904958575,33.681255334732,27440618.285
Europe & Central Asia,ECS,2023,YR2023,100,97.5905438280326,..,..,1.0463748073376,6.62998652120757,..,..
Europe & Central Asia,ECS,2024,YR2024,..,..,..,..,1.56624845618092,6.61841731411843,..,..
Europe & Central Asia,ECS,2025,YR2025,..,..,..,..,..,..,..,..
Europe & Central Asia (excluding high income),ECA,2011,YR2011,99.6174754229201,89.4735199723224,7.06633152811845,..,8.32799694953145,5.8400494288861,39.271769960237,5907257
Europe & Central Asia (excluding high income),ECA,2012,YR2012,99.6946321116735,89.8087786616818,7.4990959908438,..,4.06057081666242,5.75096653814929,39.5912341231034,5907247
Europe & Central Asia (excluding high income),ECA,2013,YR2013,99.728652515568,90.1537641057953,8.04245729281583,..,6.51713885377283,5.66418623848333,39.9347430774236,5907266
Europe & Central Asia (excluding high income),ECA,2014,YR2014,99.7847724120663,90.4566030909137,7.75696722378988,..,3.18257259715762,5.27685510918522,40.2969932431231,5906131
Europe & Central Asia (excluding high income),ECA,2015,YR2015,99.7676589877916,90.6906992684554,8.89374944135576,..,3.41612672689462,4.94184733439809,40.616709392448,5910951
Europe & Central Asia (excluding high income),ECA,2016,YR2016,99.8659600305289,90.7937149591135,9.05362050305208,..,2.78383354652402,5.09254482303989,40.9788296619889,5910959
Europe & Central Asia (excluding high income),ECA,2017,YR2017,99.9182925529991,91.0284644205042,8.68104031424437,..,6.0030089975849,5.23354010943634,41.3314112003313,5910968
Europe & Central Asia (excluding high income),ECA,2018,YR2018,99.9420709286303,91.1065711237585,9.10455322874983,..,3.7617712262191,5.25258078297865,41.6847494495179,5911046.3
Europe & Central Asia (excluding high income),ECA,2019,YR2019,99.9657744725899,91.1968231424015,10.0324286162535,..,2.5819078238094,5.06146841130229,42.0532363737648,5910999.9
Europe & Central Asia (excluding high income),ECA,2020,YR2020,99.9774302018769,91.2794070563474,10.0604471757322,..,0.276088024593619,5.0718908381966,42.3768883435545,5907730.6
Europe & Central Asia (excluding high income),ECA,2021,YR2021,99.9616464835516,91.2481861715818,..,..,9.28042104515383,5.39013877576093,42.6331333883906,5907793
Europe & Central Asia (excluding high income),ECA,2022,YR2022,99.9915875475848,91.1755024472711,..,..,3.07901753477167,5.05570589189862,42.4043438180885,5907752
Europe & Central Asia (excluding high income),ECA,2023,YR2023,100,91.0639492671102,..,..,5.03672042034297,5.1226828851112,..,..
Europe & Central Asia (excluding high income),ECA,2024,YR2024,..,..,..,..,3.98239471295983,5.14330822839246,..,..
Europe & Central Asia (excluding high income),ECA,2025,YR2025,..,..,..,..,..,..,..,..
Europe & Central Asia (IDA & IBRD countries),TEC,2011,YR2011,99.3269244879236,94.4385474404054,6.04948456107391,..,5.86393596651764,8.32514377671604,19.3537254278879,22985051
Europe & Central Asia (IDA & IBRD countries),TEC,2012,YR2012,99.6546769524838,94.5982060819685,6.28402287149414,..,3.45489344885198,8.19895293752689,19.4450039136596,22984881
Europe & Central Asia (IDA & IBRD countries),TEC,2013,YR2013,99.6978833009023,94.7634360707729,6.84165697411543,..,3.35044910694158,7.971160080974,19.5401591479624,22984900
Europe & Central Asia (IDA & IBRD countries),TEC,2014,YR2014,99.7515903233231,94.9066956143422,6.52584380803076,..,2.2711234014202,7.69953642014405,19.6413354713615,22983795
Europe & Central Asia (IDA & IBRD countries),TEC,2015,YR2015,98.3318925466179,95.0136822147691,6.91555148923036,..,1.42626319605841,7.54369514350509,19.7342063886841,22988615
Europe & Central Asia (IDA & IBRD countries),TEC,2016,YR2016,99.6574040765117,95.0505016188185,7.04015093233689,..,1.86129267860605,7.5726728181622,19.8321144333003,22988623
Europe & Central Asia (IDA & IBRD countries),TEC,2017,YR2017,99.9282316965341,95.1587030045879,6.75633843243037,..,4.37116063202008,7.74132779696737,19.9233397185183,22988632
Europe & Central Asia (IDA & IBRD countries),TEC,2018,YR2018,99.941528994937,95.1812693900644,7.25779989922942,..,3.80424428454795,7.8853669963775,20.0075287890585,22988690.3
Europe & Central Asia (IDA & IBRD countries),TEC,2019,YR2019,99.9069194604741,95.2097368046776,7.59012527634488,..,2.81601440145778,7.78796203330391,20.094026148344,22988583.9
Europe & Central Asia (IDA & IBRD countries),TEC,2020,YR2020,99.9520668153849,95.2308180277034,8.02684416318492,..,-1.45793346533829,7.57594627546517,20.1364207482837,22985330.6
Europe & Central Asia (IDA & IBRD countries),TEC,2021,YR2021,99.9763873001269,95.1877417611059,..,..,7.5909039335849,8.18396124059086,20.1477953165238,22985363
Europe & Central Asia (IDA & IBRD countries),TEC,2022,YR2022,99.9954427619778,95.1512774990179,..,..,1.95197902081506,7.89342522267662,20.053774732316,22985312
Europe & Central Asia (IDA & IBRD countries),TEC,2023,YR2023,100,95.099482626202,..,..,3.82595823256764,7.96850253119139,..,..
Europe & Central Asia (IDA & IBRD countries),TEC,2024,YR2024,..,..,..,..,3.80534822218806,8.09651480999445,..,..
Europe & Central Asia (IDA & IBRD countries),TEC,2025,YR2025,..,..,..,..,..,..,..,..
European Union,EUU,2011,YR2011,99.7801178323542,100,14.6250037786311,..,1.96060087405088,7.50585258859823,110.484964567195,3995241.16
European Union,EUU,2012,YR2012,99.8125886995878,100,16.0530317099573,..,-0.764417073931995,7.34621232551448,110.644954271132,3995390.86
European Union,EUU,2013,YR2013,99.8381173752727,100,16.7974520279699,..,-0.0330405739034489,7.14912584618353,110.695507497063,3996781.36
European Union,EUU,2014,YR2014,99.8626029552248,100,17.4415753867716,..,1.63272217207495,6.82268606570061,110.798657268447,3997528.76
European Union,EUU,2015,YR2015,99.8929116032593,100,17.6122764341327,..,2.37195304560174,6.94479495177865,111.034208891564,3996905.3
European Union,EUU,2016,YR2016,99.9182637194093,100,17.523235814157,..,1.91998029828646,6.9487174244534,111.244316879376,3997297.7
European Union,EUU,2017,YR2017,99.9709724278479,100,17.6857102209371,..,2.81811045546294,6.99426005138854,111.42564117038,3996576.15
European Union,EUU,2018,YR2018,99.9717275681447,100,18.7249884796166,..,2.04642012743825,6.83042110399552,111.672659926438,3996769.579
European Union,EUU,2019,YR2019,99.9881556120147,100,19.3440009483852,..,1.87524696216217,6.50775335523423,111.821235691404,3996650.996
European Union,EUU,2020,YR2020,99.9956022901904,100,21.0591470733795,..,-5.57888055659984,5.90418586587991,111.811112231477,3996659.635
European Union,EUU,2021,YR2021,99.9970834145942,100,..,..,6.37775013900981,6.31585659075614,111.646373360122,3996792.234
European Union,EUU,2022,YR2022,100,100,..,..,3.56155233245134,6.14634944277267,111.893131950813,3996694.571
European Union,EUU,2023,YR2023,100,100,..,..,0.454322708045169,5.59079756161286,..,..
European Union,EUU,2024,YR2024,..,..,..,..,1.06455789818658,5.46920331874023,..,..
European Union,EUU,2025,YR2025,..,..,..,..,..,..,..,..
Fragile and conflict affected situations,FCS,2011,YR2011,47.8710522136076,23.660891415401,52.1356585553803,..,0.44761198193153,1.21869046887716,45.1665423094469,17955155.089
Fragile and conflict affected situations,FCS,2012,YR2012,48.8909209673482,24.0470719531819,51.8676545525319,..,5.63256722854435,1.23575832186166,40.6290796216564,20454945.22
Fragile and conflict affected situations,FCS,2013,YR2013,50.5937760008476,24.4116195417039,52.4531809927011,..,3.31354139494103,1.21863114716486,41.6240481507428,20454640.378
Fragile and conflict affected situations,FCS,2014,YR2014,49.9837325368256,24.817913255704,53.73093929142,..,1.67655954670576,1.14849049667801,42.5990696716156,20454563.485
Fragile and conflict affected situations,FCS,2015,YR2015,50.0432237711859,25.3381849188672,57.6932200867948,..,0.167306320259854,1.03672192003412,43.5534678248018,20454617.175
Fragile and conflict affected situations,FCS,2016,YR2016,54.1757718946072,25.9686991799338,58.0264070642556,..,0.474197451324514,1.02629946323434,44.5302624176423,20454324.959
Fragile and conflict affected situations,FCS,2017,YR2017,54.5377495544254,26.778920460763,58.2811879395165,..,1.30184507279765,0.998297443716717,45.5270131066182,20454293.033
Fragile and conflict affected situations,FCS,2018,YR2018,54.5154686576955,27.6615657602898,57.5039867109635,..,1.45548612659789,1.00897442614816,46.535393078334,20454358.114
Fragile and conflict affected situations,FCS,2019,YR2019,55.4514164250793,28.6699780422712,58.3619072174114,..,0.815291636433273,0.979214232814166,47.5710181630295,20454370.446
Fragile and conflict affected situations,FCS,2020,YR2020,56.3010490504136,29.6528779413526,61.665418044345,..,-7.41318835322815,0.863542738256697,48.6401896042009,20454301.229
Fragile and conflict affected situations,FCS,2021,YR2021,57.8332255929662,30.5881649612332,..,..,1.53090680703163,0.879987461304143,49.716034688003,20454306.229
Fragile and conflict affected situations,FCS,2022,YR2022,57.9458706435872,31.3143118230977,..,..,1.62071663646515,0.820161424665418,50.6796378484564,20449830.938
Fragile and conflict affected situations,FCS,2023,YR2023,58.950109305747,31.8483348148047,..,..,2.14545491630651,0.824129825469762,..,..
Fragile and conflict affected situations,FCS,2024,YR2024,..,..,..,..,2.00694502217955,0.816322798408814,..,..
Fragile and conflict affected situations,FCS,2025,YR2025,..,..,..,..,..,..,..,..
Heavily indebted poor countries (HIPC),HPC,2011,YR2011,29.1718396828583,10.1633052024293,78.8967629817918,..,4.57034247802935,0.253348481318633,37.4730548761782,17526820.089
Heavily indebted poor countries (HIPC),HPC,2012,YR2012,31.8979660493501,10.6814715817813,77.8546208866133,..,4.05986356692397,0.262552622765853,34.8236049284709,19394820.22
Heavily indebted poor countries (HIPC),HPC,2013,YR2013,32.8873110453621,11.14829478809,77.654981472332,..,5.7671668343436,0.266164836993418,35.8149382891725,19394782.378
Heavily indebted poor countries (HIPC),HPC,2014,YR2014,35.3432938741151,11.7141381374473,77.378161792632,..,5.4603033592272,0.270645454189192,36.8537865109223,19394735.485
Heavily indebted poor countries (HIPC),HPC,2015,YR2015,35.4532334232963,12.2824012895682,76.5530574120486,..,4.90684629199932,0.285864008153473,37.9189176723804,19394789.175
Heavily indebted poor countries (HIPC),HPC,2016,YR2016,40.5879143859095,12.8550820637897,76.0862841962469,..,4.32522802984808,0.295907080431569,39.025674597164,19394796.959
Heavily indebted poor countries (HIPC),HPC,2017,YR2017,41.4761400082642,13.4565353008574,75.9193473348398,..,5.0460102323685,0.300292678646809,40.1855427979159,19394785.033
Heavily indebted poor countries (HIPC),HPC,2018,YR2018,43.9780559155511,14.0576046634429,75.2520183545811,..,4.19381222105785,0.308247041522024,41.3523557492643,19394800.114
Heavily indebted poor countries (HIPC),HPC,2019,YR2019,45.0224569328403,14.7177132245491,74.8448133256749,..,4.20482798138602,0.314489417112082,42.5190680719139,19394805.446
Heavily indebted poor countries (HIPC),HPC,2020,YR2020,46.3405988685198,15.3136631204171,76.0353291030768,..,-0.0187133746473904,0.302159978831705,43.7099075657914,19394763.229
Heavily indebted poor countries (HIPC),HPC,2021,YR2021,48.0199412207435,15.9316237425643,..,..,4.3943156092006,0.319865647623617,44.9054154980091,19394766.229
Heavily indebted poor countries (HIPC),HPC,2022,YR2022,48.7171277289385,16.5804409338906,..,..,4.87387497765388,0.322431223423067,46.0900782945962,19394766.229
Heavily indebted poor countries (HIPC),HPC,2023,YR2023,50.5311127498598,17.1919491768213,..,..,3.46266952839525,0.315254506603433,..,..
Heavily indebted poor countries (HIPC),HPC,2024,YR2024,..,..,..,..,5.14470675657981,0.317474893320628,..,..
Heavily indebted poor countries (HIPC),HPC,2025,YR2025,..,..,..,..,..,..,..,..
High income,HIC,2011,YR2011,99.7844276068209,99.9742880688811,9.52836321852016,..,2.03552867246736,11.6290748362743,25.6796475001584,51969469.713
High income,HIC,2012,YR2012,99.8951446927905,99.9752190460045,9.90988310752564,..,1.48305392455038,11.421655702911,25.83096050615,51969743.815
High income,HIC,2013,YR2013,99.8987384599918,99.9768952715045,10.3849989396956,..,1.61400125208043,11.3783041822641,25.9788439668636,51971130.075
High income,HIC,2014,YR2014,99.9172074403547,99.9782274929106,10.5213333961469,..,2.1571968834577,11.1698293613756,26.1199986091246,51971528.916
High income,HIC,2015,YR2015,99.4412560088473,99.9792294650328,10.6050781624931,..,2.34425804200285,11.0721969761307,26.2841461617825,51971009.657
High income,HIC,2016,YR2016,99.8749399241358,99.9806126022756,10.7845732962853,..,1.8460914027705,10.9111577833737,26.4381447156711,51981121.587
High income,HIC,2017,YR2017,99.9597217667473,99.9819882521146,11.0890197580437,..,2.49707966959029,10.8502663525044,26.5546210258502,51980402.607
High income,HIC,2018,YR2018,99.9626510693694,99.9826301362506,11.4686788378903,..,2.38261992266793,10.8835072079214,26.6462181721644,51981233.136
High income,HIC,2019,YR2019,99.949609679301,99.9836587579654,11.7839130112794,..,1.89457512942988,10.6106389694881,26.7360259861526,51981184.553
High income,HIC,2020,YR2020,99.9683059772885,99.9847103060995,12.7831808525723,..,-3.89094841671781,9.76984082667433,26.8076797283675,51980361.192
High income,HIC,2021,YR2021,99.9798909354785,99.9853664607529,..,..,5.85360693187751,10.3129033485025,26.8671396607836,51803597.948
High income,HIC,2022,YR2022,99.9797997493664,99.9861254687034,..,..,3.04532150391606,10.2078833994944,27.0170529053769,51745159.285
High income,HIC,2023,YR2023,99.9884002141209,99.9872831266949,..,..,1.82733765954541,9.79473569623866,..,..
High income,HIC,2024,YR2024,..,..,..,..,1.95000793704465,9.75537667524803,..,..
High income,HIC,2025,YR2025,..,..,..,..,..,..,..,..
IBRD only,IBD,2011,YR2011,92.5084956175417,62.0506551990597,15.9538657957954,..,6.34809790701479,4.44440748797947,63.3392420682377,70780016.947
IBRD only,IBD,2012,YR2012,92.7691494735879,64.076110538995,15.8795392491567,..,5.46189671640676,4.54474059723218,64.0307817392054,70780028.947
IBRD only,IBD,2013,YR2013,93.7820283085729,66.3197115491645,16.0171385968997,..,5.21438331423154,4.61934254688742,64.7357474909755,70779418.383
IBRD only,IBD,2014,YR2014,94.4238714593445,68.4430773538079,16.003291533954,..,4.78033001559585,4.63888659864221,65.4228881635228,70779630.921
IBRD only,IBD,2015,YR2015,95.1768053412642,70.7178025788658,16.0209177851331,..,4.31724520804923,4.56688539173153,66.0751142241427,70779651.4
IBRD only,IBD,2016,YR2016,95.8363715979019,72.895550261228,16.2845965537743,..,4.44236398168836,4.54358113250659,66.7079526735412,70779671.4
IBRD only,IBD,2017,YR2017,96.6040591336246,75.0941606364217,16.3923000534023,..,5.16244544363352,4.61557484280718,67.3384457700949,70773439.4
IBRD only,IBD,2018,YR2018,97.7498443251445,77.2571703477183,16.6268066421204,..,4.86060185522661,4.74748004665205,67.9205648201147,70773584.3
IBRD only,IBD,2019,YR2019,97.8771993471199,79.2364077803898,17.0666276982215,..,3.99080401565344,4.79938714812623,68.4589690843195,70773414.92
IBRD only,IBD,2020,YR2020,98.0570730806839,81.2498280906558,18.0085051596372,..,-1.2820422988441,4.67944517377764,68.9313972651106,70770315.423
IBRD only,IBD,2021,YR2021,99.1094167920247,83.0530088193925,..,..,7.62576674177033,4.93041084851231,69.2969708257201,70785381.49
IBRD only,IBD,2022,YR2022,98.9686574577803,84.6202879321422,..,..,3.77001425774095,4.94841494972312,69.6229837797061,70784043.321
IBRD only,IBD,2023,YR2023,99.0885820346684,86.1766536777162,..,..,4.81760583401356,5.10747444291865,..,..
IBRD only,IBD,2024,YR2024,..,..,..,..,4.35176424289571,5.17495566173683,..,..
IBRD only,IBD,2025,YR2025,..,..,..,..,..,..,..,..
IDA & IBRD total,IBT,2011,YR2011,81.9189102960738,51.0750725532773,21.5080308989151,..,6.17762293228954,3.48328637512489,63.6624484007281,93567230.646
IDA & IBRD total,IBT,2012,YR2012,82.4356902701651,52.6668269708922,21.3971364601676,..,5.30303202015641,3.54624468576332,62.8619301980065,96067023.777
IDA & IBRD total,IBT,2013,YR2013,83.3593364046462,54.4119980786282,21.5681055110978,..,5.21895806023119,3.59473215579815,63.7107627610086,96066294.371
IDA & IBRD total,IBT,2014,YR2014,83.9395090540728,56.076910123568,21.5287778759064,..,4.82633192142498,3.60407395361954,64.5561787737467,96065286.016
IDA & IBRD total,IBT,2015,YR2015,84.8020928694012,57.8819744796607,21.6163623919511,..,4.2485578828191,3.54191026153099,65.3794503123962,96069358.185
IDA & IBRD total,IBT,2016,YR2016,86.1979701404555,59.6227312704156,21.8132582722264,..,4.34774011294105,3.52284057394031,66.2039448504935,96069103.969
IDA & IBRD total,IBT,2017,YR2017,87.1780648108782,61.3849854106503,21.8333716725747,..,5.07269308321443,3.57143680422469,67.0396174172364,96062777.043
IDA & IBRD total,IBT,2018,YR2018,88.2029739724979,63.1443567613566,21.9590062576992,..,4.82305890086465,3.65766167839556,67.8520171826622,96062853.024
IDA & IBRD total,IBT,2019,YR2019,88.5717841906219,64.7830259180125,22.4318628279228,..,3.98606377777533,3.68479689250317,68.6449514027532,96062657.446
IDA & IBRD total,IBT,2020,YR2020,88.9116377393905,66.4214542326934,23.435247290857,..,-1.32167856256848,3.583732027338,69.3993312422842,96059576.262
IDA & IBRD total,IBT,2021,YR2021,90.0199738356034,67.8899466733014,..,..,7.35278447207351,3.76095803726674,70.0772904413303,96074648.329
IDA & IBRD total,IBT,2022,YR2022,89.9613796377975,69.1660918799731,..,..,3.82613307769597,3.75729634484102,70.7232305099167,96074858.869
IDA & IBRD total,IBT,2023,YR2023,90.3146248872835,70.4090416656501,..,..,4.68849828972198,3.85120364940695,..,..
IDA & IBRD total,IBT,2024,YR2024,..,..,..,..,4.34846625464446,3.8871840999761,..,..
IDA & IBRD total,IBT,2025,YR2025,..,..,..,..,..,..,..,..
IDA blend,IDB,2011,YR2011,68.0498486783031,23.5690443587775,60.1995707840284,..,4.19641282006262,0.877700872154449,106.36032982086,4898296.61
IDA blend,IDB,2012,YR2012,67.7534282751763,24.3744302871574,62.2040325368952,..,4.50072409149726,0.825252648140717,108.809489445231,4898287.61
IDA blend,IDB,2013,YR2013,69.2012849039335,25.1593662612926,61.9371685909771,..,5.67251913506919,0.841567797238397,111.149837248575,4898276.61
IDA blend,IDB,2014,YR2014,68.4749901174028,26.0037420336089,61.535451528507,..,5.74572820998239,0.847091995315993,113.482474604471,4898276.61
IDA blend,IDB,2015,YR2015,68.7868324940631,27.2036674964735,61.7521936459909,..,3.83520190776083,0.835069747645758,115.689153675963,4903087.61
IDA blend,IDB,2016,YR2016,72.5460349141719,28.539851744017,60.4836460271951,..,2.26871058517055,0.873396941246111,117.979685012637,4903078.61
IDA blend,IDB,2017,YR2017,71.6466137332559,29.9636373391436,59.7969449026188,..,2.77873930269396,0.878420598139865,120.337543397582,4903075.61
IDA blend,IDB,2018,YR2018,73.151878223369,31.7404014506388,60.0455922831853,..,3.86333443843708,0.846151144302452,122.770294331703,4903074.61
IDA blend,IDB,2019,YR2019,73.9089088089712,33.8468072263773,60.7067624481493,..,3.02295777419029,0.837924410402502,125.231895343451,4903042.61
IDA blend,IDB,2020,YR2020,74.4924621989682,35.8293548872337,60.0736911684857,..,-3.29396031642257,0.857468769394705,127.763150420736,4903137.61
IDA blend,IDB,2021,YR2021,76.4698873250238,37.8595266691453,..,..,4.29411724945791,0.898352013194244,130.364672327845,4903140.61
IDA blend,IDB,2022,YR2022,77.0721324965067,39.7101906744718,..,..,4.79819828416285,0.885663927587803,132.954794448531,4903139.61
IDA blend,IDB,2023,YR2023,77.9201343756954,41.4111736806163,..,..,2.82562013423187,0.828158040447366,..,..
IDA blend,IDB,2024,YR2024,..,..,..,..,4.05581991807422,0.841413342708494,..,..
IDA blend,IDB,2025,YR2025,..,..,..,..,..,..,..,..
IDA only,IDX,2011,YR2011,39.5865729644305,14.6119250416601,69.9942562944391,..,4.23955328462343,0.353221628114475,53.2498372182488,17888917.089
IDA only,IDX,2012,YR2012,42.3080291510044,15.2054128155774,69.2375680788855,..,2.37913187875185,0.355573778567836,47.7655485211288,20388707.22
IDA only,IDX,2013,YR2013,42.9979384611427,15.7060002546749,70.0688971913976,..,4.86685793413926,0.345425559552506,48.7554670907223,20388599.378
IDA only,IDX,2014,YR2014,44.5118966979033,16.3059010935753,69.5857709069388,..,4.99599221130495,0.359567345749938,49.7921471241083,20387378.485
IDA only,IDX,2015,YR2015,46.705998397654,16.9494923183568,69.2695625897768,..,3.01768618246332,0.368017394726911,50.864452516561,20386619.175
IDA only,IDX,2016,YR2016,50.6602264813623,17.647088480948,68.2872983784982,..,4.19959381491357,0.392533245080816,52.0015998511586,20386353.959
IDA only,IDX,2017,YR2017,54.1427240952534,18.4023860343818,67.1926478978048,..,5.21800165910943,0.419683865147058,53.1835769718324,20386262.033
IDA only,IDX,2018,YR2018,54.9412739063695,19.2002251543849,66.0568216095439,..,4.86177080819164,0.433057442694291,54.4056735061853,20386194.114
IDA only,IDX,2019,YR2019,56.734623782158,20.0014880949813,66.1344154982874,..,4.82215447558036,0.439836223152672,55.681005468268,20386199.916
IDA only,IDX,2020,YR2020,58.2365188467346,20.8270494352824,67.3560634206125,..,-0.368060971666011,0.425895721273194,56.9864757487285,20386123.229
IDA only,IDX,2021,YR2021,59.7411600659608,21.6268431560058,..,..,3.66758077651031,0.445241834459747,58.2868067553552,20386126.229
IDA only,IDX,2022,YR2022,60.2901358794059,22.4512095194179,..,..,4.30600397002799,0.437910812532837,59.576784263874,20387675.938
IDA only,IDX,2023,YR2023,61.9201921189084,23.2318360451068,..,..,3.25506752972092,0.43006382401365,..,..
IDA only,IDX,2024,YR2024,..,..,..,..,4.54306460750762,0.431642350059554,..,..
IDA only,IDX,2025,YR2025,..,..,..,..,..,..,..,..
IDA total,IDA,2011,YR2011,49.6621142107405,17.7826010395654,64.9875878296829,..,4.21798662977142,0.540185765462539,64.6663688445888,22787213.699
IDA total,IDA,2012,YR2012,51.3189495560506,18.4524157895021,65.6347840271434,..,3.43953249646631,0.523097322432122,59.5902347483495,25286994.83
IDA total,IDA,2013,YR2013,52.2817303551995,19.0553084392383,65.9170351063927,..,5.27366946982421,0.522494406049151,60.8417716261234,25286875.988
IDA total,IDA,2014,YR2014,53.0005784584853,19.7412624663145,65.5180418773844,..,5.37559610535621,0.533513406827025,62.1300849868292,25285655.095
IDA total,IDA,2015,YR2015,54.5223994493809,20.579370849977,65.4970691927081,..,3.43306198935964,0.534503449197551,63.4324586140116,25289706.785
IDA total,IDA,2016,YR2016,58.3948761048664,21.4966930103065,64.3516706620498,..,3.2147069999364,0.563606902773194,64.7933355771926,25289432.569
IDA total,IDA,2017,YR2017,60.3179355432412,22.4810892761589,63.4625486644428,..,3.98520904781638,0.582520847186094,66.2033317611789,25289337.643
IDA total,IDA,2018,YR2018,61.3544488370868,23.6164621364183,63.0596732632859,..,4.36301999279465,0.579402142652935,67.6601823751493,25289268.724
IDA total,IDA,2019,YR2019,62.769644320149,24.8667145182392,63.4454503938806,..,3.92770153634206,0.580563345521785,69.1654337294484,25289242.526
IDA total,IDA,2020,YR2020,63.9370743593769,26.0879852784621,63.7525629244284,..,-1.8099801648997,0.578149500588761,70.708813372764,25289260.839
IDA total,IDA,2021,YR2021,65.598211852635,27.3102204088474,..,..,3.97167918662413,0.60483434455045,72.2614273728886,25289266.839
IDA total,IDA,2022,YR2022,66.1569043335557,28.4847255843692,..,..,4.54563835706816,0.595370118961047,73.8026057901326,25290815.548
IDA total,IDA,2023,YR2023,67.5014937828868,29.5733818936272,..,..,3.04547759770905,0.569774412726846,..,..
IDA total,IDA,2024,YR2024,..,..,..,..,4.30577432199132,0.575129107745758,..,..
IDA total,IDA,2025,YR2025,..,..,..,..,..,..,..,..
Late-demographic dividend,LTE,2011,YR2011,98.6260218375387,69.7080482424862,13.4939401643027,..,7.17018280493483,6.6771694357772,49.2573421756937,44524759.947
Late-demographic dividend,LTE,2012,YR2012,98.7121889212507,71.796462937997,13.5583905267186,..,5.88596134899939,6.7996309470761,49.6199977803342,44524782.947
Late-demographic dividend,LTE,2013,YR2013,98.8979674454125,73.9016228287233,13.6510906148841,..,5.63982052422607,6.98819757369364,49.9715537391357,44525435.383
Late-demographic dividend,LTE,2014,YR2014,99.0043394238424,76.1865550515488,13.7969449361474,..,5.29102448059173,6.99220864732356,50.3332211354391,44525704.921
Late-demographic dividend,LTE,2015,YR2015,98.7802217306047,78.1170575186487,13.7947562846974,..,4.70788934981915,6.89029215736923,50.6711186110935,44524904.4
Late-demographic dividend,LTE,2016,YR2016,99.1163496922603,79.9927004216327,14.1053604502349,..,4.45093232964513,6.85735322133352,51.0016007577816,44524912.4
Late-demographic dividend,LTE,2017,YR2017,99.2721123074965,81.9282209018955,14.3601698499908,..,5.26220866778336,6.95412251368193,51.3399364854318,44524210.4
Late-demographic dividend,LTE,2018,YR2018,99.2806763593238,83.7269255342653,14.7113402854056,..,5.43978541970205,7.19363947293177,51.6205889989605,44524754.3
Late-demographic dividend,LTE,2019,YR2019,99.3289771232339,85.2001138497893,15.1930553100861,..,4.74705579855315,7.32180660373432,51.8561187728491,44524698.37
Late-demographic dividend,LTE,2020,YR2020,99.3868589990754,86.6985571261654,15.8291260683112,..,0.23606472189222,7.29083625551967,52.0231339026125,44521586.403
Late-demographic dividend,LTE,2021,YR2021,99.4116181588713,87.8967564690471,..,..,7.59265524240509,7.65511518182686,52.1123508775933,44521646
Late-demographic dividend,LTE,2022,YR2022,99.4771148303382,88.9653604235263,..,..,3.28700376545592,7.60831064813456,52.1949557628276,44521535.789
Late-demographic dividend,LTE,2023,YR2023,99.457096381276,89.9592765680458,..,..,4.42804951199685,7.85165600850428,..,..
Late-demographic dividend,LTE,2024,YR2024,..,..,..,..,4.48755005392181,7.95718091721217,..,..
Late-demographic dividend,LTE,2025,YR2025,..,..,..,..,..,..,..,..
Latin America & Caribbean,LCN,2011,YR2011,96.1841031200508,85.9658893840537,28.4958595093532,..,4.39655404168934,2.94234816753586,29.6351277053727,20046710.61
Latin America & Caribbean,LCN,2012,YR2012,96.569234553016,86.3509813444776,27.9411911085897,..,2.64401559051115,3.05046654190152,29.9513839091708,20046496.61
Latin America & Caribbean,LCN,2013,YR2013,96.8646822286805,86.6412327742482,27.7426663261076,..,2.71578850232505,3.07651164763731,30.2674745867114,20044067.61
Latin America & Caribbean,LCN,2014,YR2014,97.0540254170861,87.0430398631233,27.7215959010541,..,1.19550821220653,3.05718932785295,30.5757421465663,20043647.61
Latin America & Caribbean,LCN,2015,YR2015,97.2847276074314,87.4008066221983,28.2446666189275,..,0.238232860625814,3.01161034623996,30.8759165980304,20043727.61
Latin America & Caribbean,LCN,2016,YR2016,97.4783821342287,87.6782766828718,28.8850327404841,..,-0.729799173418968,2.92485125500611,31.1688358715504,20043667.61
Latin America & Caribbean,LCN,2017,YR2017,97.7105992174177,87.9480532943132,29.4068241645848,..,1.55329227272067,2.87877740028326,31.4524540545887,20043427.61
Latin America & Caribbean,LCN,2018,YR2018,97.756715207991,88.2167571926768,30.252639118551,..,1.21791319664719,2.77811814725285,31.7199328465571,20043487.61
Latin America & Caribbean,LCN,2019,YR2019,97.9982113870485,88.4782015326547,30.6248117743588,..,0.312079320235867,2.76052351195346,31.9787636490052,20043375.63
Latin America & Caribbean,LCN,2020,YR2020,98.1499942926254,88.6903827852008,34.1964972995889,..,-6.86063404728556,2.45399184970519,32.2050635539579,20043375.63
Latin America & Caribbean,LCN,2021,YR2021,98.2756305609279,88.8775210450793,..,..,7.06404255272612,2.64468503466273,32.3915533982336,20043375.63
Latin America & Caribbean,LCN,2022,YR2022,98.5788786006825,89.0197186234126,..,..,4.08489707535256,2.64191212344237,32.5868308076724,20042087.672
Latin America & Caribbean,LCN,2023,YR2023,98.4226177260082,89.1755849668465,..,..,2.2495421023623,2.65941898658185,..,..
Latin America & Caribbean,LCN,2024,YR2024,..,..,..,..,2.25365117533336,2.67617254674823,..,..
Latin America & Caribbean,LCN,2025,YR2025,..,..,..,..,..,..,..,..
Latin America & Caribbean (excluding high income),LAC,2011,YR2011,95.9136719967164,84.5913383410016,29.923684115234,..,4.4260068185209,2.67131910935761,29.5492418539098,17896320.61
Latin America & Caribbean (excluding high income),LAC,2012,YR2012,96.2882383879193,85.0291539220921,29.3509779416994,..,2.3429427855651,2.75901329395072,29.8670136274965,17896106.61
Latin America & Caribbean (excluding high income),LAC,2013,YR2013,96.6272723274953,85.3483907246117,28.8753991496002,..,2.76886473638966,2.79263311284798,30.1848912097394,17893677.61
Latin America & Caribbean (excluding high income),LAC,2014,YR2014,96.7821493871975,85.8039328683409,29.1503479276468,..,1.26970326025739,2.79099302998038,30.4949995687283,17893477.61
Latin America & Caribbean (excluding high income),LAC,2015,YR2015,97.0444842543207,86.2111737391096,29.3653339575074,..,0.252853446703966,2.76452896455709,30.7974052455631,17893557.61
Latin America & Caribbean (excluding high income),LAC,2016,YR2016,97.2783725152738,86.5345444334672,30.0701319995524,..,-0.536114860487686,2.69240967712686,31.0973457581053,17893497.61
Latin America & Caribbean (excluding high income),LAC,2017,YR2017,97.5494520001496,86.8532662526943,30.6421659951186,..,1.98152090808898,2.66478435717252,31.4060855350308,17893257.61
Latin America & Caribbean (excluding high income),LAC,2018,YR2018,97.5550235798694,87.167159267958,31.4749268035603,..,1.54415671756763,2.57248439958884,31.7276580583473,17893257.61
Latin America & Caribbean (excluding high income),LAC,2019,YR2019,97.83219501534,87.4927539617591,31.7254596724351,..,0.597515256905496,2.56748999526312,32.0408546856498,17893145.63
Latin America & Caribbean (excluding high income),LAC,2020,YR2020,97.9857774825804,87.7513296337921,34.931181287891,..,-6.54995286111402,2.32921585657966,32.3079863627087,17893145.63
Latin America & Caribbean (excluding high income),LAC,2021,YR2021,98.1210875680183,87.9694755104989,..,..,6.90270247216083,2.53612268795096,32.5199516637478,17893145.63
Latin America & Caribbean (excluding high income),LAC,2022,YR2022,98.4626020716217,88.1523850110297,..,..,3.94705326197962,2.50120011340175,32.7327006919195,17891857.672
Latin America & Caribbean (excluding high income),LAC,2023,YR2023,98.2687443423624,88.3437913675645,..,..,2.16624377428548,2.53734435160177,..,..
Latin America & Caribbean (excluding high income),LAC,2024,YR2024,..,..,..,..,1.97324501012739,2.55474969632605,..,..
Latin America & Caribbean (excluding high income),LAC,2025,YR2025,..,..,..,..,..,..,..,..
Latin America & the Caribbean (IDA & IBRD countries),TLA,2011,YR2011,96.1182240318495,85.9014677282242,28.7713961731801,..,4.56493996774476,2.951519665377,29.0267758338296,19918569.61
Latin America & the Caribbean (IDA & IBRD countries),TLA,2012,YR2012,96.5092457202988,86.2697176663649,28.2092931078232,..,2.71601812049479,3.06052733127104,29.3456982827995,19918569.61
Latin America & the Caribbean (IDA & IBRD countries),TLA,2013,YR2013,96.8091782999087,86.5493107846977,28.0091335892334,..,2.80431557598942,3.08721245647022,29.6612633119693,19918569.61
Latin America & the Caribbean (IDA & IBRD countries),TLA,2014,YR2014,97.0005516962811,86.9448202625699,27.9234565266568,..,1.24740654236351,3.06942816928259,29.9735385054324,19918349.61
Latin America & the Caribbean (IDA & IBRD countries),TLA,2015,YR2015,97.2323920529293,87.2955551456013,28.4881357094781,..,0.187808812059515,3.01706290599413,30.2781963771345,19918349.61
Latin America & the Caribbean (IDA & IBRD countries),TLA,2016,YR2016,97.4280893456675,87.5701343308668,29.1484835734771,..,-0.74776428360714,2.93220733620069,30.5756789555618,19918349.61
Latin America & the Caribbean (IDA & IBRD countries),TLA,2017,YR2017,97.6633402843345,87.8351618632681,29.6408830785882,..,1.62111189870491,2.88515928444545,30.8648395091605,19918349.61
Latin America & the Caribbean (IDA & IBRD countries),TLA,2018,YR2018,97.7078847938323,88.1009986682024,30.4953793252595,..,1.30250308015485,2.77760055335507,31.1407608410961,19918409.61
Latin America & the Caribbean (IDA & IBRD countries),TLA,2019,YR2019,97.9522021469941,88.3630737779713,30.8730849505438,..,0.28965539868031,2.76780429708375,31.4016447900623,19918297.63
Latin America & the Caribbean (IDA & IBRD countries),TLA,2020,YR2020,98.106453253093,88.5766734727663,34.4989632470857,..,-6.78294271787128,2.46050867045575,31.631770581189,19918297.63
Latin America & the Caribbean (IDA & IBRD countries),TLA,2021,YR2021,98.2338083621938,88.7648914752994,..,..,7.26349029603928,2.64952763186331,31.8231317642983,19918297.63
Latin America & the Caribbean (IDA & IBRD countries),TLA,2022,YR2022,98.5448799242171,88.9109136403272,..,..,4.11782588294029,2.64733723885593,32.0247780918987,19917009.672
Latin America & the Caribbean (IDA & IBRD countries),TLA,2023,YR2023,98.3852491204833,89.0706556715774,..,..,2.32602977369942,2.66346682659578,..,..
Latin America & the Caribbean (IDA & IBRD countries),TLA,2024,YR2024,..,..,..,..,2.27814705092769,2.6775410663542,..,..
Latin America & the Caribbean (IDA & IBRD countries),TLA,2025,YR2025,..,..,..,..,..,..,..,..
Least developed countries: UN classification,LDC,2011,YR2011,34.4991777686772,11.49903023082,75.2902390351355,..,3.33299155653481,0.276832954796263,49.0311506607435,17859770.089
Least developed countries: UN classification,LDC,2012,YR2012,37.8232434782994,12.1598975782298,74.1186152161421,..,3.30736831222637,0.287448523609255,44.0424518658881,20359560.22
Least developed countries: UN classification,LDC,2013,YR2013,38.2306245326965,12.8015708818501,73.4516390735312,..,5.79229976095579,0.301313182879872,45.1028650452437,20359452.378
Least developed countries: UN classification,LDC,2014,YR2014,39.4878234772477,13.5681776722687,72.8033051049145,..,5.34950229838451,0.314922334053476,46.1842630273641,20359405.485
Least developed countries: UN classification,LDC,2015,YR2015,42.3127281274977,14.3066169583069,72.6420499355701,..,2.75062771857759,0.325557361506868,47.275728089177,20359459.175
Least developed countries: UN classification,LDC,2016,YR2016,46.3458332429442,15.0767976556929,71.7069864304561,..,3.65690967534613,0.349257332022292,48.4015353371021,20359166.959
Least developed countries: UN classification,LDC,2017,YR2017,50.2044940868735,15.8647526173579,70.6528427025745,..,4.4987096336715,0.369251756779031,49.5597657740462,20359125.033
Least developed countries: UN classification,LDC,2018,YR2018,51.0874202600401,16.6809293872755,69.6689273124056,..,4.65941908831795,0.377458631240125,50.7444246385833,20359090.114
Least developed countries: UN classification,LDC,2019,YR2019,52.8787122662405,17.4738570153084,69.5024909470932,..,4.91325561043519,0.384004381560945,51.967591243585,20359102.446
Least developed countries: UN classification,LDC,2020,YR2020,54.4736840146264,18.300018657462,70.885707743194,..,-0.084161466625801,0.367071744098013,53.2263059749044,20359033.229
Least developed countries: UN classification,LDC,2021,YR2021,56.1055373553461,19.1187935114056,..,..,2.8680415794319,0.389051086846297,54.4807435364887,20359033.229
Least developed countries: UN classification,LDC,2022,YR2022,56.7383129284796,19.9377811706308,..,..,4.75099901471464,0.38639306262052,55.7288546680037,20359033.229
Least developed countries: UN classification,LDC,2023,YR2023,58.4341452966049,20.7121507903527,..,..,3.02879949936965,0.378767647173211,..,..
Least developed countries: UN classification,LDC,2024,YR2024,..,..,..,..,3.85645809654658,0.378757656852369,..,..
Least developed countries: UN classification,LDC,2025,YR2025,..,..,..,..,..,..,..,..
Low & middle income,LMY,2011,YR2011,81.8904976048903,49.4569873182641,22.9143611457856,..,6.3548185455024,3.22858714908978,76.6391610851654,73464102.546
Low & middle income,LMY,2012,YR2012,82.3434400406383,51.17575869949,22.7325689012047,..,5.49051826518085,3.30157916179353,75.1561346958777,75963834.677
Low & middle income,LMY,2013,YR2013,83.3205776475688,53.0515754690976,22.7411026554498,..,5.62109078786028,3.36904556814608,76.1892998616771,75960686.271
Low & middle income,LMY,2014,YR2014,84.0197763138971,54.8428623736029,22.776570833244,..,5.1779114327552,3.38972433831905,77.2146538954163,75959701.716
Low & middle income,LMY,2015,YR2015,85.0403535635607,56.7799265307095,22.8201674163747,..,4.69423819182255,3.32694878975756,78.2111823740089,75963852.785
Low & middle income,LMY,2016,YR2016,86.2056624089071,58.6503454864634,23.0608461717503,..,4.73589340027773,3.31567023629624,79.2105438249939,75963519.469
Low & middle income,LMY,2017,YR2017,87.2277670796171,60.5436962488314,23.0974316930161,..,5.33414452329365,3.37168056888916,80.2292753022611,75956958.243
Low & middle income,LMY,2018,YR2018,88.3266471423387,62.4376754270227,23.1935827555534,..,4.99253371729228,3.45710024779691,81.2256919138532,75956985.624
Low & middle income,LMY,2019,YR2019,88.6903151850414,64.2064156317629,23.6991235791253,..,4.15795444216964,3.49008767961443,82.1988223064499,75956840.546
Low & middle income,LMY,2020,YR2020,89.015749732089,65.9756514052694,24.5991935538732,..,-1.12138803182505,3.4108078211336,83.1284089906105,75953742.862
Low & middle income,LMY,2021,YR2021,90.1519963114906,67.5651840129846,..,..,7.38651702793516,3.56844360501178,83.9597275062232,75968849.929
Low & middle income,LMY,2022,YR2022,90.0927677222263,68.9442101202021,..,..,3.99985001578578,3.57465692451404,84.7510281776062,75963045.469
Low & middle income,LMY,2023,YR2023,90.491567372195,70.2913429440598,..,..,4.8226754547823,3.67822797411227,..,..
Low & middle income,LMY,2024,YR2024,..,..,..,..,4.36075037491025,3.71152450752303,..,..
Low & middle income,LMY,2025,YR2025,..,..,..,..,..,..,..,..
Low income,LIC,2011,YR2011,27.6664094687004,14.9890745924171,64.057369394767,..,-0.130377122985365,0.450425179024409,39.7287894331356,11116843.989
Low income,LIC,2012,YR2012,30.0776466504548,15.3098001350984,64.7373725804604,..,-4.40020470808533,0.409173788984798,33.3157558620273,13616767.12
Low income,LIC,2013,YR2013,31.0725397139029,15.3837095310516,68.0536476664991,..,2.54938567710938,0.356156872699827,34.1555986719539,13616739.278
Low income,LIC,2014,YR2014,33.4716403056895,15.5651249592821,68.4657267473558,..,2.85948860771073,0.358975250940226,34.991580246717,13616726.185
Low income,LIC,2015,YR2015,33.0702183882953,15.7730424770793,72.025105390618,..,-2.06294694087138,0.310352223158697,35.8607769920239,13616778.775
Low income,LIC,2016,YR2016,36.4336124161591,16.0809354726564,72.3242852138885,..,0.5040766240799,0.307513546909518,36.803838760481,13616767.459
Low income,LIC,2017,YR2017,38.1792563861523,16.4893773999556,68.0372933002885,..,1.88483357710479,0.391341509261914,37.8129946019888,13616761.233
Low income,LIC,2018,YR2018,39.6838027900568,16.9121720228368,67.4936095658543,..,2.84688971301978,0.384939852779789,38.8874991570558,13616767.714
Low income,LIC,2019,YR2019,40.7021444975815,17.4080991224239,67.0220084162203,..,3.01032914733617,0.393224977800755,40.0227778795972,13616770.546
Low income,LIC,2020,YR2020,41.7368456716846,17.8030144671029,69.2018592023965,..,-1.15043022279075,0.365011489902676,41.1731038852571,13616730.829
Low income,LIC,2021,YR2021,43.015465793649,18.1933267795813,..,..,1.2793291388175,0.350637296165931,42.3065290218641,13616730.829
Low income,LIC,2022,YR2022,43.0060882829376,18.6285546033379,..,..,3.35759142339809,0.345689607768003,43.4329058172616,13618280.538
Low income,LIC,2023,YR2023,45.2721918756793,19.0534710225509,..,..,-0.209388253554664,0.344712710051834,..,..
Low income,LIC,2024,YR2024,..,..,..,..,2.32616172345092,0.338369426839337,..,..
Low income,LIC,2025,YR2025,..,..,..,..,..,..,..,..
Lower middle income,LMC,2011,YR2011,74.603675894421,35.1340994055933,43.2359457667084,..,4.75659480074799,1.19831087509912,138.753724323983,18693661
Lower middle income,LMC,2012,YR2012,75.1540848733681,36.8457928266993,43.3296988230086,..,5.17824141866905,1.25523285133962,141.069100715028,18693685
Lower middle income,LMC,2013,YR2013,77.1188804443074,38.9520979839009,43.2930444377946,..,5.67299067698571,1.2704995481733,143.358154632001,18693154.33
Lower middle income,LMC,2014,YR2014,78.2897096917029,40.7606595706653,42.3759445048426,..,6.11865958483224,1.33542109484192,145.677923271688,18692344
Lower middle income,LMC,2015,YR2015,80.658695354603,43.1652309313589,41.5090157779437,..,5.91703922812876,1.35625895778837,147.890413606845,18696354
Lower middle income,LMC,2016,YR2016,82.7167145232316,45.4993483645845,40.5515766783568,..,5.68510177129704,1.38550858664601,150.116538465077,18696076
Lower middle income,LMC,2017,YR2017,84.659238704957,47.8810964888724,39.843846096,..,5.44113248186868,1.43823086798927,152.327884395316,18696059
Lower middle income,LMC,2018,YR2018,86.9121805698534,50.3979016802713,39.7446785945484,..,5.42349581142072,1.476981843336,154.501586622722,18696001
Lower middle income,LMC,2019,YR2019,87.6135221862236,52.934467767702,40.1472436736453,..,4.06407680471648,1.47756969747791,156.644254270395,18695976.47
Lower middle income,LMC,2020,YR2020,88.3804143922632,55.502167235796,41.6375575764497,..,-3.97738356122989,1.39566627043975,158.77157989764,18696034
Lower middle income,LMC,2021,YR2021,90.555734236785,57.9720930993348,..,..,6.49061665770458,1.48651749455178,160.795667051507,18696045
Lower middle income,LMC,2022,YR2022,90.5768405981587,60.1553523209432,..,..,6.24089400201117,1.5417676120861,162.833348484022,18690019
Lower middle income,LMC,2023,YR2023,91.2680749757223,62.3446624464955,..,..,6.04200595481342,1.60655807561624,..,..
Lower middle income,LMC,2024,YR2024,..,..,..,..,5.17324978806559,1.66491453570491,..,..
Lower middle income,LMC,2025,YR2025,..,..,..,..,..,..,..,..
"Middle East, North Africa, Afghanistan & Pakistan",MEA,2011,YR2011,90.7761559347102,72.680299560102,7.43634228145233,..,3.84226414950793,3.91666504663019,50.5310468130288,12646757
"Middle East, North Africa, Afghanistan & Pakistan",MEA,2012,YR2012,91.8541213665318,73.2864771170311,7.19138786591317,..,4.24819927226845,4.03363336593308,51.6553996438614,12646760
"Middle East, North Africa, Afghanistan & Pakistan",MEA,2013,YR2013,93.1479690416445,73.8205516999457,7.23035612797874,..,2.41717330451516,4.02453545319464,52.7782720181475,12646568
"Middle East, North Africa, Afghanistan & Pakistan",MEA,2014,YR2014,94.0320956677215,74.2465013826845,7.07122180407551,..,3.12206429423114,4.08899502911255,53.8266969644997,12646449
"Middle East, North Africa, Afghanistan & Pakistan",MEA,2015,YR2015,93.4360655461117,74.8548951582627,7.08007314623562,..,2.77016552351637,4.07358261929456,54.8954519831127,12646457
"Middle East, North Africa, Afghanistan & Pakistan",MEA,2016,YR2016,95.158764819742,75.4430603172851,7.10925108984167,..,4.49846676594123,4.07369056806919,55.9068416627011,12646458
"Middle East, North Africa, Afghanistan & Pakistan",MEA,2017,YR2017,96.0012431691978,75.8061271457959,7.14927454903901,..,2.07651843299037,4.1098953305679,56.8731349878273,12640199
"Middle East, North Africa, Afghanistan & Pakistan",MEA,2018,YR2018,94.9706861712286,76.2667761033233,7.30858693459966,..,2.3999522914998,4.00141667341802,57.7809296801308,12640197
"Middle East, North Africa, Afghanistan & Pakistan",MEA,2019,YR2019,96.0087072984601,76.7406469048732,7.59670819188084,..,1.59137160696825,4.0292139840215,58.7580654693081,12640213
"Middle East, North Africa, Afghanistan & Pakistan",MEA,2020,YR2020,96.2621204422818,77.1511351924818,7.54675702757893,..,-3.58499748950123,3.94396842035064,59.8411578819289,12640218
"Middle East, North Africa, Afghanistan & Pakistan",MEA,2021,YR2021,96.4166690553693,77.5462596875773,..,..,5.03631361698847,4.07701652507936,60.7250479184394,12640228
"Middle East, North Africa, Afghanistan & Pakistan",MEA,2022,YR2022,95.8637945014964,78.0405170756645,..,..,6.4465289217368,4.09432116464173,62.0217516719828,12614112.709
"Middle East, North Africa, Afghanistan & Pakistan",MEA,2023,YR2023,96.4226367435274,78.617471658088,..,..,2.25920706136691,4.09068275111043,..,..
"Middle East, North Africa, Afghanistan & Pakistan",MEA,2024,YR2024,..,..,..,..,2.11232485351741,4.09253514604758,..,..
"Middle East, North Africa, Afghanistan & Pakistan",MEA,2025,YR2025,..,..,..,..,..,..,..,..
"Middle East, North Africa, Afghanistan & Pakistan (excluding high income)",MNA,2011,YR2011,90.0032683061914,70.3300451012106,11.0708127254411,..,-0.375513449292285,2.49888498856892,58.5873598896704,10064390
"Middle East, North Africa, Afghanistan & Pakistan (excluding high income)",MNA,2012,YR2012,91.1539591115329,70.9300668302228,11.0420215371111,..,3.55602439287178,2.56432373134495,59.7718279995111,10064390
"Middle East, North Africa, Afghanistan & Pakistan (excluding high income)",MNA,2013,YR2013,92.5410186202545,71.4389539260246,11.1442150564461,..,1.11753964540209,2.55819903460459,60.9240087486355,10064198
"Middle East, North Africa, Afghanistan & Pakistan (excluding high income)",MNA,2014,YR2014,93.4955408707137,71.8665068815405,11.0400705993001,..,2.39632511204408,2.58326066621789,62.058006211722,10064198
"Middle East, North Africa, Afghanistan & Pakistan (excluding high income)",MNA,2015,YR2015,92.8277634911895,72.4594851020382,11.2870521999878,..,1.11209373505632,2.53562689767356,63.1299804385823,10064199
"Middle East, North Africa, Afghanistan & Pakistan (excluding high income)",MNA,2016,YR2016,94.704907124104,73.0524573852252,11.1503064832308,..,5.56693551530638,2.56443026052064,64.1718148657434,10064199
"Middle East, North Africa, Afghanistan & Pakistan (excluding high income)",MNA,2017,YR2017,95.6230221837644,73.4556519668056,10.9413685116146,..,3.40363074392963,2.65582551208189,65.2984288331834,10057939
"Middle East, North Africa, Afghanistan & Pakistan (excluding high income)",MNA,2018,YR2018,94.5093636648155,74.0097280563348,10.9619732223084,..,2.10017249362863,2.62040780980738,66.4596824458768,10057939
"Middle East, North Africa, Afghanistan & Pakistan (excluding high income)",MNA,2019,YR2019,95.6437471934695,74.5579222241471,11.4865470725413,..,1.39233381379324,2.65204425453706,67.6570070470602,10057953
"Middle East, North Africa, Afghanistan & Pakistan (excluding high income)",MNA,2020,YR2020,95.9173702775193,74.9889536943546,11.2181326344417,..,-2.63476856206411,2.61907296888114,68.8541721163342,10057953
"Middle East, North Africa, Afghanistan & Pakistan (excluding high income)",MNA,2021,YR2021,96.0956018888668,75.482319396557,..,..,4.33216201656492,2.73551562037933,70.0399427000988,10057958
"Middle East, North Africa, Afghanistan & Pakistan (excluding high income)",MNA,2022,YR2022,95.483714372763,75.9706034748614,..,..,4.32972249891917,2.73637800434735,71.2696960585184,10053482.709
"Middle East, North Africa, Afghanistan & Pakistan (excluding high income)",MNA,2023,YR2023,96.0854287468734,76.5501871248102,..,..,2.85265290265325,2.73271406164788,..,..
"Middle East, North Africa, Afghanistan & Pakistan (excluding high income)",MNA,2024,YR2024,..,..,..,..,2.22259348944316,2.72400325211606,..,..
"Middle East, North Africa, Afghanistan & Pakistan (excluding high income)",MNA,2025,YR2025,..,..,..,..,..,..,..,..
"Middle East, North Africa, Afghanistan & Pakistan (IDA & IBRD)",TMN,2011,YR2011,89.9389892888994,70.3300451012106,11.0593308918401,..,-0.443113071279598,2.49888498856892,58.2363795525518,10058370
"Middle East, North Africa, Afghanistan & Pakistan (IDA & IBRD)",TMN,2012,YR2012,91.0963754860192,70.9300668302228,11.0384456368474,..,3.53707375357656,2.56432373134495,59.411911671573,10058370
"Middle East, North Africa, Afghanistan & Pakistan (IDA & IBRD)",TMN,2013,YR2013,92.4917628816355,71.4389539260246,11.1424728929043,..,1.09016621407683,2.55819903460459,60.5551600896305,10058178
"Middle East, North Africa, Afghanistan & Pakistan (IDA & IBRD)",TMN,2014,YR2014,93.4524577644192,71.8665068815405,11.0410170572294,..,2.41652131998269,2.58326066621789,61.6802231974817,10058178
"Middle East, North Africa, Afghanistan & Pakistan (IDA & IBRD)",TMN,2015,YR2015,92.7799106414588,72.4594851020382,11.2881808687104,..,1.09198112085784,2.53562689767356,62.7432255878524,10058179
"Middle East, North Africa, Afghanistan & Pakistan (IDA & IBRD)",TMN,2016,YR2016,94.6688585064836,73.0524573852252,11.1456851493979,..,5.54085474867692,2.56443026052064,63.7760400764393,10058179
"Middle East, North Africa, Afghanistan & Pakistan (IDA & IBRD)",TMN,2017,YR2017,95.5938136477709,73.4556519668056,10.943060961286,..,3.4198181339446,2.65582551208189,64.8943558936358,10051919
"Middle East, North Africa, Afghanistan & Pakistan (IDA & IBRD)",TMN,2018,YR2018,94.4715748209862,74.0097280563348,10.9557039236004,..,2.10715733011398,2.62040780980738,66.0449357978312,10051919
"Middle East, North Africa, Afghanistan & Pakistan (IDA & IBRD)",TMN,2019,YR2019,95.6135456463624,74.5579222241471,11.4771071770715,..,1.39256894290483,2.65204425453706,67.2314161863196,10051933
"Middle East, North Africa, Afghanistan & Pakistan (IDA & IBRD)",TMN,2020,YR2020,95.8888561743117,74.9889536943546,11.2025085485546,..,-2.56591730467834,2.61907296888114,68.4175628707434,10051933
"Middle East, North Africa, Afghanistan & Pakistan (IDA & IBRD)",TMN,2021,YR2021,96.0681260042218,75.482319396557,..,..,4.3128229659946,2.73551562037933,69.5921921684118,10051933
"Middle East, North Africa, Afghanistan & Pakistan (IDA & IBRD)",TMN,2022,YR2022,95.4516981935493,75.9706034748614,..,..,4.33155082949985,2.73637800434735,70.7680179688465,10053482.709
"Middle East, North Africa, Afghanistan & Pakistan (IDA & IBRD)",TMN,2023,YR2023,96.0574946837091,76.5501871248102,..,..,2.90736899917957,2.73271406164788,..,..
"Middle East, North Africa, Afghanistan & Pakistan (IDA & IBRD)",TMN,2024,YR2024,..,..,..,..,2.41973722378488,2.72400325211606,..,..
"Middle East, North Africa, Afghanistan & Pakistan (IDA & IBRD)",TMN,2025,YR2025,..,..,..,..,..,..,..,..
Middle income,MIC,2011,YR2011,86.5077282234945,52.4006574296258,21.7433504549751,..,6.47282729933193,3.46016377457777,83.2204744055656,62347258.557
Middle income,MIC,2012,YR2012,86.8565606090893,54.281865094079,21.616044304915,..,5.65933434134629,3.54596387891217,84.2941858844481,62347067.557
Middle income,MIC,2013,YR2013,87.8878167251911,56.3543048415932,21.5666821075777,..,5.66852747768898,3.62666720375544,85.3700139100527,62343946.993
Middle income,MIC,2014,YR2014,88.4907385219608,58.3279266466835,21.5627649780799,..,5.21265502285895,3.65205278200209,86.436864219297,62342975.531
Middle income,MIC,2015,YR2015,89.6958037766237,60.4649737383904,21.5560536905019,..,4.79323569638042,3.59160883703701,87.4606316909979,62347074.01
Middle income,MIC,2016,YR2016,90.7291286306228,62.5314013618123,21.7814211036831,..,4.79383614545681,3.58374022622844,88.4723292901493,62346752.01
Middle income,MIC,2017,YR2017,91.7558824062698,64.6234462974951,21.8712431719356,..,5.3794397561883,3.64192704112363,89.494121972458,62340197.01
Middle income,MIC,2018,YR2018,92.8949172748869,66.7264187781622,21.9901982115892,..,5.01977524585533,3.74071763996328,90.4734833962662,62340217.91
Middle income,MIC,2019,YR2019,93.2810806550699,68.6970947591548,22.4930680521439,..,4.17222345719388,3.78130785767744,91.4112200387327,62340070
Middle income,MIC,2020,YR2020,93.6244047915351,70.6857991592164,23.3167480903784,..,-1.12103096286306,3.70266616229851,92.2930140596782,62337012.033
Middle income,MIC,2021,YR2021,94.8333917992069,72.4836555491962,..,..,7.46158157346058,3.88266512212017,93.0561367400262,62352119.1
Middle income,MIC,2022,YR2022,94.8579251685419,74.0518795211852,..,..,4.00728998415607,3.89601668348134,93.7763534351372,62344764.931
Middle income,MIC,2023,YR2023,95.1581054427171,75.5954078914299,..,..,4.88060310294016,4.01645231310392,..,..
Middle income,MIC,2024,YR2024,..,..,..,..,4.38303528532211,4.06033172051808,..,..
Middle income,MIC,2025,YR2025,..,..,..,..,..,..,..,..
North America,NAC,2011,YR2011,100,100,9.86206424776275,..,1.68675931889908,16.9926177299797,19.1156181527322,18113064
North America,NAC,2012,YR2012,100,100,10.0055359347168,..,2.24317308229351,16.198256259364,19.27427297778,18113064
North America,NAC,2013,YR2013,100,100,10.3906457230113,..,2.13356731596357,16.4836667571847,19.4263570205461,18113064
North America,NAC,2014,YR2014,100,100,10.4893842157596,..,2.54956232851526,16.4179821432052,19.5855960648071,18113064
North America,NAC,2015,YR2015,100,100,10.3923884465868,..,2.76027570206345,15.9615887086023,19.7417224937758,18113064
North America,NAC,2016,YR2016,100,100,10.724670511025,..,1.75713430738413,15.5421169539778,19.9042852164603,18113064
North America,NAC,2017,YR2017,100,100,11.2091690751112,..,2.50304866957114,15.2846155202833,20.052778591187,18113064
North America,NAC,2018,YR2018,100,100,11.3114262085469,..,2.94780933880656,15.6734792437431,20.1879719521777,18113064
North America,NAC,2019,YR2019,100,100,11.5807525012806,..,2.53012511444722,15.1594364156996,20.3117942386777,18113064
North America,NAC,2020,YR2020,100,100,12.4628823400948,..,-2.38862032137294,13.5675766494259,20.4090671793574,18113064
North America,NAC,2021,YR2021,100,100,..,..,6.0466919748077,14.3528517403277,20.65124212109,17936174
North America,NAC,2022,YR2022,100,100,..,..,2.64058278650343,14.4546888948556,20.7969661757296,17936174
North America,NAC,2023,YR2023,100,100,..,..,2.78367390829352,13.7566308316438,..,..
North America,NAC,2024,YR2024,..,..,..,..,2.69993075266272,13.6589606202729,..,..
North America,NAC,2025,YR2025,..,..,..,..,..,..,..,..
Not classified,INX,2011,YR2011,..,..,..,..,..,..,..,..
Not classified,INX,2012,YR2012,..,..,..,..,..,..,..,..
Not classified,INX,2013,YR2013,..,..,..,..,..,..,..,..
Not classified,INX,2014,YR2014,..,..,..,..,..,..,..,..
Not classified,INX,2015,YR2015,..,..,..,..,..,..,..,..
Not classified,INX,2016,YR2016,..,..,..,..,..,..,..,..
Not classified,INX,2017,YR2017,..,..,..,..,..,..,..,..
Not classified,INX,2018,YR2018,..,..,..,..,..,..,..,..
Not classified,INX,2019,YR2019,..,..,..,..,..,..,..,..
Not classified,INX,2020,YR2020,..,..,..,..,..,..,..,..
Not classified,INX,2021,YR2021,..,..,..,..,..,..,..,..
Not classified,INX,2022,YR2022,..,..,..,..,..,..,..,..
Not classified,INX,2023,YR2023,..,..,..,..,..,..,..,..
Not classified,INX,2024,YR2024,..,..,..,..,..,..,..,..
Not classified,INX,2025,YR2025,..,..,..,..,..,..,..,..
OECD members,OED,2011,YR2011,99.7872116882093,97.8123013746259,10.9046224842115,..,1.87802028856423,9.99263884192274,36.612240655594,35497545.786
OECD members,OED,2012,YR2012,99.8129467749549,97.8294903284593,11.3823454495312,..,1.37675440586294,9.79069258940947,36.8396776301414,35497964.888
OECD members,OED,2013,YR2013,99.8350316663745,97.8411757284813,11.877535320146,..,1.62046550836888,9.7733425966607,37.0549984404741,35499339.748
OECD members,OED,2014,YR2014,99.8480258810507,97.8774887583771,12.1275743053496,..,2.17833905340592,9.53910131638506,37.2805284515087,35500025.589
OECD members,OED,2015,YR2015,99.8393577437036,97.8960922139935,12.2611450949417,..,2.51027367143098,9.42977982040166,37.5125065390958,35499499.23
OECD members,OED,2016,YR2016,99.8959370066929,97.916093630686,12.432384629223,..,1.86249391596978,9.31631385898117,37.7402639098425,35509610.06
OECD members,OED,2017,YR2017,99.9408590340957,97.9220227568457,12.7954391065077,..,2.61694093867455,9.26106695485271,37.9659116421334,35508886.78
OECD members,OED,2018,YR2018,99.8987734342049,97.9410404011778,13.2024399046234,..,2.3646207330156,9.23662026752913,38.2000604347237,35509655.209
OECD members,OED,2019,YR2019,99.9400725167424,97.9604700438641,13.6864487000325,..,1.84575810333803,8.91808812761882,38.4162625914934,35509602.626
OECD members,OED,2020,YR2020,99.9329794930067,97.9732368160014,14.8380363213872,..,-3.88927214744993,8.12285634081619,38.5625521956701,35508806.265
OECD members,OED,2021,YR2021,100,97.9852642351941,..,..,5.9755204126343,8.53416167767267,38.8255337431259,35332033.864
OECD members,OED,2022,YR2022,100,97.9782048493581,..,..,3.09501591343316,8.42684798687324,39.0414645392003,35310296.201
OECD members,OED,2023,YR2023,99.9229486259415,97.9965766468383,..,..,1.82235680918733,8.00199427665889,..,..
OECD members,OED,2024,YR2024,..,..,..,..,1.80676868744595,7.91732096171689,..,..
OECD members,OED,2025,YR2025,..,..,..,..,..,..,..,..
Other small states,OSS,2011,YR2011,82.3763169043455,63.7297378706659,40.4458062116422,..,3.29069314227961,5.07746483602155,40.9783139566717,273955
Other small states,OSS,2012,YR2012,83.2159663044917,64.1159157407817,40.7171691176471,..,1.20022660464679,4.93245142381184,41.4158602690223,273955
Other small states,OSS,2013,YR2013,84.0687457795862,64.5101568042598,41.1903048108704,..,0.791667553785189,5.08590309409127,41.6913810969513,275035
Other small states,OSS,2014,YR2014,85.5436919645938,64.8686011025606,41.5939404934688,..,2.09877810164529,5.06808491530847,42.1444543421746,275035
Other small states,OSS,2015,YR2015,86.4520330481869,65.2558289012197,42.5760198652004,..,3.3511007552562,4.70098555335138,42.6214772665297,275035
Other small states,OSS,2016,YR2016,87.8544041310444,65.6108724849429,42.1565383945673,..,4.11091200572844,4.664123635007,43.0881692127593,275062
Other small states,OSS,2017,YR2017,89.3280026877149,65.972731800603,41.4366535230585,..,5.06107673012673,4.78282475224104,43.702265785042,274342
Other small states,OSS,2018,YR2018,90.472453074168,66.2963326641268,42.3626099950191,..,4.35830092725908,4.85338243085182,44.1414058010025,274918
Other small states,OSS,2019,YR2019,91.8035513133262,66.5430831018343,42.3904707420726,..,4.24479955996004,4.08550723028829,44.6748012134527,274918
Other small states,OSS,2020,YR2020,92.8384985004429,66.8272529938595,45.4042214532872,..,-5.79748440207983,3.77656532555834,45.1674062811457,274918
Other small states,OSS,2021,YR2021,93.8560728212473,67.0216101657414,..,..,8.00516977657277,3.90037217494107,45.6204722862817,274918
Other small states,OSS,2022,YR2022,93.9605317818207,67.3696369991192,..,..,4.35703581894087,4.06107663404187,46.1953342694381,274898
Other small states,OSS,2023,YR2023,94.4954692175265,67.5996228240947,..,..,3.20990960730505,3.76193664560992,..,..
Other small states,OSS,2024,YR2024,..,..,..,..,2.8832579743179,3.6803500234961,..,..
Other small states,OSS,2025,YR2025,..,..,..,..,..,..,..,..
Pacific island small states,PSS,2011,YR2011,72.8044582293327,25.3783861339938,31.4028947368421,..,3.87026168877591,1.9874195301045,36.1510747663551,64200
Pacific island small states,PSS,2012,YR2012,73.8316460480866,26.1560585291021,31.2037135278515,..,1.02877043788416,2.45377826834541,36.6343302180685,64200
Pacific island small states,PSS,2013,YR2013,72.6617984322668,26.7943835134127,31.0864532019704,..,3.24267307557558,1.76257726304287,37.1173052959502,64200
Pacific island small states,PSS,2014,YR2014,76.5754031125716,27.5126532200545,31.2214953271028,..,3.56865422427055,1.59741510923491,37.6065109034268,64200
Pacific island small states,PSS,2015,YR2015,78.5477895035505,28.3473889702693,31.3321759259259,..,4.00430128788743,1.56644204041801,38.0995171339564,64200
Pacific island small states,PSS,2016,YR2016,79.9083422592839,29.0377285198043,28.8504854368932,..,3.71614197204156,1.5303532093467,38.5949221183801,64200
Pacific island small states,PSS,2017,YR2017,82.1041734677982,29.7906673667998,28.9891402714932,..,3.9129814304377,1.48848664879946,39.1270303975058,64150
Pacific island small states,PSS,2018,YR2018,82.69782730903,30.445184773146,27.3537444933921,..,2.72096683103047,1.5765876517353,39.626017147311,64150
Pacific island small states,PSS,2019,YR2019,84.3434350882329,31.3101429891741,27.3889848812095,..,1.13416567850717,1.57319625516223,40.0414029618083,64150
Pacific island small states,PSS,2020,YR2020,86.1939811336602,32.0091516080388,29.425845410628,..,-10.2494743524661,1.34215776248477,40.460202650039,64150
Pacific island small states,PSS,2021,YR2021,85.6708178235478,32.6452913033857,..,..,-2.70502133423179,1.49533820886211,40.9274045206547,64150
Pacific island small states,PSS,2022,YR2022,85.7923885063867,33.3774349795505,..,..,8.46598449677872,1.49552963819568,41.4037256430242,64150
Pacific island small states,PSS,2023,YR2023,88.8705713618501,34.0194482869408,..,..,6.92898966603425,1.47946024578094,..,..
Pacific island small states,PSS,2024,YR2024,..,..,..,..,3.39271983855302,1.53236017185883,..,..
Pacific island small states,PSS,2025,YR2025,..,..,..,..,..,..,..,..
Post-demographic dividend,PST,2011,YR2011,99.8927586055928,99.4423375951855,10.3374053454359,..,1.66465923463286,11.2338180828974,34.446033030752,31337949.686
Post-demographic dividend,PST,2012,YR2012,99.9029465280479,99.4678601544773,10.855740352061,..,1.24020368594316,10.973075790434,34.5965883996007,31338155.788
Post-demographic dividend,PST,2013,YR2013,99.9188837330364,99.4915387083688,11.3357713927499,..,1.51944470661012,10.9872704618107,34.7339388086336,31336042.048
Post-demographic dividend,PST,2014,YR2014,99.9320556700364,99.5085053528543,11.6687849102506,..,2.0150490019607,10.7015411413887,34.8801632606231,31336592.889
Post-demographic dividend,PST,2015,YR2015,99.944734188108,99.522016186565,11.8425604176608,..,2.23434134376603,10.5209170660016,35.0358978994957,31336149.63
Post-demographic dividend,PST,2016,YR2016,99.9577816688383,99.5323767180349,12.0622071586832,..,1.81390436287271,10.3602664241269,35.1866090006505,31346212.56
Post-demographic dividend,PST,2017,YR2017,99.9711225773329,99.5435891001301,12.4846381438532,..,2.48507639025186,10.256937397878,35.3206844345793,31345982.58
Post-demographic dividend,PST,2018,YR2018,99.9821644449028,99.5533160330578,12.8576178839564,..,2.26322982357576,10.2884129907726,35.4548360427958,31346287.109
Post-demographic dividend,PST,2019,YR2019,99.9932424809452,99.5596214163889,13.2726556995631,..,1.81429619722211,9.93273751047491,35.5671793502924,31346281.526
Post-demographic dividend,PST,2020,YR2020,99.9972400863322,99.5742085694334,14.4278548426441,..,-4.06542885568155,9.0253414740798,35.6353658740269,31345475.165
Post-demographic dividend,PST,2021,YR2021,99.9988344256857,99.5728907283526,..,..,5.68828382614926,9.47397555810222,35.823844767363,31168702.864
Post-demographic dividend,PST,2022,YR2022,100,99.5875950965703,..,..,2.79274034092423,9.34713448071044,35.851172647342,31167592.201
Post-demographic dividend,PST,2023,YR2023,100,99.5987097167369,..,..,1.83179267822689,8.86994506284144,..,..
Post-demographic dividend,PST,2024,YR2024,..,..,..,..,1.79546895973735,8.76511490398607,..,..
Post-demographic dividend,PST,2025,YR2025,..,..,..,..,..,..,..,..
Pre-demographic dividend,PRE,2011,YR2011,36.1231407415373,12.1158624444178,74.6528191627611,..,4.3630588597463,0.489475504680286,43.4930692276075,17808984.989
Pre-demographic dividend,PRE,2012,YR2012,37.5016010934048,12.7385817136151,73.1865442433771,..,4.33404153771679,0.502326282218967,39.2932362628661,20308908.12
Pre-demographic dividend,PRE,2013,YR2013,38.4111244155347,13.3631647700677,72.2325804041222,..,5.91402782534701,0.527863137059859,40.482103410421,20308688.278
Pre-demographic dividend,PRE,2014,YR2014,39.8940402562397,14.0922956757524,72.7170196904253,..,5.17292796500838,0.526334226596991,41.6777917953588,20308675.185
Pre-demographic dividend,PRE,2015,YR2015,40.1196686715573,14.8724347145687,73.339891666412,..,3.04222828048582,0.524241023300595,42.8676680117645,20308727.775
Pre-demographic dividend,PRE,2016,YR2016,44.6718700054727,15.7569636723017,72.8428194718611,..,2.38522657165296,0.545047122218019,44.0815584681259,20308716.459
Pre-demographic dividend,PRE,2017,YR2017,44.3587801999364,16.7786942612988,72.7571519329351,..,1.6535406433002,0.5411404303332,45.3287624097443,20308710.233
Pre-demographic dividend,PRE,2018,YR2018,47.1055374833379,17.9157818259702,71.906862473446,..,2.65776473209326,0.55552192055879,46.5966013671188,20308716.714
Pre-demographic dividend,PRE,2019,YR2019,47.5891649924098,19.2051851796992,71.4398709500275,..,3.2246807239321,0.568807232834836,47.8761105936639,20308719.546
Pre-demographic dividend,PRE,2020,YR2020,48.3865766205333,20.4258805702098,73.3285283869645,..,-4.07689259671025,0.528742951315228,49.1722883716943,20308679.829
Pre-demographic dividend,PRE,2021,YR2021,50.5171178994713,21.6223178858341,..,..,2.36174281983834,0.564443729231701,50.4690763570164,20308679.829
Pre-demographic dividend,PRE,2022,YR2022,51.1433191693417,22.7320149610396,..,..,4.67657631651602,0.579928938363146,51.7611956981529,20308679.829
Pre-demographic dividend,PRE,2023,YR2023,52.5309883201788,23.6938109911506,..,..,2.44869670150128,0.570388208785552,..,..
Pre-demographic dividend,PRE,2024,YR2024,..,..,..,..,3.31272809044798,0.571253302465562,..,..
Pre-demographic dividend,PRE,2025,YR2025,..,..,..,..,..,..,..,..
Small states,SST,2011,YR2011,83.906240710336,66.4651564438575,30.2495982731742,..,2.51696311981266,6.18180307927551,24.0920849210761,736682.61
Small states,SST,2012,YR2012,84.8243310625176,66.7886752877075,30.1846016646849,..,2.12048993083546,5.99490584639584,24.3340222188766,736682.61
Small states,SST,2013,YR2013,85.2704808451355,67.0980547353478,30.3387854927225,..,1.09752286924849,5.93587145778369,24.5433988583401,737762.61
Small states,SST,2014,YR2014,86.7735637831097,67.39809496556,30.1999766218586,..,2.32902577526974,5.89679391529164,24.7939970826117,737762.61
Small states,SST,2015,YR2015,87.6813928879402,67.7211080348207,31.1755146888735,..,2.23701449577467,5.62992039845094,25.0522020897752,737762.61
Small states,SST,2016,YR2016,88.8486713357501,68.0057576102462,31.3734949541816,..,1.76290719160697,5.45971981487838,25.30673344668,737789.61
Small states,SST,2017,YR2017,90.1550278534803,68.2968499307678,31.1677364093193,..,3.21452136710903,5.41654017239327,25.5970204103524,737019.61
Small states,SST,2018,YR2018,90.9647335432231,68.5718095540703,32.2826634877384,..,3.34531380330635,5.44441714909064,25.8745222195669,737595.61
Small states,SST,2019,YR2019,92.0919222790738,68.832538403604,31.6559924886778,..,3.1161369349748,5.04835129955372,26.157554001711,737595.61
Small states,SST,2020,YR2020,93.1195945831784,69.0543558887698,34.2609139465875,..,-6.92604543465643,4.61750238440189,26.399502296387,737595.61
Small states,SST,2021,YR2021,93.7468179373385,69.2169120032226,..,..,7.10866076587615,4.66196147266028,26.6359353738561,737595.61
Small states,SST,2022,YR2022,93.852223644499,69.477297247824,..,..,7.43586182979632,4.7676850316056,26.9157002086878,737575.61
Small states,SST,2023,YR2023,94.7947483488559,69.6544059880002,..,..,5.02809903605001,4.46756309386358,..,..
Small states,SST,2024,YR2024,..,..,..,..,6.12150935431906,4.41526557538702,..,..
Small states,SST,2025,YR2025,..,..,..,..,..,..,..,..
South Asia,SAS,2011,YR2011,77.3091651585732,34.0536415832734,36.8092713088936,..,5.45109403202389,1.32102326253336,437.408578434374,3347837
South Asia,SAS,2012,YR2012,78.4195444509049,36.2481085810133,36.3851888844937,..,5.64515915604163,1.42345841104938,443.137785083324,3347837
South Asia,SAS,2013,YR2013,80.847453203069,39.0901270999806,36.6107558472827,..,6.23326513040877,1.44411100034295,448.546924775609,3347837
South Asia,SAS,2014,YR2014,82.8480224291431,41.3563103084917,35.5096522398152,..,7.24547986692529,1.54152763600895,453.976476752004,3347837
South Asia,SAS,2015,YR2015,86.5327784624672,44.6552505915235,34.8834168535168,..,7.68973935167961,1.55694847600644,459.325034807082,3347020
South Asia,SAS,2016,YR2016,88.3184480403398,47.7852760570284,34.2074772429003,..,7.96912333627881,1.57119095838883,464.622057592857,3347047
South Asia,SAS,2017,YR2017,91.3983728307397,50.9932969202059,33.5888874710393,..,6.78411966003432,1.64190884624992,469.82322835622,3347047
South Asia,SAS,2018,YR2018,94.8192024055978,54.3997607304664,33.8834998158718,..,6.3936663253368,1.70023080439477,474.800737015142,3347014
South Asia,SAS,2019,YR2019,95.4698953988653,57.7624633701574,34.4293579877468,..,4.09454306508007,1.68278388399681,479.655227185199,3347014.47
South Asia,SAS,2020,YR2020,96.4013617397441,61.253259249948,36.8864659122341,..,-4.98750173651176,1.54389898307733,484.334799417988,3347010
South Asia,SAS,2021,YR2021,99.3693129133951,64.6274277793323,..,..,9.24659959728567,1.68776316100057,488.431572059838,3347010
South Asia,SAS,2022,YR2022,99.0895114731934,67.5580327508597,..,..,7.10115392630797,1.80041151642224,492.382623595388,3347010
South Asia,SAS,2023,YR2023,99.4087889697405,70.5783520488242,..,..,8.50528885307943,1.90900756335612,..,..
South Asia,SAS,2024,YR2024,..,..,..,..,6.23259967615652,1.9797015154543,..,..
South Asia,SAS,2025,YR2025,..,..,..,..,..,..,..,..
South Asia (IDA & IBRD),TSA,2011,YR2011,77.3091651585732,34.0536415832734,36.8092713088936,..,5.45109403202389,1.32102326253336,437.408578434374,3347837
South Asia (IDA & IBRD),TSA,2012,YR2012,78.4195444509049,36.2481085810133,36.3851888844937,..,5.64515915604163,1.42345841104938,443.137785083324,3347837
South Asia (IDA & IBRD),TSA,2013,YR2013,80.8474532030691,39.0901270999806,36.6107558472827,..,6.23326513040877,1.44411100034295,448.546924775609,3347837
South Asia (IDA & IBRD),TSA,2014,YR2014,82.8480224291431,41.3563103084917,35.5096522398152,..,7.24547986692529,1.54152763600895,453.976476752004,3347837
South Asia (IDA & IBRD),TSA,2015,YR2015,86.5327784624672,44.6552505915235,34.8834168535168,..,7.68973935167961,1.55694847600644,459.325034807082,3347020
South Asia (IDA & IBRD),TSA,2016,YR2016,88.3184480403398,47.7852760570284,34.2074772429003,..,7.96912333627881,1.57119095838883,464.622057592857,3347047
South Asia (IDA & IBRD),TSA,2017,YR2017,91.3983728307397,50.9932969202059,33.5888874710393,..,6.78411966003432,1.64190884624992,469.82322835622,3347047
South Asia (IDA & IBRD),TSA,2018,YR2018,94.8192024055978,54.3997607304664,33.8834998158718,..,6.3936663253368,1.70023080439477,474.800737015142,3347014
South Asia (IDA & IBRD),TSA,2019,YR2019,95.4698953988653,57.7624633701574,34.4293579877468,..,4.09454306508007,1.68278388399681,479.655227185199,3347014.47
South Asia (IDA & IBRD),TSA,2020,YR2020,96.4013617397441,61.253259249948,36.8864659122341,..,-4.98750173651176,1.54389898307733,484.334799417988,3347010
South Asia (IDA & IBRD),TSA,2021,YR2021,99.3693129133951,64.6274277793323,..,..,9.24659959728567,1.68776316100057,488.431572059838,3347010
South Asia (IDA & IBRD),TSA,2022,YR2022,99.0895114731934,67.5580327508597,..,..,7.10115392630797,1.80041151642224,492.382623595388,3347010
South Asia (IDA & IBRD),TSA,2023,YR2023,99.4087889697405,70.5783520488242,..,..,8.50528885307943,1.90900756335612,..,..
South Asia (IDA & IBRD),TSA,2024,YR2024,..,..,..,..,6.23259967615652,1.9797015154543,..,..
South Asia (IDA & IBRD),TSA,2025,YR2025,..,..,..,..,..,..,..,..
Sub-Saharan Africa,SSF,2011,YR2011,35.9008197096736,12.587901123864,69.9549214765695,..,4.45162930662147,0.820806262423885,42.9867084755922,21390987.089
Sub-Saharan Africa,SSF,2012,YR2012,36.7762778723704,13.0742788947517,68.9684304535012,..,3.33566308216501,0.823718700789852,39.5535383299947,23890917.22
Sub-Saharan Africa,SSF,2013,YR2013,38.0320042025018,13.5832686273296,67.8510971013982,..,5.12180100852351,0.844573776254911,40.6528738701164,23890879.378
Sub-Saharan Africa,SSF,2014,YR2014,38.3544769303453,14.2093179418386,67.6303707658131,..,4.72930309699868,0.855375586326418,41.7717146368414,23890832.485
Sub-Saharan Africa,SSF,2015,YR2015,39.1996500160838,14.9172432601717,68.0255515815612,..,2.93349224419013,0.821698661432007,42.9139005765658,23890886.175
Sub-Saharan Africa,SSF,2016,YR2016,43.8301651403807,15.7000199184262,67.9625238161754,..,1.23789307986233,0.814333926872876,44.068009585861,23890893.959
Sub-Saharan Africa,SSF,2017,YR2017,43.7628194566177,16.5879074721228,67.8175544668556,..,2.50364867338814,0.797707355433522,45.2449451429594,23890882.033
Sub-Saharan Africa,SSF,2018,YR2018,46.4166752425457,17.6023274833175,67.6660713231228,..,2.79599960832644,0.796189183204302,46.4610849355483,23890897.114
Sub-Saharan Africa,SSF,2019,YR2019,47.1974168154517,18.7348388997508,68.1693850218034,..,2.60045190740452,0.792370673709498,47.6882621146341,23890902.446
Sub-Saharan Africa,SSF,2020,YR2020,48.5450389491045,19.8295773531226,70.2701133853785,..,-3.23642852363861,0.734004432071765,48.9314926208051,23890860.229
Sub-Saharan Africa,SSF,2021,YR2021,50.6566448640617,20.8972425001111,..,..,3.65270461847631,0.746695685319082,50.1870490616922,23890863.229
Sub-Saharan Africa,SSF,2022,YR2022,51.5873775845363,21.9077839844353,..,..,4.06140756050381,0.720694535900452,51.4509903312293,23890863.229
Sub-Saharan Africa,SSF,2023,YR2023,53.2558710664349,22.7531963369271,..,..,2.7159883966887,0.697699700134152,..,..
Sub-Saharan Africa,SSF,2024,YR2024,..,..,..,..,3.59733324708964,0.700757727793742,..,..
Sub-Saharan Africa,SSF,2025,YR2025,..,..,..,..,..,..,..,..
Sub-Saharan Africa (excluding high income),SSA,2011,YR2011,37.3485816035098,13.7046137674438,67.7396369252933,..,4.25581560877077,0.90388154961358,40.7804102708655,20261951.989
Sub-Saharan Africa (excluding high income),SSA,2012,YR2012,37.6472467808928,14.2018805826388,66.674351242875,..,3.17446516095201,0.906158217497468,37.302868745376,22761875.12
Sub-Saharan Africa (excluding high income),SSA,2013,YR2013,38.8415744954024,14.7230077730369,65.5633636661379,..,4.95044884584945,0.928111428677189,38.340658178631,22761847.278
Sub-Saharan Africa (excluding high income),SSA,2014,YR2014,39.6059458734454,15.3743048872347,65.3661479603073,..,4.54350142914694,0.938083208480469,39.3972674043535,22761834.185
Sub-Saharan Africa (excluding high income),SSA,2015,YR2015,40.343402663759,16.105613510031,65.7662775656608,..,2.66333358756611,0.899625460923381,40.4751402687706,22761886.775
Sub-Saharan Africa (excluding high income),SSA,2016,YR2016,43.9294742312831,16.9324794379704,65.7628766382921,..,0.914986377156993,0.889025140082932,41.5612196237525,22761875.459
Sub-Saharan Africa (excluding high income),SSA,2017,YR2017,43.6966106335647,17.8656089674595,65.5572534348578,..,2.20658288443376,0.871107639327737,42.6669406215545,22761869.233
Sub-Saharan Africa (excluding high income),SSA,2018,YR2018,46.5941222062837,18.9503122817198,65.4505889650284,..,2.61514307100069,0.868424187850594,43.8116831200619,22761875.714
Sub-Saharan Africa (excluding high income),SSA,2019,YR2019,47.1016223972235,20.1784785150937,66.056261685499,..,2.33076955183513,0.863844388589357,44.9646949255304,22761871.546
Sub-Saharan Africa (excluding high income),SSA,2020,YR2020,48.2508517332199,21.3656772607542,68.169313816785,..,-3.68262496685315,0.799917751630899,46.1298310381034,22761828.829
Sub-Saharan Africa (excluding high income),SSA,2021,YR2021,50.2501732333213,22.5230313472748,..,..,3.54849305203753,0.813673465919792,47.3061257586537,22761831.829
Sub-Saharan Africa (excluding high income),SSA,2022,YR2022,51.1489934048537,23.6042334523321,..,..,3.98372703715641,0.785921917383209,48.4892611584016,22761831.829
Sub-Saharan Africa (excluding high income),SSA,2023,YR2023,53.0069667981858,24.5260036628811,..,..,2.50028576028929,0.760236343295244,..,..
Sub-Saharan Africa (excluding high income),SSA,2024,YR2024,..,..,..,..,3.36470475625492,0.763869291421248,..,..
Sub-Saharan Africa (excluding high income),SSA,2025,YR2025,..,..,..,..,..,..,..,..
Sub-Saharan Africa (IDA & IBRD countries),TSS,2011,YR2011,35.9008197096736,12.587901123864,69.9549214765695,..,4.45162930662151,0.820806262423885,42.9867084755922,21390987.089
Sub-Saharan Africa (IDA & IBRD countries),TSS,2012,YR2012,36.7762778723704,13.0742788947517,68.9684304535012,..,3.33566308216497,0.823718700789852,39.5535383299947,23890917.22
Sub-Saharan Africa (IDA & IBRD countries),TSS,2013,YR2013,38.0320042025018,13.5832686273296,67.8510971013982,..,5.12180100852353,0.844573776254911,40.6528738701164,23890879.378
Sub-Saharan Africa (IDA & IBRD countries),TSS,2014,YR2014,38.3544769303453,14.2093179418386,67.6303707658131,..,4.72930309699868,0.855375586326418,41.7717146368414,23890832.485
Sub-Saharan Africa (IDA & IBRD countries),TSS,2015,YR2015,39.1996500160838,14.9172432601717,68.0255515815612,..,2.93349224419011,0.821698661432007,42.9139005765658,23890886.175
Sub-Saharan Africa (IDA & IBRD countries),TSS,2016,YR2016,43.8301651403807,15.7000199184262,67.9625238161754,..,1.23789307986235,0.814333926872875,44.068009585861,23890893.959
Sub-Saharan Africa (IDA & IBRD countries),TSS,2017,YR2017,43.7628194566177,16.5879074721228,67.8175544668556,..,2.50364867338814,0.797707355433522,45.2449451429594,23890882.033
Sub-Saharan Africa (IDA & IBRD countries),TSS,2018,YR2018,46.4166752425457,17.6023274833175,67.6660713231228,..,2.79599960832637,0.796189183204302,46.4610849355483,23890897.114
Sub-Saharan Africa (IDA & IBRD countries),TSS,2019,YR2019,47.1974168154517,18.7348388997508,68.1693850218034,..,2.60045190740459,0.792370673709498,47.6882621146341,23890902.446
Sub-Saharan Africa (IDA & IBRD countries),TSS,2020,YR2020,48.5450389491045,19.8295773531226,70.2701133853785,..,-3.23642852363861,0.734004432071765,48.9314926208051,23890860.229
Sub-Saharan Africa (IDA & IBRD countries),TSS,2021,YR2021,50.6566448640617,20.8972425001111,..,..,3.65270461847631,0.746695685319082,50.1870490616922,23890863.229
Sub-Saharan Africa (IDA & IBRD countries),TSS,2022,YR2022,51.5873775845363,21.9077839844353,..,..,4.0614075605038,0.720694535900452,51.4509903312293,23890863.229
Sub-Saharan Africa (IDA & IBRD countries),TSS,2023,YR2023,53.2558710664349,22.7531963369271,..,..,2.71598839668872,0.697699700134151,..,..
Sub-Saharan Africa (IDA & IBRD countries),TSS,2024,YR2024,..,..,..,..,3.59733324708964,0.700757727793742,..,..
Sub-Saharan Africa (IDA & IBRD countries),TSS,2025,YR2025,..,..,..,..,..,..,..,..
Upper middle income,UMC,2011,YR2011,98.4156997389488,69.6553192019644,14.378550940055,..,6.91230216658607,5.726240578719,59.4396222811177,43653597.557
Upper middle income,UMC,2012,YR2012,98.6507857543902,71.8346812010175,14.2589863945024,..,5.78004359971993,5.8580829143318,59.9814680244093,43653382.557
Upper middle income,UMC,2013,YR2013,98.8163975569597,73.9918858978734,14.1934413509233,..,5.66741400374929,6.02118956071597,60.5369880313736,43650792.663
Upper middle income,UMC,2014,YR2014,98.9184889422887,76.2595187780333,14.3687879721054,..,4.98650926608535,6.02344710339996,61.0682907097663,43650631.531
Upper middle income,UMC,2015,YR2015,98.9983511185364,78.2468999712865,14.5429189160572,..,4.50970067372548,5.89568417084084,61.5775169432308,43650720.01
Upper middle income,UMC,2016,YR2016,99.0344942337774,80.1621232356569,14.9096847055022,..,4.56594224373168,5.86527310533092,62.0694204456148,43650676.01
Upper middle income,UMC,2017,YR2017,99.1608269162571,82.0711014698116,15.1318149947337,..,5.36349627990562,5.94421227535642,62.5777070078512,43644138.01
Upper middle income,UMC,2018,YR2018,99.1796087241328,83.8590597543787,15.3128112264645,..,4.91536338812493,6.12153305997666,63.045577325264,43644216.91
Upper middle income,UMC,2019,YR2019,99.2771270394009,85.3554682046079,15.8640951439244,..,4.20032824786712,6.22134433613929,63.4671118119566,43644093.53
Upper middle income,UMC,2020,YR2020,99.2175769160247,86.8641038502053,16.5853427587953,..,-0.379702218317163,6.16596169170076,63.8132323683068,43640978.033
Upper middle income,UMC,2021,YR2021,99.4356373038317,88.0809187587392,..,..,7.70448199039548,6.46329979017962,64.0461688697748,43656074.1
Upper middle income,UMC,2022,YR2022,99.5088717815517,89.1343667770246,..,..,3.45482027640851,6.45608153815997,64.2108039852195,43654745.931
Upper middle income,UMC,2023,YR2023,99.4286124139067,90.128369994347,..,..,4.58560028646708,6.66445464243171,..,..
Upper middle income,UMC,2024,YR2024,..,..,..,..,4.17952127549748,6.71718246122585,..,..
Upper middle income,UMC,2025,YR2025,..,..,..,..,..,..,..,..
World,WLD,2011,YR2011,84.5062333878765,58.3130334845191,16.6987205578704,..,3.33900335400304,4.76232754519287,55.6095936956326,127444197.359
World,WLD,2012,YR2012,84.93629043483,59.6211121970968,16.8962150785112,..,2.73120979279713,4.77385868425967,55.2308498493572,129944210.592
World,WLD,2013,YR2013,85.7106877963555,61.0627496030153,17.1692464159295,..,2.88814205849086,4.80903716920815,55.9162381350838,129942438.446
World,WLD,2014,YR2014,86.1955840187905,62.4390436750468,17.3299951573821,..,3.13301748764174,4.77690089127195,56.5950830182581,129941818.932
World,WLD,2015,YR2015,86.9239995427518,63.9449625067399,17.4035082673572,..,3.11378907834442,4.6979632206542,57.2677024052238,129945451.842
World,WLD,2016,YR2016,88.1044791994569,65.3976911802573,17.6281084915531,..,2.79359207247063,4.64960332789754,57.9344044255455,129955249.556
World,WLD,2017,YR2017,88.9317628469647,66.8618369839326,17.8541835016377,..,3.45183009055707,4.67177747634658,58.5967120693699,129947963.65
World,WLD,2018,YR2018,89.7973878560124,68.324904878855,18.1052270747944,..,3.27395826417856,4.73428080473987,59.2328051474011,129948830.16
World,WLD,2019,YR2019,90.1083920202658,69.6893832205839,18.5751641385934,..,2.67911757479919,4.70069318784206,59.8544799078542,129948645.999
World,WLD,2020,YR2020,90.3956876080963,71.05987164834,19.7355641050053,..,-2.8992231033702,4.47400584361336,60.4468430446648,129944725.454
World,WLD,2021,YR2021,91.3342664591051,72.2764141456031,..,..,6.41334961541973,4.68420055184532,61.0288760939611,129783069.277
World,WLD,2022,YR2022,91.2883104888965,73.3585439353749,..,..,3.40305483746891,4.66731333968557,61.591254360527,129718826.154
World,WLD,2023,YR2023,91.5991774421991,74.4233687014423,..,..,2.9485947500487,4.67693780495436,..,..
World,WLD,2024,YR2024,..,..,..,..,2.87194964204313,4.69325586829798,..,..
World,WLD,2025,YR2025,..,..,..,..,..,..,..,..
,,,,,,,,,,,
,,,,,,,,,,,
,,,,,,,,,,,
Data from database: World Development Indicators,,,,,,,,,,,
Last Updated: 02/24/2026,,,,,,,,,,,
